1785855979,9,ok
1785855979,6,ok
1785855979,11,ok
1785855980,5,ok
1785855980,13,ok
1785855980,3,ok
1785855980,2,missing
1785855980,15,missing
1785855981,16,missing
1785855981,1,missing
1785855981,4,ok
1785855981,8,missing
1785855982,12,missing
1785855982,24,ok
1785855982,14,missing
1785855983,19,missing
1785855983,26,ok
1785855983,7,missing
1785855983,18,missing
1785855983,30,ok
1785855983,22,missing
1785855983,10,missing
1785855984,28,ok
1785855984,21,missing
1785855984,17,missing
1785855984,25,missing
1785855984,39,ok
1785855985,23,missing
1785855985,20,missing
1785855985,27,missing
1785855985,31,missing
1785855985,29,missing
1785855986,32,missing
1785855986,48,ok
1785855986,34,missing
1785855987,35,missing
1785855987,51,ok
1785855987,41,missing
1785855987,33,missing
1785855988,42,missing
1785855988,36,missing
1785855988,44,missing
1785855988,37,missing
1785855988,40,missing
1785855988,46,missing
1785855988,38,missing
1785855988,47,missing
1785855989,43,missing
1785855989,49,missing
1785855989,45,missing
1785855990,65,ok
1785855990,50,missing
1785855990,58,ok
1785855990,54,missing
1785855991,52,missing
1785855991,68,ok
1785855991,55,missing
1785855991,57,missing
1785855991,53,missing
1785855991,72,ok
1785855992,70,ok
1785855992,60,missing
1785855992,56,missing
1785855992,59,missing
1785855992,63,missing
1785855992,61,missing
1785855992,62,missing
1785855993,64,ok
1785855993,67,missing
1785855993,74,ok
1785855993,66,missing
1785855994,69,missing
1785855994,73,missing
1785855994,75,missing
1785855995,71,missing
1785855995,76,missing
1785855995,77,missing
1785855995,78,missing
1785855996,83,missing
1785855996,80,missing
1785855996,82,missing
1785855996,81,missing
1785855996,85,missing
1785855997,84,missing
1785855997,97,ok
1785855997,79,missing
1785855997,96,ok
1785855998,98,ok
1785855998,99,ok
1785855998,90,missing
1785855998,87,missing
1785855998,86,missing
1785855998,88,missing
1785855998,89,missing
1785855999,94,missing
1785855999,92,missing
1785855999,93,missing
1785855999,108,ok
1785855999,95,missing
1785856000,91,missing
1785856000,113,ok
1785856000,101,missing
1785856000,103,missing
1785856001,102,missing
1785856001,107,missing
1785856002,100,missing
1785856002,109,missing
1785856002,110,missing
1785856002,104,missing
1785856002,105,missing
1785856002,111,missing
1785856002,106,missing
1785856002,114,missing
1785856003,128,ok
1785856003,116,missing
1785856003,126,ok
1785856003,115,missing
1785856003,125,ok
1785856003,117,missing
1785856004,119,missing
1785856004,118,missing
1785856004,112,missing
1785856004,130,ok
1785856004,129,ok
1785856201,163,ok
1785856201,165,ok
1785856201,157,ok
1785856201,162,ok
1785856201,167,ok
1785856202,160,ok
1785856203,170,ok
1785856203,152,missing
1785856203,164,missing
1785856203,155,missing
1785856203,158,missing
1785856203,161,missing
1785856203,151,missing
1785856204,154,missing
1785856204,153,missing
1785856204,150,missing
1785856204,166,missing
1785856204,173,ok
1785856204,159,missing
1785856205,174,ok
1785856205,168,missing
1785856205,179,ok
1785856205,185,ok
1785856205,156,missing
1785856206,181,ok
1785856206,188,ok
1785856206,169,missing
1785856206,172,missing
1785856207,176,missing
1785856207,177,missing
1785856207,191,ok
1785856207,171,missing
1785856207,190,ok
1785856207,175,missing
1785856207,193,ok
1785856208,180,missing
1785856208,178,missing
1785856208,182,missing
1785856208,184,missing
1785856208,183,missing
1785856209,202,ok
1785856209,187,missing
1785856209,192,missing
1785856210,189,missing
1785856210,194,missing
1785856210,195,missing
1785856210,208,ok
1785856210,186,missing
1785856210,196,missing
1785856210,197,missing
1785856210,205,ok
1785856210,198,missing
1785856211,199,missing
1785856211,201,missing
1785856211,215,ok
1785856211,203,missing
1785856211,217,ok
1785856212,200,missing
1785856212,204,missing
1785856212,213,ok
1785856212,206,missing
1785856212,207,missing
1785856213,209,missing
1785856213,226,ok
1785856213,227,ok
1785856213,212,missing
1785856213,225,ok
1785856213,214,missing
1785856213,210,missing
1785856213,228,ok
1785856213,216,missing
1785856214,220,missing
1785856214,229,ok
1785856214,232,ok
1785856214,211,missing
1785856215,221,missing
1785856215,237,ok
1785856215,239,ok
1785856215,219,missing
1785856215,218,missing
1785856215,223,missing
1785856216,222,missing
1785856216,224,missing
1785856216,243,ok
1785856216,238,ok
1785856216,245,ok
1785856217,234,missing
1785856217,231,missing
1785856218,230,missing
1785856218,233,missing
1785856218,236,missing
1785856218,242,missing
1785856218,241,missing
1785856219,240,missing
1785856219,247,missing
1785856219,235,missing
1785856219,244,missing
1785856219,246,missing
1785856219,249,missing
1785856219,250,missing
1785856220,264,ok
1785856220,259,ok
1785856220,251,missing
1785856220,260,ok
1785856220,253,missing
1785856220,252,missing
1785856220,261,ok
1785856221,265,ok
1785856221,248,missing
1785856221,262,ok
1785856221,254,missing
1785856221,257,missing
1785856221,255,missing
1785856222,256,missing
1785856222,258,missing
1785856223,263,missing
1785856223,266,missing
1785856223,269,missing
1785856223,270,missing
1785856224,268,missing
1785856224,271,missing
1785856224,272,missing
1785856224,267,missing
1785856224,273,missing
1785856225,275,missing
1785856225,276,missing
1785856225,288,ok
1785856225,278,missing
1785856225,274,missing
1785856225,285,ok
1785856226,290,ok
1785856226,277,missing
1785856226,279,missing
1785856226,292,ok
1785856226,281,missing
1785856226,295,ok
1785856226,291,ok
1785856226,280,missing
1785856226,297,ok
1785856226,283,missing
1785856227,300,ok
1785856227,282,missing
1785856227,299,ok
1785856227,294,ok
1785856227,284,missing
1785856227,306,ok
1785856228,286,missing
1785856228,287,missing
1785856228,309,ok
1785856228,307,ok
1785856228,305,ok
1785856228,308,ok
1785856228,289,missing
1785856229,293,missing
1785856229,296,missing
1785856229,302,missing
1785856230,301,missing
1785856230,298,missing
1785856230,320,ok
1785856230,304,missing
1785856230,319,ok
1785856231,303,missing
1785856231,311,missing
1785856231,310,missing
1785856231,312,missing
1785856231,313,missing
1785856232,327,ok
1785856232,322,ok
1785856232,315,missing
1785856232,314,missing
1785856232,318,missing
1785856232,317,missing
1785856233,321,missing
1785856233,316,missing
1785856234,323,missing
1785856234,325,missing
1785856234,326,missing
1785856234,324,missing
1785856234,329,missing
1785856235,332,missing
1785856235,330,missing
1785856235,331,missing
1785856235,328,missing
1785856236,336,missing
1785856236,338,missing
1785856236,335,missing
1785856236,339,missing
1785856237,334,missing
1785856237,351,ok
1785856237,333,missing
1785856237,348,ok
1785856237,337,missing
1785856237,342,missing
1785856238,340,missing
1785856238,344,missing
1785856238,341,missing
1785856239,345,missing
1785856239,343,missing
1785856239,346,missing
1785856239,347,missing
1785856239,362,ok
1785856239,349,missing
1785856240,352,missing
1785856240,353,missing
1785856240,350,missing
1785856240,354,missing
1785856241,356,missing
1785856241,370,ok
1785856241,358,missing
1785856241,357,missing
1785856241,360,missing
1785856241,367,ok
1785856241,355,missing
1785856241,372,ok
1785856241,373,ok
1785856242,363,missing
1785856242,359,missing
1785856242,361,missing
1785856243,364,missing
1785856243,377,ok
1785856243,368,missing
1785856243,365,missing
1785856243,381,ok
1785856243,366,missing
1785856243,371,missing
1785856244,369,missing
1785856244,388,ok
1785856244,375,missing
1785856244,383,ok
1785856245,380,missing
1785856245,374,missing
1785856245,393,ok
1785856245,379,missing
1785856245,376,missing
1785856246,378,missing
1785856246,382,missing
1785856246,389,missing
1785856246,400,ok
1785856247,386,missing
1785856247,390,missing
1785856247,384,missing
1785856247,391,missing
1785856247,385,missing
1785856247,392,missing
1785856247,402,ok
1785856247,387,missing
1785856248,407,ok
1785856248,410,ok
1785856248,396,missing
1785856248,398,missing
1785856248,395,missing
1785856249,397,missing
1785856249,399,missing
1785856249,414,ok
1785856249,401,missing
1785856249,394,missing
1785856250,418,ok
1785856250,406,missing
1785856250,403,missing
1785856250,405,missing
1785856250,422,ok
1785856251,409,missing
1785856251,408,missing
1785856251,411,missing
1785856251,424,ok
1785856251,412,missing
1785856251,404,missing
1785856251,428,ok
1785856251,425,ok
1785856252,415,missing
1785856252,413,missing
1785856252,419,missing
1785856252,417,missing
1785856253,420,missing
1785856253,421,missing
1785856253,438,ok
1785856254,440,ok
1785856254,423,missing
1785856254,426,missing
1785856254,439,ok
1785856254,427,missing
1785856254,429,missing
1785856254,416,missing
1785856255,433,missing
1785856255,431,missing
1785856255,430,missing
1785856255,442,ok
1785856255,434,missing
1785856255,436,missing
1785856256,437,missing
1785856256,435,missing
1785856256,450,ok
1785856256,432,missing
1785856256,441,missing
1785856257,459,ok
1785856257,443,missing
1785856257,444,missing
1785856257,445,missing
1785856258,449,missing
1785856258,446,missing
1785856258,448,missing
1785856258,451,missing
1785856258,453,missing
1785856259,452,missing
1785856259,454,missing
1785856259,447,missing
1785856259,468,ok
1785856259,455,missing
1785856260,471,ok
1785856260,456,missing
1785856261,458,missing
1785856261,463,missing
1785856261,461,missing
1785856261,466,missing
1785856261,462,missing
1785856261,460,missing
1785856262,464,missing
1785856262,467,missing
1785856262,457,missing
1785856262,465,missing
1785856263,473,missing
1785856263,470,missing
1785856263,469,missing
1785856263,486,ok
1785856263,474,missing
1785856264,472,missing
1785856264,489,ok
1785856264,475,missing
1785856264,476,missing
1785856265,488,ok
1785856265,478,missing
1785856265,479,missing
1785856265,477,missing
1785856265,480,missing
1785856265,483,missing
1785856265,485,missing
1785856266,484,missing
1785856266,482,missing
1785856266,501,ok
1785856266,481,missing
1785856266,487,missing
1785856267,490,missing
1785856268,494,missing
1785856268,491,missing
1785856268,495,missing
1785856268,493,missing
1785856269,492,missing
1785856269,508,ok
1785856269,498,missing
1785856269,499,missing
1785856269,503,missing
1785856269,504,missing
1785856269,500,missing
1785856270,506,missing
1785856270,505,missing
1785856270,507,missing
1785856270,502,missing
1785856270,496,missing
1785856270,497,missing
1785856271,509,missing
1785856271,523,ok
1785856272,510,missing
1785856272,512,missing
1785856272,513,missing
1785856272,514,missing
1785856272,511,missing
1785856273,527,ok
1785856273,515,missing
1785856273,521,missing
1785856273,516,missing
1785856273,519,missing
1785856273,518,missing
1785856273,528,ok
1785856274,522,missing
1785856274,517,missing
1785856274,524,missing
1785856275,535,ok
1785856275,526,missing
1785856275,529,missing
1785856276,532,missing
1785856276,530,missing
1785856276,525,missing
1785856276,531,missing
1785856277,534,missing
1785856277,538,missing
1785856277,520,missing
1785856277,539,missing
1785856277,537,missing
1785856277,540,missing
1785856277,533,missing
1785856277,536,missing
1785856278,541,missing
1785856278,542,missing
1785856278,543,missing
1785856279,546,missing
1785856279,545,missing
1785856280,544,missing
1785856280,550,missing
1785856280,548,missing
1785856281,547,missing
1785856281,551,missing
1785856281,549,missing
1785856281,554,missing
1785856281,552,missing
1785856281,555,missing
1785856282,557,missing
1785856282,566,ok
1785856282,558,missing
1785856282,570,ok
1785856282,556,missing
1785856282,574,ok
1785856282,553,missing
1785856282,559,missing
1785856283,561,missing
1785856283,560,missing
1785856283,562,missing
1785856284,564,missing
1785856284,563,missing
1785856284,572,ok
1785856284,567,missing
1785856284,565,missing
1785856284,580,ok
1785856285,569,missing
1785856285,573,missing
1785856286,577,missing
1785856286,575,missing
1785856286,571,missing
1785856286,578,missing
1785856286,581,missing
1785856286,568,missing
1785856287,576,missing
1785856287,586,missing
1785856288,585,missing
1785856288,579,missing
1785856288,588,missing
1785856288,587,missing
1785856288,582,missing
1785856288,589,missing
1785856288,583,missing
1785856289,584,missing
1785856289,590,missing
1785856289,591,missing
1785856290,594,missing
1785856290,593,missing
1785856290,596,missing
1785856290,595,missing
1785856290,592,missing
1785856291,609,ok
1785856291,598,missing
1785856291,599,missing
1785856291,601,missing
1785856291,602,missing
1785856292,600,missing
1785856292,605,missing
1785856292,604,missing
1785856292,603,missing
1785856293,607,missing
1785856293,610,missing
1785856293,597,missing
1785856293,616,ok
1785856294,606,missing
1785856294,612,missing
1785856294,608,missing
1785856295,617,missing
1785856295,620,missing
1785856295,611,missing
1785856295,621,missing
1785856296,613,missing
1785856296,615,missing
1785856296,614,missing
1785856296,619,missing
1785856296,624,missing
1785856296,623,missing
1785856296,618,missing
1785856297,628,missing
1785856298,638,ok
1785856298,627,missing
1785856298,625,missing
1785856298,626,missing
1785856299,622,missing
1785856299,634,missing
1785856299,632,missing
1785856299,629,missing
1785856299,635,missing
1785856299,630,missing
1785856300,633,missing
1785856300,631,missing
1785856300,637,missing
1785856300,636,missing
1785856301,639,missing
1785856301,641,missing
1785856301,644,missing
1785856301,654,ok
1785856302,642,missing
1785856302,646,missing
1785856302,643,missing
1785856303,649,missing
1785856303,651,missing
1785856303,652,missing
1785856303,640,missing
1785856304,647,missing
1785856304,650,missing
1785856304,645,missing
1785856304,648,missing
1785856304,655,missing
1785856304,653,missing
1785856304,656,missing
1785856305,657,missing
1785856305,658,missing
1785856305,669,ok
1785856305,659,missing
1785856305,660,missing
1785856305,671,ok
1785856306,661,missing
1785856306,662,missing
1785856307,665,missing
1785856307,664,missing
1785856307,663,missing
1785856307,666,missing
1785856308,672,missing
1785856308,668,missing
1785856308,670,missing
1785856308,673,missing
1785856309,674,missing
1785856309,677,missing
1785856309,678,missing
1785856309,675,missing
1785856309,667,missing
1785856310,679,missing
1785856310,676,missing
1785856310,689,ok
1785856310,681,missing
1785856310,684,missing
1785856310,692,ok
1785856311,682,missing
1785856311,683,missing
1785856311,680,missing
1785856312,685,missing
1785856312,687,missing
1785856312,686,missing
1785856312,690,missing
1785856312,688,missing
1785856312,691,missing
1785856313,702,ok
1785856313,694,missing
1785856314,695,missing
1785856315,697,missing
1785856315,701,missing
1785856315,696,missing
1785856315,693,missing
1785856315,699,missing
1785856315,705,missing
1785856315,711,ok
1785856315,700,missing
1785856315,707,missing
1785856315,713,ok
1785856316,706,missing
1785856316,709,missing
1785856316,703,missing
1785856317,708,missing
1785856317,704,missing
1785856317,710,missing
1785856318,698,missing
1785856319,714,missing
1785856319,716,missing
1785856319,715,missing
1785856319,718,missing
1785856319,717,missing
1785856319,719,missing
1785856319,720,missing
1785856320,724,missing
1785856320,722,missing
1785856320,723,missing
1785856320,731,ok
1785856320,732,ok
1785856320,725,missing
1785856320,712,missing
1785856321,721,missing
1785856321,728,missing
1785856321,727,missing
1785856321,726,missing
1785856322,730,missing
1785856322,745,ok
1785856322,733,missing
1785856323,736,missing
1785856323,735,missing
1785856323,734,missing
1785856323,739,missing
1785856323,737,missing
1785856324,740,missing
1785856324,729,missing
1785856324,754,ok
1785856324,742,missing
1785856324,744,missing
1785856325,755,ok
1785856325,741,missing
1785856325,746,missing
1785856325,759,ok
1785856325,743,missing
1785856325,747,missing
1785856326,738,missing
1785856326,749,missing
1785856326,748,missing
1785856327,750,missing
1785856327,753,missing
1785856327,751,missing
1785856327,752,missing
1785856328,771,ok
1785856328,757,missing
1785856328,760,missing
1785856328,761,missing
1785856328,756,missing
1785856328,758,missing
1785856329,762,missing
1785856329,772,ok
1785856329,763,missing
1785856329,764,missing
1785856329,765,missing
1785856329,775,ok
1785856329,767,missing
1785856329,766,missing
1785856330,778,ok
1785856330,768,missing
1785856330,769,missing
1785856330,784,ok
1785856330,788,ok
1785856331,782,ok
1785856331,789,ok
1785856331,770,missing
1785856331,773,missing
1785856332,776,missing
1785856332,777,missing
1785856333,786,missing
1785856333,781,missing
1785856333,779,missing
1785856333,796,ok
1785856333,780,missing
1785856333,783,missing
1785856333,795,ok
1785856333,785,missing
1785856333,787,missing
1785856334,791,missing
1785856334,801,ok
1785856334,794,missing
1785856334,774,missing
1785856334,800,ok
1785856334,790,missing
1785856334,792,missing
1785856335,799,ok
1785856335,797,missing
1785856336,793,missing
1785856336,798,missing
1785856336,802,missing
1785856337,808,missing
1785856337,809,missing
1785856337,806,missing
1785856337,805,missing
1785856337,807,missing
1785856338,812,missing
1785856338,810,missing
1785856338,804,missing
1785856338,811,missing
1785856339,814,missing
1785856339,826,ok
1785856339,813,missing
1785856339,816,missing
1785856340,815,missing
1785856340,823,missing
1785856341,818,missing
1785856341,819,missing
1785856341,817,missing
1785856341,822,missing
1785856341,825,missing
1785856341,820,missing
1785856341,827,missing
1785856341,824,missing
1785856342,837,ok
1785856342,821,missing
1785856342,803,missing
1785856343,829,missing
1785856343,832,missing
1785856343,830,missing
1785856343,831,missing
1785856344,844,ok
1785856344,828,missing
1785856344,833,missing
1785856344,836,missing
1785856344,834,missing
1785856345,841,missing
1785856345,835,missing
1785856345,846,ok
1785856345,843,missing
1785856345,838,missing
1785856346,840,missing
1785856346,839,missing
1785856346,842,missing
1785856346,845,missing
1785856347,849,missing
1785856347,847,missing
1785856347,850,missing
1785856347,848,missing
1785856348,853,missing
1785856348,855,missing
1785856348,852,missing
1785856348,858,missing
1785856348,854,missing
1785856349,856,missing
1785856349,851,missing
1785856349,857,missing
1785856349,861,missing
1785856349,860,missing
1785856349,859,missing
1785856350,862,missing
1785856350,863,missing
1785856350,864,missing
1785856350,877,ok
1785856351,879,ok
1785856351,865,missing
1785856351,866,missing
1785856351,868,missing
1785856352,870,missing
1785856352,869,missing
1785856352,872,missing
1785856352,873,missing
1785856353,889,ok
1785856353,871,missing
1785856353,875,missing
1785856353,886,ok
1785856353,874,missing
1785856353,867,missing
1785856353,878,missing
1785856354,876,missing
1785856354,880,missing
1785856354,881,missing
1785856354,891,ok
1785856354,883,missing
1785856355,882,missing
1785856355,884,missing
1785856355,887,missing
1785856355,888,missing
1785856355,885,missing
1785856356,901,ok
1785856357,890,missing
1785856357,893,missing
1785856357,896,missing
1785856357,895,missing
1785856357,892,missing
1785856357,898,missing
1785856357,899,missing
1785856357,894,missing
1785856358,906,ok
1785856358,902,missing
1785856358,909,ok
1785856358,903,missing
1785856358,897,missing
1785856358,908,ok
1785856358,904,missing
1785856358,912,ok
1785856358,905,missing
1785856359,919,ok
1785856359,900,missing
1785856359,907,missing
1785856360,910,missing
1785856361,915,missing
1785856361,911,missing
1785856361,927,ok
1785856361,920,missing
1785856361,913,missing
1785856361,916,missing
1785856362,918,missing
1785856362,922,missing
1785856362,930,ok
1785856362,914,missing
1785856362,923,missing
1785856362,929,ok
1785856362,924,missing
1785856362,921,missing
1785856362,925,missing
1785856362,926,missing
1785856362,917,missing
1785856363,936,ok
1785856364,928,missing
1785856364,932,missing
1785856365,933,missing
1785856365,935,missing
1785856365,946,ok
1785856365,938,missing
1785856365,934,missing
1785856365,939,missing
1785856365,940,missing
1785856366,937,missing
1785856366,942,missing
1785856366,945,missing
1785856366,955,ok
1785856366,931,missing
1785856367,941,missing
1785856367,943,missing
1785856367,944,missing
1785856368,963,ok
1785856368,949,missing
1785856368,948,missing
1785856368,953,missing
1785856369,954,missing
1785856369,957,missing
1785856369,952,missing
1785856369,951,missing
1785856369,960,missing
1785856370,966,ok
1785856370,950,missing
1785856370,956,missing
1785856370,959,missing
1785856370,947,missing
1785856370,971,ok
1785856370,961,missing
1785856370,958,missing
1785856370,962,missing
1785856371,973,ok
1785856371,964,missing
1785856372,965,missing
1785856372,968,missing
1785856372,969,missing
1785856372,967,missing
1785856373,974,missing
1785856373,977,missing
1785856373,975,missing
1785856373,979,missing
1785856373,970,missing
1785856373,976,missing
1785856373,980,missing
1785856374,972,missing
1785856374,989,ok
1785856374,993,ok
1785856374,978,missing
1785856375,983,missing
1785856375,982,missing
1785856375,985,missing
1785856376,981,missing
1785856376,987,missing
1785856376,984,missing
1785856376,986,missing
1785856376,990,missing
1785856377,991,missing
1785856377,994,missing
1785856377,992,missing
1785856377,988,missing
1785856377,996,missing
1785856377,1000,error
1785856377,997,missing
1785856378,998,missing
1785856378,995,missing
1785856378,999,missing
1785856379,1001,missing
1785856379,1005,missing
1785856380,1003,missing
1785856380,1008,missing
1785856380,1009,missing
1785856380,1004,missing
1785856381,1011,missing
1785856381,1002,missing
1785856381,1006,missing
1785856381,1012,missing
1785856381,1010,missing
1785856381,1016,missing
1785856381,1015,missing
1785856381,1025,ok
1785856382,1027,ok
1785856382,1013,missing
1785856382,1007,missing
1785856382,1017,missing
1785856383,1018,missing
1785856384,1022,missing
1785856384,1019,missing
1785856384,1026,missing
1785856384,1020,missing
1785856384,1024,missing
1785856385,1021,missing
1785856385,1023,missing
1785856385,1029,missing
1785856385,1030,missing
1785856385,1014,missing
1785856385,1028,missing
1785856385,1031,missing
1785856385,1032,missing
1785856386,1046,ok
1785856386,1035,missing
1785856387,1034,missing
1785856387,1033,missing
1785856387,1039,missing
1785856388,1038,missing
1785856388,1037,missing
1785856388,1042,missing
1785856388,1040,missing
1785856388,1053,ok
1785856389,1051,ok
1785856389,1041,missing
1785856389,1045,missing
1785856389,1043,missing
1785856389,1044,missing
1785856389,1049,missing
1785856389,1047,missing
1785856389,1058,ok
1785856389,1048,missing
1785856389,1036,missing
1785856391,1068,ok
1785856391,1054,missing
1785856391,1050,missing
1785856391,1067,ok
1785856391,1055,missing
1785856392,1057,missing
1785856392,1056,missing
1785856392,1072,ok
1785856392,1052,missing
1785856392,1059,missing
1785856393,1064,missing
1785856393,1062,missing
1785856393,1066,missing
1785856393,1065,missing
1785856393,1063,missing
1785856393,1061,missing
1785856394,1060,missing
1785856394,1070,missing
1785856394,1071,missing
1785856395,1073,missing
1785856395,1084,ok
1785856395,1069,missing
1785856395,1086,ok
1785856396,1077,missing
1785856396,1080,missing
1785856396,1081,missing
1785856396,1091,ok
1785856396,1082,missing
1785856396,1078,missing
1785856396,1075,missing
1785856396,1083,missing
1785856396,1079,missing
1785856397,1076,missing
1785856397,1074,missing
1785856397,1090,ok
1785856397,1085,missing
1785856398,1089,missing
1785856399,1088,missing
1785856399,1092,missing
1785856400,1094,missing
1785856400,1096,missing
1785856400,1100,missing
1785856400,1087,missing
1785856400,1101,missing
1785856400,1095,missing
1785856400,1099,missing
1785856400,1093,missing
1785856400,1103,missing
1785856401,1098,missing
1785856401,1104,missing
1785856401,1097,missing
1785856401,1102,missing
1785856401,1116,ok
1785856403,1107,missing
1785856403,1118,ok
1785856403,1109,missing
1785856403,1105,missing
1785856403,1112,missing
1785856403,1115,missing
1785856403,1106,missing
1785856404,1111,missing
1785856404,1110,missing
1785856404,1114,missing
1785856404,1124,ok
1785856404,1113,missing
1785856405,1119,missing
1785856405,1108,missing
1785856405,1120,missing
1785856405,1121,missing
1785856405,1125,ok
1785856406,1117,missing
1785856407,1130,missing
1785856407,1123,missing
1785856407,1122,missing
1785856407,1131,missing
1785856407,1132,missing
1785856407,1139,ok
1785856407,1126,missing
1785856407,1129,missing
1785856408,1136,missing
1785856408,1128,missing
1785856408,1134,missing
1785856408,1137,missing
1785856408,1135,missing
1785856408,1133,missing
1785856408,1138,missing
1785856409,1127,missing
1785856410,1143,missing
1785856410,1145,missing
1785856410,1144,missing
1785856411,1141,missing
1785856411,1140,missing
1785856411,1142,missing
1785856411,1147,missing
1785856411,1146,missing
1785856412,1149,missing
1785856412,1151,missing
1785856412,1154,missing
1785856412,1148,missing
1785856412,1161,ok
1785856412,1162,ok
1785856412,1152,missing
1785856412,1150,missing
1785856413,1153,missing
1785856414,1155,missing
1785856414,1158,missing
1785856414,1159,missing
1785856414,1163,missing
1785856415,1156,missing
1785856415,1160,missing
1785856415,1167,missing
1785856416,1169,missing
1785856416,1168,missing
1785856416,1170,missing
1785856416,1157,missing
1785856416,1165,missing
1785856416,1164,missing
1785856416,1172,missing
1785856417,1174,missing
1785856417,1171,missing
1785856417,1166,missing
1785856418,1176,missing
1785856418,1173,missing
1785856418,1175,missing
1785856418,1177,missing
1785856419,1178,missing
1785856419,1192,ok
1785856419,1182,missing
1785856419,1180,missing
1785856420,1179,missing
1785856420,1183,missing
1785856420,1193,ok
1785856420,1184,missing
1785856420,1181,missing
1785856421,1187,missing
1785856421,1185,missing
1785856421,1186,missing
1785856421,1190,missing
1785856421,1197,ok
1785856422,1188,missing
1785856422,1189,missing
1785856422,1191,missing
1785856422,1207,ok
1785856422,1194,missing
1785856422,1195,missing
1785856423,1199,missing
1785856423,1209,ok
1785856423,1198,missing
1785856424,1196,missing
1785856424,1201,missing
1785856424,1213,ok
1785856424,1203,missing
1785856424,1205,missing
1785856424,1200,missing
1785856424,1219,ok
1785856424,1202,missing
1785856425,1204,missing
1785856425,1206,missing
1785856425,1218,ok
1785856425,1212,missing
1785856425,1210,missing
1785856426,1211,missing
1785856426,1208,missing
1785856427,1215,missing
1785856427,1216,missing
1785856427,1214,missing
1785856427,1217,missing
1785856427,1220,missing
1785856427,1221,missing
1785856428,1223,missing
1785856428,1224,missing
1785856428,1226,missing
1785856428,1222,missing
1785856428,1225,missing
1785856428,1237,ok
1785856429,1229,missing
1785856429,1228,missing
1785856429,1227,missing
1785856429,1231,missing
1785856429,1236,ok
1785856430,1230,missing
1785856430,1234,missing
1785856431,1232,missing
1785856431,1233,missing
1785856431,1235,missing
1785856431,1238,missing
1785856432,1243,missing
1785856432,1241,missing
1785856432,1240,missing
1785856432,1246,missing
1785856433,1242,missing
1785856433,1251,ok
1785856433,1245,missing
1785856433,1244,missing
1785856433,1247,missing
1785856433,1250,missing
1785856434,1239,missing
1785856434,1249,missing
1785856434,1248,missing
1785856434,1253,missing
1785856434,1259,ok
1785856435,1254,missing
1785856435,1255,missing
1785856435,1267,ok
1785856435,1252,missing
1785856435,1257,missing
1785856436,1258,missing
1785856436,1256,missing
1785856436,1261,missing
1785856436,1274,ok
1785856437,1260,missing
1785856437,1275,ok
1785856437,1266,missing
1785856437,1263,missing
1785856437,1269,missing
1785856438,1262,missing
1785856438,1281,ok
1785856438,1268,missing
1785856438,1264,missing
1785856438,1265,missing
1785856438,1270,missing
1785856438,1271,missing
1785856438,1283,ok
1785856439,1289,ok
1785856439,1273,missing
1785856439,1288,ok
1785856439,1292,ok
1785856440,1272,missing
1785856440,1276,missing
1785856440,1294,ok
1785856440,1290,ok
1785856440,1277,missing
1785856440,1279,missing
1785856441,1280,missing
1785856441,1278,missing
1785856441,1282,missing
1785856442,1285,missing
1785856442,1287,missing
1785856442,1293,missing
1785856442,1284,missing
1785856443,1286,missing
1785856443,1295,missing
1785856443,1291,missing
1785856443,1299,missing
1785856443,1297,missing
1785856444,1309,ok
1785856444,1298,missing
1785856444,1302,missing
1785856444,1301,missing
1785856445,1305,missing
1785856445,1308,missing
1785856446,1304,missing
1785856446,1307,missing
1785856446,1303,missing
1785856446,1306,missing
1785856447,1312,missing
1785856447,1313,missing
1785856447,1320,ok
1785856447,1310,missing
1785856447,1296,missing
1785856447,1315,missing
1785856447,1311,missing
1785856448,1325,ok
1785856448,1324,ok
1785856448,1316,missing
1785856448,1300,missing
1785856449,1317,missing
1785856449,1314,missing
1785856449,1319,missing
1785856449,1332,ok
1785856449,1334,ok
1785856449,1322,missing
1785856450,1323,missing
1785856450,1318,missing
1785856450,1321,missing
1785856451,1326,missing
1785856451,1339,ok
1785856451,1333,missing
1785856451,1328,missing
1785856452,1331,missing
1785856452,1327,missing
1785856452,1338,missing
1785856452,1329,missing
1785856452,1335,missing
1785856452,1336,missing
1785856452,1337,missing
1785856453,1340,missing
1785856453,1341,missing
1785856453,1354,ok
1785856454,1342,missing
1785856454,1352,ok
1785856454,1345,missing
1785856455,1347,missing
1785856455,1344,missing
1785856455,1349,missing
1785856455,1360,ok
1785856455,1346,missing
1785856456,1353,missing
1785856456,1343,missing
1785856456,1361,ok
1785856456,1330,missing
1785856456,1350,missing
1785856457,1355,missing
1785856457,1357,missing
1785856457,1351,missing
1785856457,1368,ok
1785856457,1358,missing
1785856457,1359,missing
1785856457,1356,missing
1785856457,1348,missing
1785856458,1363,missing
1785856459,1362,missing
1785856459,1364,missing
1785856459,1367,missing
1785856460,1366,missing
1785856460,1372,missing
1785856460,1369,missing
1785856460,1365,missing
1785856461,1374,missing
1785856461,1373,missing
1785856461,1376,missing
1785856461,1370,missing
1785856461,1371,missing
1785856461,1375,missing
1785856462,1390,ok
1785856462,1379,missing
1785856462,1377,missing
1785856462,1381,missing
1785856463,1378,missing
1785856463,1380,missing
1785856463,1394,ok
1785856463,1382,missing
1785856463,1385,missing
1785856464,1384,missing
1785856464,1386,missing
1785856464,1388,missing
1785856464,1391,missing
1785856464,1402,ok
1785856465,1387,missing
1785856465,1392,missing
1785856465,1403,ok
1785856465,1404,ok
1785856465,1393,missing
1785856465,1383,missing
1785856465,1395,missing
1785856466,1396,missing
1785856466,1397,missing
1785856466,1389,missing
1785856467,1399,missing
1785856467,1398,missing
1785856467,1401,missing
1785856467,1416,ok
1785856467,1400,missing
1785856468,1405,missing
1785856468,1408,missing
1785856468,1409,missing
1785856468,1407,missing
1785856468,1406,missing
1785856469,1413,missing
1785856469,1410,missing
1785856469,1412,missing
1785856469,1414,missing
1785856469,1411,missing
1785856470,1417,missing
1785856470,1415,missing
1785856470,1419,missing
1785856471,1432,ok
1785856471,1418,missing
1785856471,1424,missing
1785856471,1420,missing
1785856472,1425,missing
1785856472,1426,missing
1785856472,1421,missing
1785856472,1427,missing
1785856472,1422,missing
1785856472,1430,missing
1785856473,1429,missing
1785856473,1431,missing
1785856473,1423,missing
1785856473,1428,missing
1785856474,1433,missing
1785856474,1444,ok
1785856474,1436,missing
1785856474,1437,missing
1785856474,1449,ok
1785856475,1434,missing
1785856475,1435,missing
1785856475,1438,missing
1785856475,1441,missing
1785856475,1443,missing
1785856475,1440,missing
1785856476,1439,missing
1785856476,1445,missing
1785856476,1455,ok
1785856477,1442,missing
1785856477,1450,missing
1785856477,1448,missing
1785856478,1452,missing
1785856478,1446,missing
1785856478,1453,missing
1785856478,1451,missing
1785856478,1457,missing
1785856478,1456,missing
1785856478,1469,ok
1785856479,1454,ok
1785856479,1447,missing
1785856479,1464,ok
1785856480,1461,missing
1785856480,1458,missing
1785856480,1459,missing
1785856480,1463,missing
1785856480,1462,missing
1785856480,1460,missing
1785856481,1465,missing
1785856481,1481,ok
1785856481,1466,missing
1785856481,1477,ok
1785856481,1467,missing
1785856482,1470,missing
1785856482,1474,missing
1785856482,1468,missing
1785856482,1471,missing
1785856482,1472,missing
1785856482,1473,missing
1785856483,1487,ok
1785856483,1482,ok
1785856483,1492,ok
1785856483,1478,missing
1785856484,1479,missing
1785856484,1476,missing
1785856484,1475,missing
1785856485,1480,missing
1785856485,1496,ok
1785856485,1485,missing
1785856485,1484,missing
1785856485,1490,missing
1785856485,1491,missing
1785856486,1502,ok
1785856486,1483,missing
1785856486,1499,ok
1785856486,1489,missing
1785856486,1486,missing
1785856486,1494,missing
1785856486,1493,missing
1785856487,1495,missing
1785856487,1510,ok
1785856488,1514,ok
1785856488,1497,missing
1785856488,1498,missing
1785856488,1488,missing
1785856488,1501,missing
1785856488,1500,missing
1785856488,1503,missing
1785856488,1513,ok
1785856489,1521,ok
1785856489,1505,missing
1785856489,1522,ok
1785856489,1511,missing
1785856490,1508,missing
1785856490,1506,missing
1785856490,1507,missing
1785856490,1512,missing
1785856490,1509,missing
1785856490,1523,ok
1785856490,1504,missing
1785856491,1525,ok
1785856492,1516,missing
1785856492,1518,missing
1785856492,1519,missing
1785856492,1517,missing
1785856492,1515,missing
1785856493,1524,missing
1785856493,1528,missing
1785856493,1530,missing
1785856493,1526,missing
1785856493,1527,missing
1785856494,1529,missing
1785856494,1520,missing
1785856494,1532,missing
1785856494,1531,missing
1785856494,1533,missing
1785856495,1535,missing
1785856495,1536,missing
1785856496,1534,missing
1785856496,1537,missing
1785856496,1539,missing
1785856496,1548,ok
1785856496,1538,missing
1785856496,1543,missing
1785856496,1541,missing
1785856497,1540,missing
1785856497,1542,missing
1785856497,1544,missing
1785856497,1557,ok
1785856498,1546,missing
1785856498,1560,ok
1785856498,1549,missing
1785856498,1547,missing
1785856498,1551,missing
1785856499,1545,missing
1785856499,1563,ok
1785856499,1550,missing
1785856499,1566,ok
1785856499,1561,ok
1785856499,1552,missing
1785856499,1569,ok
1785856499,1554,missing
1785856500,1564,ok
1785856500,1558,missing
1785856500,1553,missing
1785856500,1555,missing
1785856500,1574,ok
1785856500,1576,ok
1785856501,1575,ok
1785856501,1579,ok
1785856501,1559,missing
1785856501,1577,ok
1785856501,1562,missing
1785856501,1581,ok
1785856502,1567,missing
1785856502,1578,ok
1785856502,1556,missing
1785856502,1571,missing
1785856502,1572,missing
1785856503,1573,missing
1785856503,1570,missing
1785856504,1580,missing
1785856504,1568,missing
1785856504,1582,missing
1785856504,1583,missing
1785856504,1597,ok
1785856505,1586,missing
1785856505,1565,missing
1785856505,1584,missing
1785856505,1585,missing
1785856505,1587,missing
1785856506,1590,missing
1785856506,1588,missing
1785856506,1589,missing
1785856506,1591,missing
1785856507,1595,missing
1785856507,1593,missing
1785856507,1594,missing
1785856508,1592,missing
1785856508,1596,missing
1785856508,1601,missing
1785856508,1608,ok
1785856508,1599,missing
1785856508,1603,missing
1785856508,1609,ok
1785856508,1602,missing
1785856509,1598,missing
1785856509,1616,ok
1785856509,1604,missing
1785856509,1606,missing
1785856509,1600,missing
1785856510,1605,missing
1785856510,1620,ok
1785856511,1607,missing
1785856511,1610,missing
1785856511,1612,missing
1785856511,1611,missing
1785856511,1614,missing
1785856511,1615,missing
1785856512,1619,missing
1785856512,1618,missing
1785856512,1622,missing
1785856513,1613,missing
1785856513,1624,missing
1785856513,1623,missing
1785856513,1625,missing
1785856513,1621,missing
1785856513,1636,ok
1785856514,1637,ok
1785856514,1626,missing
1785856514,1638,ok
1785856514,1639,ok
1785856514,1629,missing
1785856514,1632,missing
1785856515,1617,missing
1785856515,1627,missing
1785856515,1630,missing
1785856515,1631,missing
1785856515,1633,missing
1785856516,1646,ok
1785856516,1634,missing
1785856516,1635,missing
1785856516,1628,missing
1785856516,1640,missing
1785856517,1641,missing
1785856517,1642,missing
1785856517,1656,ok
1785856518,1652,ok
1785856518,1645,missing
1785856518,1643,missing
1785856518,1644,missing
1785856518,1648,missing
1785856519,1651,missing
1785856519,1649,missing
1785856519,1647,missing
1785856519,1660,ok
1785856520,1669,ok
1785856520,1655,missing
1785856520,1657,missing
1785856520,1666,ok
1785856520,1658,missing
1785856520,1654,missing
1785856520,1653,missing
1785856521,1674,ok
1785856521,1650,missing
1785856521,1672,ok
1785856521,1659,missing
1785856521,1662,missing
1785856522,1673,ok
1785856522,1661,missing
1785856522,1665,missing
1785856522,1668,missing
1785856522,1663,missing
1785856523,1667,missing
1785856523,1671,missing
1785856523,1664,missing
1785856523,1686,ok
1785856523,1670,missing
1785856523,1675,missing
1785856524,1689,ok
1785856524,1678,missing
1785856524,1690,ok
1785856524,1676,missing
1785856524,1679,missing
1785856524,1681,missing
1785856525,1687,ok
1785856525,1680,missing
1785856525,1683,missing
1785856525,1677,missing
1785856525,1682,missing
1785856525,1694,ok
1785856526,1685,missing
1785856526,1701,ok
1785856526,1704,ok
1785856526,1700,ok
1785856526,1684,missing
1785856526,1688,missing
1785856527,1692,missing
1785856527,1691,missing
1785856528,1695,missing
1785856528,1693,missing
1785856529,1696,missing
1785856529,1698,missing
1785856529,1699,missing
1785856529,1702,missing
1785856529,1705,missing
1785856529,1697,missing
1785856529,1703,missing
1785856530,1708,missing
1785856530,1710,missing
1785856530,1711,missing
1785856530,1709,missing
1785856531,1721,ok
1785856531,1706,missing
1785856531,1713,missing
1785856531,1724,ok
1785856531,1712,missing
1785856531,1707,missing
1785856532,1714,missing
1785856532,1728,ok
1785856532,1716,missing
1785856532,1718,missing
1785856533,1715,missing
1785856533,1722,missing
1785856533,1717,missing
1785856533,1723,missing
1785856534,1719,missing
1785856534,1738,ok
1785856534,1725,missing
1785856534,1729,missing
1785856534,1727,missing
1785856534,1720,missing
1785856535,1730,missing
1785856535,1726,missing
1785856535,1733,missing
1785856535,1731,missing
1785856535,1742,ok
1785856536,1734,missing
1785856536,1732,missing
1785856536,1736,missing
1785856537,1737,missing
1785856537,1735,missing
1785856537,1739,missing
1785856538,1744,missing
1785856538,1743,missing
1785856538,1754,ok
1785856538,1741,missing
1785856538,1747,missing
1785856538,1740,missing
1785856538,1745,missing
1785856538,1749,missing
1785856539,1748,missing
1785856539,1750,missing
1785856539,1757,ok
1785856539,1752,missing
1785856539,1751,missing
1785856540,1753,missing
1785856540,1746,missing
1785856541,1769,ok
1785856541,1756,missing
1785856541,1758,missing
1785856542,1762,missing
1785856542,1755,missing
1785856542,1760,missing
1785856542,1761,missing
1785856542,1772,ok
1785856542,1763,missing
1785856543,1764,missing
1785856543,1767,missing
1785856543,1765,missing
1785856543,1766,missing
1785856543,1759,missing
1785856543,1768,missing
1785856543,1771,missing
1785856543,1770,missing
1785856544,1783,ok
1785856545,1782,ok
1785856545,1773,missing
1785856545,1774,missing
1785856545,1776,missing
1785856545,1779,missing
1785856545,1789,ok
1785856546,1780,missing
1785856546,1778,missing
1785856546,1785,missing
1785856546,1777,missing
1785856546,1775,missing
1785856546,1787,missing
1785856546,1781,missing
1785856546,1788,missing
1785856546,1794,ok
1785856546,1786,missing
1785856547,1798,ok
1785856547,1784,missing
1785856548,1791,missing
1785856548,1793,missing
1785856548,1790,missing
1785856549,1792,missing
1785856549,1801,missing
1785856550,1799,missing
1785856550,1803,missing
1785856550,1797,missing
1785856550,1795,missing
1785856550,1806,missing
1785856550,1802,missing
1785856550,1805,missing
1785856550,1796,missing
1785856550,1816,ok
1785856551,1807,missing
1785856551,1804,missing
1785856551,1800,ok
1785856551,1821,ok
1785856552,1822,ok
1785856552,1810,missing
1785856552,1809,missing
1785856552,1808,missing
1785856553,1812,missing
1785856553,1826,ok
1785856553,1813,missing
1785856553,1814,missing
1785856553,1811,missing
1785856553,1818,missing
1785856553,1819,missing
1785856553,1829,ok
1785856553,1815,missing
1785856553,1817,missing
1785856554,1834,ok
1785856554,1820,missing
1785856554,1833,ok
1785856555,1823,missing
1785856555,1840,ok
1785856555,1827,missing
1785856556,1828,missing
1785856556,1842,ok
1785856556,1825,missing
1785856556,1831,missing
1785856556,1824,missing
1785856557,1832,missing
1785856557,1837,missing
1785856557,1838,missing
1785856557,1839,missing
1785856557,1830,missing
1785856557,1845,ok
1785856557,1849,ok
1785856557,1836,missing
1785856558,1852,ok
1785856558,1841,missing
1785856558,1855,ok
1785856558,1835,missing
1785856558,1856,ok
1785856558,1857,ok
1785856559,1844,missing
1785856559,1843,missing
1785856560,1848,missing
1785856560,1850,missing
1785856560,1846,missing
1785856560,1853,missing
1785856561,1858,missing
1785856561,1851,missing
1785856561,1847,missing
1785856561,1861,missing
1785856561,1868,ok
1785856561,1859,missing
1785856561,1860,missing
1785856562,1854,missing
1785856562,1864,missing
1785856562,1867,ok
1785856562,1863,missing
1785856563,1866,missing
1785856563,1862,missing
1785856564,1865,missing
1785856564,1869,missing
1785856564,1872,missing
1785856564,1882,ok
1785856564,1875,missing
1785856564,1871,missing
1785856564,1870,missing
1785856564,1873,missing
1785856565,1874,missing
1785856565,1884,ok
1785856565,1881,ok
1785856565,1879,missing
1785856565,1876,missing
1785856565,1886,ok
1785856565,1889,ok
1785856566,1877,missing
1785856566,1878,missing
1785856566,1880,missing
1785856566,1887,ok
1785856566,1890,ok
1785856567,1883,missing
1785856567,1896,ok
1785856568,1888,missing
1785856568,1893,missing
1785856568,1894,missing
1785856568,1891,missing
1785856568,1895,missing
1785856568,1892,missing
1785856569,1897,missing
1785856569,1898,missing
1785856569,1885,missing
1785856569,1901,missing
1785856569,1908,ok
1785856569,1900,missing
1785856569,1912,ok
1785856570,1902,missing
1785856570,1899,missing
1785856570,1910,ok
1785856570,1904,missing
1785856570,1903,missing
1785856570,1905,missing
1785856571,1909,missing
1785856571,1911,missing
1785856572,1907,missing
1785856572,1906,missing
1785856572,1913,missing
1785856572,1914,missing
1785856573,1916,missing
1785856573,1915,missing
1785856573,1920,missing
1785856573,1917,missing
1785856573,1918,missing
1785856573,1921,missing
1785856574,1919,missing
1785856574,1923,missing
1785856574,1930,ok
1785856574,1924,missing
1785856574,1933,ok
1785856575,1940,ok
1785856575,1922,missing
1785856575,1938,ok
1785856575,1927,missing
1785856576,1928,missing
1785856576,1926,missing
1785856576,1932,missing
1785856576,1931,missing
1785856576,1925,missing
1785856576,1929,missing
1785856577,1939,missing
1785856577,1936,missing
1785856577,1934,missing
1785856578,1941,missing
1785856578,1937,missing
1785856578,1935,missing
1785856578,1943,missing
1785856578,1942,missing
1785856578,1952,ok
1785856579,1945,missing
1785856579,1944,missing
1785856579,1946,missing
1785856579,1947,missing
1785856579,1948,missing
1785856580,1951,missing
1785856580,1950,missing
1785856580,1960,ok
1785856580,1964,ok
1785856581,1954,missing
1785856581,1949,missing
1785856581,1957,missing
1785856581,1966,ok
1785856581,1953,missing
1785856582,1955,missing
1785856582,1973,ok
1785856582,1956,missing
1785856582,1959,missing
1785856582,1962,missing
1785856583,1965,missing
1785856583,1958,missing
1785856583,1972,ok
1785856583,1974,ok
1785856583,1963,missing
1785856583,1961,missing
1785856584,1967,missing
1785856584,1968,missing
1785856584,1971,missing
1785856584,1977,ok
1785856584,1970,missing
1785856585,1989,ok
1785856585,1975,missing
1785856585,1976,missing
1785856586,1979,missing
1785856586,1982,missing
1785856586,1992,ok
1785856586,1978,missing
1785856586,1981,missing
1785856586,1984,missing
1785856587,1983,missing
1785856587,1980,missing
1785856587,1985,missing
1785856587,1986,missing
1785856587,1987,missing
1785856588,1999,ok
1785856588,2001,ok
1785856588,1996,ok
1785856588,2000,ok
1785856588,1990,missing
1785856588,1988,missing
1785856589,1991,missing
1785856589,2010,ok
1785856589,1997,missing
1785856590,1995,missing
1785856590,1993,missing
1785856590,2002,missing
1785856590,1994,missing
1785856590,2012,ok
1785856590,2004,missing
1785856591,2009,ok
1785856591,2003,missing
1785856591,1998,missing
1785856591,2017,ok
1785856592,2008,missing
1785856592,2011,missing
1785856592,2005,missing
1785856592,2007,missing
1785856593,2025,ok
1785856593,2006,missing
1785856594,2015,missing
1785856594,2018,missing
1785856594,2021,missing
1785856594,2016,missing
1785856594,2019,missing
1785856595,2020,missing
1785856595,2032,ok
1785856595,2013,missing
1785856595,2023,missing
1785856595,2026,missing
1785856595,2027,missing
1785856596,2022,missing
1785856596,2024,missing
1785856596,2029,missing
1785856597,2042,ok
1785856597,2033,missing
1785856597,2031,missing
1785856597,2034,missing
1785856597,2028,missing
1785856598,2036,missing
1785856598,2038,missing
1785856598,2035,missing
1785856598,2014,missing
1785856599,2037,missing
1785856599,2039,missing
1785856599,2040,missing
1785856599,1969,missing
1785856599,2041,missing
1785856599,2030,missing
1785856600,2052,ok
1785856600,2045,missing
1785856601,2048,missing
1785856601,2043,missing
1785856601,2047,missing
1785856601,2044,missing
1785856601,2051,missing
1785856602,2046,missing
1785856602,2050,missing
1785856602,2055,missing
1785856602,2056,missing
1785856603,2057,missing
1785856603,2063,ok
1785856603,2049,missing
1785856603,2053,missing
1785856603,2059,missing
1785856603,2058,missing
1785856603,2054,missing
1785856604,2060,missing
1785856605,2061,missing
1785856605,2067,missing
1785856605,2066,missing
1785856605,2068,missing
1785856605,2062,missing
1785856606,2065,missing
1785856606,2069,missing
1785856606,2064,missing
1785856606,2071,missing
1785856606,2070,missing
1785856606,2080,ok
1785856607,2074,missing
1785856607,2077,missing
1785856607,2076,missing
1785856608,2072,missing
1785856608,2075,missing
1785856608,2073,missing
1785856608,2078,missing
1785856608,2079,missing
1785856608,2092,ok
1785856609,2084,missing
1785856609,2086,missing
1785856609,2090,ok
1785856610,2098,ok
1785856610,2082,missing
1785856610,2085,missing
1785856610,2087,missing
1785856610,2081,missing
1785856610,2089,missing
1785856610,2097,ok
1785856610,2083,missing
1785856610,2088,missing
1785856611,2091,missing
1785856611,2101,ok
1785856611,2102,ok
1785856611,2106,ok
1785856611,2112,ok
1785856612,2096,missing
1785856612,2103,ok
1785856612,2094,missing
1785856612,2093,missing
1785856612,2099,missing
1785856613,2117,ok
1785856613,2100,missing
1785856613,2105,missing
1785856613,2108,missing
1785856614,2095,missing
1785856614,2104,missing
1785856614,2111,missing
1785856614,2120,ok
1785856615,2113,missing
1785856615,2126,ok
1785856615,2116,missing
1785856615,2110,missing
1785856615,2107,missing
1785856615,2109,missing
1785856616,2131,ok
1785856616,2114,missing
1785856616,2115,missing
1785856616,2130,ok
1785856616,2118,missing
1785856616,2119,missing
1785856617,2133,ok
1785856617,2123,missing
1785856617,2136,ok
1785856617,2132,ok
1785856617,2122,missing
1785856617,2121,missing
1785856618,2127,missing
1785856618,2124,missing
1785856618,2129,missing
1785856619,2142,ok
1785856619,2128,missing
1785856619,2125,missing
1785856619,2138,missing
1785856619,2135,missing
1785856619,2145,ok
1785856620,2137,missing
1785856620,2134,missing
1785856620,2139,missing
1785856620,2140,missing
1785856620,2143,missing
1785856621,2154,ok
1785856621,2146,missing
1785856621,2148,missing
1785856621,2144,missing
1785856622,2147,missing
1785856622,2149,missing
1785856622,2150,missing
1785856622,2141,missing
1785856622,2161,ok
1785856622,2152,missing
1785856623,2165,ok
1785856623,2153,missing
1785856623,2151,missing
1785856623,2158,missing
1785856624,2156,missing
1785856624,2155,missing
1785856624,2160,missing
1785856625,2157,missing
1785856625,2175,ok
1785856625,2164,missing
1785856626,2163,missing
1785856626,2162,missing
1785856626,2159,missing
1785856626,2170,missing
1785856626,2168,missing
1785856626,2166,missing
1785856626,2171,missing
1785856627,2173,missing
1785856627,2169,missing
1785856627,2174,missing
1785856627,2167,missing
1785856627,2172,missing
1785856628,2176,missing
1785856629,2178,missing
1785856629,2177,missing
1785856629,2182,missing
1785856629,2180,missing
1785856629,2181,missing
1785856629,2179,missing
1785856630,2185,missing
1785856630,2197,ok
1785856630,2186,missing
1785856630,2183,missing
1785856630,2190,missing
1785856631,2184,missing
1785856631,2188,missing
1785856631,2195,ok
1785856631,2187,missing
1785856631,2201,ok
1785856631,2189,missing
1785856632,2192,missing
1785856632,2191,missing
1785856632,2203,ok
1785856632,2193,missing
1785856633,2200,missing
1785856633,2196,missing
1785856633,2198,missing
1785856633,2194,missing
1785856634,2204,missing
1785856634,2205,ok
1785856634,2202,missing
1785856634,2208,missing
1785856635,2206,missing
1785856635,2199,missing
1785856635,2209,missing
1785856635,2207,missing
1785856635,2221,ok
1785856635,2219,ok
1785856636,2213,missing
1785856636,2211,missing
1785856636,2210,missing
1785856636,2212,missing
1785856637,2216,missing
1785856637,2229,ok
1785856637,2214,missing
1785856638,2217,missing
1785856638,2218,missing
1785856638,2224,missing
1785856638,2215,ok
1785856638,2226,missing
1785856638,2223,missing
1785856638,2220,missing
1785856639,2225,missing
1785856639,2227,missing
1785856639,2222,missing
1785856640,2231,missing
1785856640,2228,missing
1785856640,2233,missing
1785856640,2230,missing
1785856640,2232,missing
1785856640,2243,ok
1785856641,2234,missing
1785856641,2237,missing
1785856641,2238,missing
1785856642,2236,missing
1785856642,2253,ok
1785856642,2241,missing
1785856642,2239,missing
1785856643,2252,ok
1785856643,2242,missing
1785856643,2247,missing
1785856643,2245,missing
1785856643,2235,missing
1785856643,2244,missing
1785856644,2240,missing
1785856644,2249,missing
1785856644,2246,missing
1785856644,2248,missing
1785856644,2250,missing
1785856645,2257,ok
1785856645,2251,missing
1785856645,2254,missing
1785856646,2258,missing
1785856646,2256,missing
1785856646,2259,missing
1785856646,2255,missing
1785856647,2261,missing
1785856647,2260,missing
1785856647,2264,missing
1785856648,2265,missing
1785856648,2262,missing
1785856648,2269,missing
1785856648,2270,missing
1785856648,2268,missing
1785856648,2271,missing
1785856649,2267,missing
1785856649,2266,missing
1785856649,2275,missing
1785856650,2272,missing
1785856650,2274,missing
1785856650,2273,missing
1785856650,2276,missing
1785856651,2277,missing
1785856651,2278,missing
1785856651,2283,missing
1785856652,2284,missing
1785856652,2263,missing
1785856652,2285,missing
1785856652,2282,missing
1785856652,2281,missing
1785856652,2279,missing
1785856652,2297,ok
1785856653,2286,missing
1785856653,2287,missing
1785856653,2288,missing
1785856654,2280,missing
1785856654,2289,missing
1785856654,2291,missing
1785856655,2292,missing
1785856655,2295,missing
1785856655,2296,missing
1785856655,2294,missing
1785856655,2293,missing
1785856656,2300,missing
1785856656,2301,missing
1785856656,2303,missing
1785856656,2302,missing
1785856656,2298,missing
1785856657,2304,missing
1785856657,2290,missing
1785856657,2305,missing
1785856657,2299,missing
1785856657,2306,missing
1785856658,2307,missing
1785856658,2309,missing
1785856659,2308,missing
1785856659,2312,missing
1785856659,2311,missing
1785856659,2313,missing
1785856659,2310,missing
1785856659,2314,missing
1785856660,2326,ok
1785856660,2318,missing
1785856660,2315,missing
1785856660,2330,ok
1785856660,2320,missing
1785856661,2322,missing
1785856661,2317,missing
1785856661,2331,ok
1785856661,2321,missing
1785856661,2324,missing
1785856661,2316,missing
1785856662,2323,missing
1785856662,2327,missing
1785856662,2319,missing
1785856663,2343,ok
1785856663,2325,missing
1785856663,2328,missing
1785856663,2342,ok
1785856663,2329,missing
1785856664,2333,missing
1785856664,2332,missing
1785856664,2334,missing
1785856664,2335,missing
1785856664,2336,missing
1785856665,2338,missing
1785856665,2350,ok
1785856665,2339,missing
1785856665,2344,missing
1785856665,2340,missing
1785856666,2341,missing
1785856666,2346,missing
1785856666,2337,missing
1785856666,2357,ok
1785856667,2345,missing
1785856667,2349,missing
1785856667,2352,missing
1785856667,2348,missing
1785856668,2353,missing
1785856668,2354,missing
1785856668,2351,missing
1785856668,2347,missing
1785856668,2356,missing
1785856669,2365,ok
1785856669,2359,missing
1785856669,2361,missing
1785856669,2355,missing
1785856669,2363,missing
1785856670,2360,missing
1785856670,2358,missing
1785856670,2364,missing
1785856671,2362,missing
1785856671,2367,missing
1785856671,2369,missing
1785856671,2366,missing
1785856671,2371,missing
1785856671,2368,missing
1785856672,2370,missing
1785856672,2372,missing
1785856672,2373,missing
1785856673,2377,missing
1785856673,2375,missing
1785856673,2378,missing
1785856674,2380,missing
1785856674,2376,missing
1785856674,2379,missing
1785856674,2374,missing
1785856674,2383,missing
1785856675,2385,missing
1785856675,2381,missing
1785856675,2384,missing
1785856675,2382,missing
1785856675,2387,missing
1785856676,2386,missing
1785856676,2388,missing
1785856676,2390,missing
1785856676,2389,missing
1785856677,2394,missing
1785856677,2392,missing
1785856677,2393,missing
1785856678,2396,missing
1785856678,2395,missing
1785856678,2391,missing
1785856678,2399,missing
1785856679,2400,missing
1785856679,2403,missing
1785856679,2404,missing
1785856679,2401,missing
1785856679,2402,missing
1785856679,2398,missing
1785856680,2406,missing
1785856680,2397,missing
1785856680,2408,missing
1785856680,2409,missing
1785856681,2405,missing
1785856681,2407,missing
1785856682,2410,missing
1785856682,2413,missing
1785856682,2414,missing
1785856682,2412,missing
1785856682,2411,missing
1785856683,2415,missing
1785856683,2417,missing
1785856683,2416,missing
1785856683,2419,missing
1785856683,2418,missing
1785856683,2420,missing
1785856683,2421,missing
1785856684,2425,missing
1785856684,2423,missing
1785856685,2424,missing
1785856685,2422,missing
1785856685,2429,missing
1785856685,2430,missing
1785856686,2428,missing
1785856686,2427,missing
1785856686,2432,missing
1785856686,2426,missing
1785856686,2433,missing
1785856686,2435,missing
1785856687,2434,missing
1785856687,2436,missing
1785856687,2439,missing
1785856687,2449,ok
1785856688,2431,missing
1785856688,2438,missing
1785856688,2437,missing
1785856688,2440,missing
1785856689,2441,missing
1785856689,2442,missing
1785856689,2443,missing
1785856689,2445,missing
1785856689,2444,missing
1785856689,2447,missing
1785856690,2450,missing
1785856690,2446,missing
1785856691,2452,missing
1785856691,2453,missing
1785856691,2448,missing
1785856691,2455,missing
1785856691,2451,missing
1785856691,2466,ok
1785856692,2454,missing
1785856692,2460,missing
1785856692,2457,missing
1785856692,2456,missing
1785856692,2459,missing
1785856693,2463,missing
1785856693,2458,missing
1785856693,2461,missing
1785856693,2464,missing
1785856693,2465,missing
1785856694,2467,missing
1785856694,2468,missing
1785856694,2470,missing
1785856695,2471,missing
1785856695,2462,missing
1785856695,2469,missing
1785856695,2474,missing
1785856696,2475,missing
1785856696,2472,missing
1785856696,2473,missing
1785856696,2476,missing
1785856697,2480,missing
1785856697,2491,ok
1785856697,2479,missing
1785856697,2481,missing
1785856697,2477,missing
1785856698,2482,missing
1785856698,2484,missing
1785856698,2486,missing
1785856698,2483,missing
1785856698,2478,missing
1785856698,2487,missing
1785856698,2493,ok
1785856699,2485,missing
1785856699,2490,missing
1785856700,2492,missing
1785856700,2488,missing
1785856700,2489,missing
1785856701,2507,ok
1785856701,2494,missing
1785856701,2508,ok
1785856701,2495,missing
1785856701,2497,missing
1785856701,2496,missing
1785856702,2500,missing
1785856702,2498,missing
1785856702,2504,missing
1785856702,2510,ok
1785856702,2502,missing
1785856702,2501,missing
1785856702,2517,ok
1785856703,2506,missing
1785856703,2499,missing
1785856703,2505,missing
1785856703,2518,ok
1785856703,2509,missing
1785856703,2503,missing
1785856704,2525,ok
1785856704,2511,missing
1785856704,2516,ok
1785856705,2515,missing
1785856705,2513,missing
1785856705,2519,missing
1785856705,2512,missing
1785856705,2521,missing
1785856706,2523,missing
1785856706,2514,missing
1785856706,2520,missing
1785856707,2528,missing
1785856707,2535,ok
1785856707,2524,missing
1785856707,2522,missing
1785856707,2529,missing
1785856708,2530,missing
1785856708,2526,missing
1785856708,2527,missing
1785856708,2531,missing
1785856708,2534,missing
1785856709,2536,missing
1785856709,2545,ok
1785856709,2543,ok
1785856709,2533,missing
1785856709,2538,missing
1785856710,2539,missing
1785856710,2551,ok
1785856710,2540,missing
1785856710,2552,ok
1785856710,2532,missing
1785856711,2554,ok
1785856711,2544,missing
1785856711,2542,missing
1785856711,2546,missing
1785856711,2541,missing
1785856711,2556,ok
1785856711,2557,ok
1785856711,2548,missing
1785856711,2547,missing
1785856711,2555,ok
1785856712,2549,missing
1785856712,2562,ok
1785856712,2550,missing
1785856712,2568,ok
1785856713,2553,ok
1785856714,2561,ok
1785856714,2564,missing
1785856714,2566,missing
1785856715,2563,missing
1785856715,2560,missing
1785856715,2569,missing
1785856715,2571,missing
1785856715,2572,missing
1785856715,2559,missing
1785856715,2570,missing
1785856715,2565,missing
1785856716,2558,missing
1785856716,2581,ok
1785856716,2567,missing
1785856716,2573,missing
1785856718,2575,missing
1785856718,2577,missing
1785856718,2574,missing
1785856718,2537,missing
1785856718,2576,missing
1785856718,2579,missing
1785856718,2580,missing
1785856719,2585,missing
1785856719,2586,missing
1785856719,2578,missing
1785856719,2582,missing
1785856719,2584,missing
1785856719,2588,missing
1785856719,2583,missing
1785856720,2587,missing
1785856720,2589,missing
1785856721,2590,missing
1785856721,2591,missing
1785856721,2592,missing
1785856722,2594,missing
1785856722,2595,missing
1785856722,2596,missing
1785856722,2607,ok
1785856722,2600,missing
1785856722,2593,missing
1785856722,2608,ok
1785856722,2602,missing
1785856723,2598,missing
1785856723,2609,ok
1785856723,2601,missing
1785856723,2613,ok
1785856723,2612,ok
1785856723,2597,missing
1785856723,2603,missing
1785856723,2605,missing
1785856723,2604,missing
1785856723,2599,missing
1785856724,2618,ok
1785856724,2624,ok
1785856724,2623,ok
1785856724,2617,ok
1785856724,2606,missing
1785856725,2610,missing
1785856726,2616,missing
1785856726,2611,missing
1785856726,2614,missing
1785856726,2615,missing
1785856726,2621,missing
1785856726,2620,missing
1785856727,2622,missing
1785856727,2637,ok
1785856727,2628,missing
1785856727,2629,missing
1785856727,2619,missing
1785856727,2625,missing
1785856727,2630,missing
1785856728,2631,missing
1785856728,2645,ok
1785856728,2627,missing
1785856728,2626,missing
1785856729,2632,missing
1785856729,2633,missing
1785856729,2634,missing
1785856729,2636,missing
1785856729,2643,ok
1785856729,2635,missing
1785856730,2638,missing
1785856730,2644,missing
1785856730,2640,missing
1785856731,2642,missing
1785856731,2639,missing
1785856731,2655,ok
1785856732,2646,missing
1785856732,2653,ok
1785856732,2647,missing
1785856732,2650,missing
1785856732,2652,missing
1785856732,2641,missing
1785856732,2648,missing
1785856733,2649,missing
1785856733,2654,missing
1785856733,2651,missing
1785856733,2656,missing
1785856734,2657,missing
1785856734,2658,missing
1785856734,2668,ok
1785856734,2660,missing
1785856735,2659,missing
1785856735,2671,ok
1785856735,2661,missing
1785856735,2676,ok
1785856735,2662,missing
1785856736,2665,missing
1785856736,2666,missing
1785856736,2664,missing
1785856736,2663,missing
1785856736,2670,missing
1785856736,2667,missing
1785856736,2682,ok
1785856737,2672,missing
1785856737,2669,missing
1785856737,2673,missing
1785856737,2675,missing
1785856738,2677,missing
1785856738,2678,missing
1785856739,2680,missing
1785856739,2681,missing
1785856739,2679,missing
1785856739,2674,missing
1785856739,2683,missing
1785856740,2687,missing
1785856740,2685,missing
1785856740,2688,missing
1785856740,2689,missing
1785856740,2684,missing
1785856741,2690,missing
1785856741,2691,missing
1785856741,2703,ok
1785856741,2693,missing
1785856741,2694,missing
1785856741,2701,ok
1785856741,2692,missing
1785856742,2700,ok
1785856742,2697,missing
1785856742,2698,missing
1785856742,2708,ok
1785856742,2686,missing
1785856742,2695,missing
1785856743,2699,missing
1785856743,2714,ok
1785856743,2715,ok
1785856744,2704,missing
1785856744,2716,ok
1785856744,2702,missing
1785856744,2705,missing
1785856745,2710,missing
1785856745,2711,missing
1785856745,2706,missing
1785856745,2709,missing
1785856745,2712,missing
1785856746,2717,missing
1785856746,2726,ok
1785856746,2713,missing
1785856746,2729,ok
1785856746,2707,missing
1785856746,2733,ok
1785856747,2719,missing
1785856747,2696,missing
1785856747,2721,missing
1785856747,2718,missing
1785856747,2722,missing
1785856747,2735,ok
1785856747,2720,missing
1785856747,2723,missing
1785856748,2724,missing
1785856748,2728,missing
1785856748,2727,missing
1785856748,2725,missing
1785856749,2734,missing
1785856749,2731,missing
1785856750,2736,missing
1785856750,2730,missing
1785856750,2739,missing
1785856750,2737,missing
1785856750,2741,missing
1785856751,2732,missing
1785856751,2750,ok
1785856751,2738,missing
1785856751,2743,missing
1785856751,2745,missing
1785856751,2742,missing
1785856752,2757,ok
1785856752,2756,ok
1785856752,2746,missing
1785856752,2740,missing
1785856752,2744,missing
1785856752,2758,ok
1785856753,2748,missing
1785856753,2749,missing
1785856754,2747,missing
1785856754,2751,missing
1785856754,2752,missing
1785856754,2755,missing
1785856755,2770,ok
1785856755,2759,missing
1785856755,2760,missing
1785856755,2754,missing
1785856755,2753,missing
1785856755,2763,missing
1785856755,2761,missing
1785856755,2773,ok
1785856756,2762,missing
1785856756,2772,ok
1785856756,2764,missing
1785856756,2765,missing
1785856756,2767,missing
1785856757,2783,ok
1785856757,2766,missing
1785856757,2778,ok
1785856757,2768,missing
1785856757,2771,missing
1785856757,2769,missing
1785856758,2789,ok
1785856758,2776,missing
1785856758,2775,missing
1785856759,2781,missing
1785856759,2779,missing
1785856759,2784,missing
1785856759,2782,missing
1785856759,2785,missing
1785856760,2777,missing
1785856760,2786,missing
1785856760,2787,missing
1785856760,2788,missing
1785856760,2790,missing
1785856761,2780,missing
1785856761,2774,missing
1785856761,2792,missing
1785856761,2791,missing
1785856761,2800,ok
1785856761,2806,ok
1785856762,2805,ok
1785856762,2793,missing
1785856762,2794,missing
1785856762,2795,missing
1785856762,2797,missing
1785856763,2796,missing
1785856763,2799,missing
1785856763,2798,missing
1785856764,2804,missing
1785856764,2802,missing
1785856764,2803,missing
1785856764,2808,missing
1785856764,2809,missing
1785856765,2801,missing
1785856765,2811,missing
1785856765,2813,missing
1785856766,2812,missing
1785856766,2810,missing
1785856766,2807,missing
1785856766,2814,missing
1785856766,2815,missing
1785856766,2816,missing
1785856767,2829,ok
1785856767,2820,missing
1785856767,2817,missing
1785856768,2818,missing
1785856768,2823,missing
1785856768,2825,missing
1785856768,2819,missing
1785856769,2824,missing
1785856769,2822,missing
1785856770,2830,missing
1785856770,2826,missing
1785856770,2827,missing
1785856770,2821,missing
1785856770,2832,missing
1785856770,2833,missing
1785856771,2834,missing
1785856771,2831,missing
1785856771,2828,missing
1785856771,2836,missing
1785856772,2843,ok
1785856772,2837,missing
1785856772,2839,missing
1785856772,2845,ok
1785856772,2840,missing
1785856772,2841,missing
1785856772,2838,missing
1785856773,2835,missing
1785856773,2842,missing
1785856773,2844,missing
1785856773,2855,ok
1785856774,2847,missing
1785856774,2848,missing
1785856774,2850,missing
1785856774,2846,missing
1785856774,2851,missing
1785856775,2849,missing
1785856775,2853,missing
1785856775,2854,missing
1785856775,2866,ok
1785856776,2857,missing
1785856776,2856,missing
1785856776,2852,missing
1785856776,2858,missing
1785856776,2860,missing
1785856777,2859,missing
1785856777,2863,missing
1785856777,2861,missing
1785856778,2864,missing
1785856778,2865,missing
1785856778,2867,missing
1785856778,2868,missing
1785856778,2878,ok
1785856778,2869,missing
1785856779,2862,missing
1785856779,2873,missing
1785856779,2874,missing
1785856780,2875,missing
1785856780,2876,missing
1785856780,2872,missing
1785856781,2879,missing
1785856781,2877,missing
1785856781,2870,missing
1785856781,2880,missing
1785856781,2881,missing
1785856781,2871,missing
1785856781,2884,missing
1785856782,2883,missing
1785856782,2882,missing
1785856782,2885,missing
1785856782,2886,missing
1785856783,2897,ok
1785856783,2888,missing
1785856783,2890,missing
1785856783,2887,missing
1785856783,2891,missing
1785856784,2893,missing
1785856784,2892,missing
1785856784,2896,missing
1785856784,2895,missing
1785856784,2898,missing
1785856785,2894,missing
1785856785,2889,missing
1785856785,2899,missing
1785856785,2900,missing
1785856785,2902,ok
1785856785,2901,missing
1785856786,2905,missing
1785856787,2906,missing
1785856787,2904,missing
1785856787,2907,missing
1785856787,2908,missing
1785856788,2910,missing
1785856788,2911,missing
1785856788,2903,missing
1785856788,2909,missing
1785856788,2916,missing
1785856788,2917,missing
1785856788,2915,missing
1785856789,2914,missing
1785856789,2913,missing
1785856789,2918,missing
1785856789,2912,missing
1785856789,2928,ok
1785856790,2922,missing
1785856790,2921,missing
1785856791,2919,missing
1785856791,2926,missing
1785856791,2923,missing
1785856791,2927,missing
1785856791,2924,missing
1785856791,2925,missing
1785856792,2920,missing
1785856792,2930,missing
1785856792,2935,ok
1785856792,2933,missing
1785856792,2929,missing
1785856793,2931,missing
1785856793,2934,missing
1785856794,2932,missing
1785856794,2936,missing
1785856794,2937,missing
1785856794,2947,ok
1785856794,2940,missing
1785856795,2938,missing
1785856795,2941,missing
1785856795,2942,missing
1785856795,2946,missing
1785856795,2944,missing
1785856795,2948,missing
1785856796,2939,missing
1785856796,2943,missing
1785856796,2945,missing
1785856797,2952,missing
1785856797,2949,missing
1785856797,2950,missing
1785856797,2951,missing
1785856798,2955,missing
1785856798,2953,missing
1785856798,2956,missing
1785856799,2957,missing
1785856799,2958,missing
1785856799,2962,missing
1785856799,2959,missing
1785856799,2963,missing
1785856799,2960,missing
1785856799,2964,missing
1785856799,2954,missing
1785856800,2965,missing
1785856800,2961,missing
1785856801,2966,missing
1785856802,2971,missing
1785856802,2968,missing
1785856802,2972,missing
1785856802,2969,missing
1785856802,2975,missing
1785856803,2973,missing
1785856803,2970,missing
1785856803,2976,missing
1785856803,2974,missing
1785856803,2978,missing
1785856803,2967,missing
1785856803,2977,missing
1785856803,2985,ok
1785856803,2986,ok
1785856804,2981,missing
1785856804,2980,missing
1785856804,2979,missing
1785856804,2982,missing
1785856804,2989,ok
1785856805,2993,ok
1785856805,2983,missing
1785856805,3000,ok
1785856805,2984,missing
1785856805,2987,missing
1785856806,2991,missing
1785856807,2990,missing
1785856807,2988,missing
1785856807,2995,missing
1785856807,3007,ok
1785856807,2997,missing
1785856807,2992,missing
1785856807,2999,missing
1785856807,2994,missing
1785856807,2996,missing
1785856808,2998,missing
1785856808,3004,ok
1785856808,3002,missing
1785856809,3003,missing
1785856809,3017,ok
1785856809,3006,missing
1785856809,3005,missing
1785856809,3001,missing
1785856810,3019,ok
1785856810,3011,missing
1785856811,3012,missing
1785856811,3009,missing
1785856811,3013,missing
1785856811,3010,missing
1785856811,3014,missing
1785856811,3016,missing
1785856811,3018,missing
1785856812,3027,ok
1785856812,3021,missing
1785856812,3020,missing
1785856812,3008,missing
1785856812,3023,missing
1785856812,3022,missing
1785856813,3024,missing
1785856813,3015,missing
1785856813,3025,missing
1785856814,3033,ok
1785856814,3032,missing
1785856814,3028,missing
1785856815,3029,missing
1785856815,3030,missing
1785856815,3031,missing
1785856815,3026,missing
1785856815,3034,missing
1785856815,3045,ok
1785856815,3035,missing
1785856815,3036,missing
1785856815,3038,missing
1785856817,3037,missing
1785856817,3040,missing
1785856817,3039,missing
1785856817,3042,missing
1785856817,3041,missing
1785856817,3055,ok
1785856818,3047,missing
1785856818,3048,missing
1785856818,3044,missing
1785856818,3051,missing
1785856818,3060,ok
1785856819,3052,missing
1785856819,3053,missing
1785856819,3049,missing
1785856819,3054,missing
1785856819,3046,missing
1785856819,3043,missing
1785856820,3050,missing
1785856820,3056,missing
1785856820,3057,missing
1785856820,3058,missing
1785856821,3074,ok
1785856821,3059,missing
1785856821,3061,missing
1785856822,3075,ok
1785856822,3067,missing
1785856822,3063,missing
1785856822,3064,missing
1785856822,3066,missing
1785856822,3076,ok
1785856823,3062,missing
1785856823,3065,missing
1785856823,3070,missing
1785856823,3069,missing
1785856823,3072,missing
1785856823,3085,ok
1785856823,3071,missing
1785856824,3091,ok
1785856824,3073,missing
1785856824,3086,ok
1785856824,3084,ok
1785856824,3068,missing
1785856824,3077,missing
1785856825,3078,missing
1785856825,3082,missing
1785856826,3081,missing
1785856826,3083,missing
1785856826,3098,ok
1785856827,3079,missing
1785856827,3080,missing
1785856827,3095,missing
1785856828,3087,missing
1785856828,3093,missing
1785856828,3097,missing
1785856828,3090,missing
1785856828,3094,missing
1785856828,3088,missing
1785856828,3096,missing
1785856828,3092,missing
1785856829,3099,missing
1785856829,3105,ok
1785856829,3089,missing
1785856830,3101,missing
1785856830,3115,ok
1785856830,3104,missing
1785856830,3119,ok
1785856831,3103,missing
1785856831,3117,ok
1785856831,3100,missing
1785856831,3102,missing
1785856831,3108,missing
1785856831,3112,missing
1785856831,3107,missing
1785856832,3110,missing
1785856832,3106,missing
1785856832,3109,missing
1785856832,3114,missing
1785856832,3113,missing
1785856832,3116,missing
1785856832,3111,missing
1785856833,3126,ok
1785856834,3120,missing
1785856834,3118,missing
1785856834,3121,missing
1785856834,3122,missing
1785856834,3123,missing
1785856834,3124,missing
1785856835,3125,missing
1785856835,3129,missing
1785856835,3128,missing
1785856835,3132,missing
1785856835,3130,missing
1785856836,3133,missing
1785856836,3134,missing
1785856836,3131,missing
1785856836,3135,missing
1785856837,3127,missing
1785856837,3138,missing
1785856837,3136,missing
1785856837,3139,missing
1785856838,3141,missing
1785856838,3140,missing
1785856838,3137,missing
1785856839,3146,missing
1785856839,3143,missing
1785856839,3145,missing
1785856840,3142,missing
1785856840,3153,ok
1785856840,3149,missing
1785856840,3144,missing
1785856840,3148,missing
1785856840,3150,missing
1785856840,3152,missing
1785856841,3159,ok
1785856841,3151,missing
1785856841,3156,missing
1785856841,3147,missing
1785856842,3154,missing
1785856842,3155,missing
1785856842,3157,missing
1785856843,3158,missing
1785856843,3163,missing
1785856843,3160,missing
1785856844,3167,missing
1785856844,3162,missing
1785856844,3165,missing
1785856844,3166,missing
1785856844,3170,missing
1785856844,3161,missing
1785856845,3164,missing
1785856845,3172,missing
1785856845,3169,missing
1785856845,3173,missing
1785856845,3171,missing
1785856846,3186,ok
1785856846,3174,missing
1785856847,3178,missing
1785856847,3175,missing
1785856847,3168,missing
1785856847,3179,missing
1785856847,3176,missing
1785856847,3177,missing
1785856848,3182,missing
1785856848,3181,missing
1785856848,3184,missing
1785856849,3185,missing
1785856849,3183,missing
1785856849,3188,missing
1785856849,3200,ok
1785856850,3187,missing
1785856850,3190,missing
1785856850,3189,missing
1785856850,3192,missing
1785856851,3191,missing
1785856851,3194,missing
1785856851,3196,missing
1785856851,3205,ok
1785856851,3180,missing
1785856851,3204,ok
1785856851,3193,missing
1785856851,3207,ok
1785856852,3197,missing
1785856852,3195,missing
1785856852,3208,ok
1785856852,3198,missing
1785856853,3203,missing
1785856853,3216,ok
1785856853,3202,missing
1785856853,3201,missing
1785856853,3199,missing
1785856853,3220,ok
1785856854,3209,missing
1785856854,3224,ok
1785856855,3213,missing
1785856855,3214,missing
1785856855,3215,missing
1785856855,3217,missing
1785856855,3212,missing
1785856855,3210,missing
1785856855,3211,missing
1785856855,3206,missing
1785856856,3222,missing
1785856857,3221,missing
1785856857,3219,missing
1785856858,3225,missing
1785856858,3218,missing
1785856858,3226,missing
1785856858,3227,missing
1785856858,3231,missing
1785856858,3228,missing
1785856858,3239,ok
1785856859,3232,missing
1785856859,3241,ok
1785856859,3235,missing
1785856859,3233,missing
1785856859,3223,missing
1785856860,3230,missing
1785856860,3229,missing
1785856860,3236,missing
1785856860,3234,missing
1785856861,3238,missing
1785856861,3237,missing
1785856861,3242,missing
1785856862,3243,missing
1785856862,3245,missing
1785856862,3244,missing
1785856862,3246,missing
1785856863,3240,missing
1785856863,3248,missing
1785856864,3254,missing
1785856864,3249,missing
1785856864,3251,missing
1785856864,3250,missing
1785856864,3255,missing
1785856865,3256,missing
1785856865,3259,missing
1785856865,3252,missing
1785856865,3247,missing
1785856866,3257,missing
1785856866,3260,missing
1785856866,3266,ok
1785856866,3258,missing
1785856866,3263,missing
1785856866,3269,ok
1785856866,3272,ok
1785856867,3262,missing
1785856867,3265,missing
1785856867,3268,missing
1785856867,3279,ok
1785856867,3253,missing
1785856868,3261,missing
1785856868,3281,ok
1785856868,3267,missing
1785856868,3270,missing
1785856869,3271,missing
1785856869,3264,missing
1785856869,3273,missing
1785856869,3275,missing
1785856869,3276,missing
1785856869,3277,missing
1785856870,3274,missing
1785856870,3280,missing
1785856871,3282,missing
1785856871,3283,missing
1785856871,3285,missing
1785856871,3278,missing
1785856871,3288,missing
1785856872,3286,missing
1785856872,3289,missing
1785856872,3284,missing
1785856872,3287,missing
1785856872,3297,ok
1785856872,3290,missing
1785856873,3293,missing
1785856873,3296,ok
1785856873,3294,missing
1785856873,3295,missing
1785856873,3291,missing
1785856874,3292,missing
1785856874,3299,missing
1785856875,3301,missing
1785856875,3300,missing
1785856875,3303,missing
1785856875,3305,missing
1785856875,3304,missing
1785856876,3302,missing
1785856876,3306,missing
1785856876,3308,missing
1785856876,3298,missing
1785856876,3307,missing
1785856877,3318,ok
1785856877,3309,missing
1785856877,3310,missing
1785856877,3311,missing
1785856877,3312,missing
1785856878,3313,missing
1785856878,3314,missing
1785856878,3315,missing
1785856878,3316,missing
1785856879,3317,missing
1785856879,3320,missing
1785856880,3323,missing
1785856880,3322,missing
1785856880,3319,missing
1785856880,3321,missing
1785856880,3327,missing
1785856880,3326,missing
1785856880,3328,missing
1785856881,3325,missing
1785856881,3331,missing
1785856881,3329,missing
1785856881,3330,missing
1785856882,3324,missing
1785856882,3332,missing
1785856882,3333,missing
1785856883,3339,missing
1785856883,3335,missing
1785856883,3337,missing
1785856884,3338,missing
1785856884,3334,missing
1785856884,3342,missing
1785856884,3341,missing
1785856884,3344,missing
1785856884,3343,missing
1785856885,3336,missing
1785856885,3340,missing
1785856885,3345,missing
1785856885,3346,missing
1785856885,3357,ok
1785856886,3348,missing
1785856886,3358,ok
1785856887,3352,missing
1785856887,3351,missing
1785856887,3349,missing
1785856887,3347,missing
1785856887,3350,missing
1785856887,3353,missing
1785856888,3354,missing
1785856888,3356,missing
1785856888,3360,missing
1785856889,3359,missing
1785856889,3361,missing
1785856889,3362,missing
1785856889,3363,missing
1785856889,3364,missing
1785856890,3355,missing
1785856890,3366,missing
1785856890,3365,missing
1785856890,3369,missing
1785856890,3376,ok
1785856891,3368,missing
1785856891,3378,ok
1785856891,3370,missing
1785856891,3367,missing
1785856891,3374,missing
1785856892,3372,missing
1785856892,3377,missing
1785856892,3373,missing
1785856892,3375,missing
1785856892,3371,missing
1785856893,3379,missing
1785856893,3382,missing
1785856893,3383,missing
1785856894,3392,ok
1785856894,3384,missing
1785856894,3385,missing
1785856894,3381,missing
1785856895,3380,missing
1785856895,3389,missing
1785856895,3387,missing
1785856895,3388,missing
1785856896,3386,missing
1785856896,3390,missing
1785856896,3391,missing
1785856896,3393,missing
1785856896,3394,missing
1785856897,3403,ok
1785856897,3397,missing
1785856897,3395,missing
1785856897,3396,missing
1785856897,3399,missing
1785856898,3401,missing
1785856898,3402,missing
1785856898,3398,missing
1785856898,3400,missing
1785856898,3404,missing
1785856899,3416,ok
1785856899,3406,missing
1785856899,3417,ok
1785856899,3405,missing
1785856899,3418,ok
1785856899,3420,ok
1785856900,3411,missing
1785856900,3424,ok
1785856900,3410,missing
1785856900,3407,missing
1785856900,3412,missing
1785856901,3414,missing
1785856901,3408,missing
1785856901,3413,missing
1785856902,3421,missing
1785856902,3409,missing
1785856902,3422,missing
1785856902,3419,missing
1785856903,3425,missing
1785856903,3433,ok
1785856903,3415,missing
1785856903,3428,missing
1785856903,3427,missing
1785856903,3426,missing
1785856903,3423,missing
1785856904,3430,missing
1785856904,3429,missing
1785856904,3431,missing
1785856904,3432,missing
1785856905,3434,missing
1785856906,3437,missing
1785856906,3435,missing
1785856906,3436,missing
1785856906,3438,missing
1785856906,3443,missing
1785856906,3444,missing
1785856907,3445,missing
1785856907,3448,missing
1785856907,3446,missing
1785856907,3439,missing
1785856907,3441,missing
1785856907,3442,missing
1785856908,3440,missing
1785856908,3447,missing
1785856908,3449,missing
1785856908,3450,missing
1785856909,3453,missing
1785856909,3451,missing
1785856909,3452,missing
1785856909,3454,missing
1785856910,3456,missing
1785856910,3455,missing
1785856910,3457,missing
1785856911,3458,missing
1785856911,3460,missing
1785856911,3462,missing
1785856911,3461,missing
1785856911,3464,missing
1785856911,3463,missing
1785856911,3459,missing
1785856912,3465,missing
1785856912,3466,missing
1785856912,3467,missing
1785856913,3470,missing
1785856913,3478,ok
1785856914,3469,missing
1785856914,3472,missing
1785856914,3474,missing
1785856914,3475,missing
1785856914,3468,missing
1785856915,3476,missing
1785856915,3473,missing
1785856915,3477,missing
1785856915,3479,missing
1785856915,3481,missing
1785856916,3483,missing
1785856916,3482,missing
1785856916,3480,missing
1785856916,3484,missing
1785856916,3471,missing
1785856916,3485,missing
1785856917,3486,missing
1785856917,3488,missing
1785856917,3487,missing
1785856918,3497,ok
1785856918,3503,ok
1785856918,3492,missing
1785856918,3490,missing
1785856918,3489,missing
1785856918,3504,ok
1785856919,3491,missing
1785856919,3493,missing
1785856919,3494,missing
1785856919,3495,missing
1785856919,3498,missing
1785856919,3507,ok
1785856919,3500,missing
1785856920,3499,missing
1785856920,3496,missing
1785856920,3501,missing
1785856921,3502,missing
1785856921,3518,ok
1785856921,3506,missing
1785856921,3509,missing
1785856922,3508,missing
1785856922,3510,missing
1785856922,3513,missing
1785856923,3516,missing
1785856923,3512,missing
1785856923,3505,missing
1785856923,3515,missing
1785856923,3517,missing
1785856923,3511,missing
1785856923,3527,ok
1785856923,3514,missing
1785856924,3520,missing
1785856924,3521,missing
1785856924,3519,missing
1785856925,3523,missing
1785856925,3524,missing
1785856925,3522,missing
1785856926,3525,missing
1785856926,3526,missing
1785856926,3530,missing
1785856926,3531,missing
1785856926,3533,missing
1785856926,3528,missing
1785856927,3529,missing
1785856927,3535,missing
1785856927,3537,missing
1785856927,3534,missing
1785856928,3536,missing
1785856928,3532,missing
1785856928,3547,ok
1785856928,3538,missing
1785856928,3540,missing
1785856928,3544,ok
1785856929,3539,missing
1785856929,3541,missing
1785856929,3543,missing
1785856930,3557,ok
1785856930,3548,missing
1785856930,3542,missing
1785856930,3546,missing
1785856930,3545,missing
1785856931,3549,missing
1785856931,3551,missing
1785856931,3562,ok
1785856931,3552,missing
1785856931,3553,missing
1785856932,3556,missing
1785856932,3550,missing
1785856933,3558,missing
1785856933,3560,missing
1785856933,3554,missing
1785856933,3559,missing
1785856933,3561,missing
1785856934,3565,missing
1785856934,3563,missing
1785856934,3566,missing
1785856935,3570,missing
1785856935,3568,missing
1785856935,3564,missing
1785856935,3569,missing
1785856936,3571,missing
1785856936,3567,missing
1785856936,3575,missing
1785856936,3574,missing
1785856936,3555,missing
1785856936,3577,missing
1785856936,3583,ok
1785856936,3576,missing
1785856937,3572,missing
1785856937,3587,ok
1785856937,3573,missing
1785856937,3579,missing
1785856937,3578,missing
1785856938,3580,missing
1785856938,3591,ok
1785856938,3581,missing
1785856938,3597,ok
1785856939,3582,missing
1785856939,3596,ok
1785856939,3585,missing
1785856940,3584,missing
1785856940,3588,missing
1785856940,3589,missing
1785856940,3590,missing
1785856940,3593,missing
1785856940,3599,ok
1785856940,3595,missing
1785856940,3607,ok
1785856941,3594,missing
1785856941,3592,missing
1785856941,3586,missing
1785856942,3613,ok
1785856942,3601,missing
1785856942,3598,missing
1785856942,3611,ok
1785856942,3602,missing
1785856942,3608,ok
1785856942,3600,missing
1785856943,3617,ok
1785856943,3605,missing
1785856943,3618,ok
1785856943,3603,missing
1785856943,3620,ok
1785856944,3604,missing
1785856944,3610,missing
1785856944,3609,missing
1785856944,3612,missing
1785856944,3614,missing
1785856945,3606,missing
1785856945,3619,missing
1785856945,3615,missing
1785856946,3632,ok
1785856946,3616,missing
1785856946,3621,missing
1785856946,3622,missing
1785856946,3624,missing
1785856947,3628,missing
1785856947,3639,ok
1785856947,3636,ok
1785856948,3625,missing
1785856948,3633,missing
1785856948,3631,missing
1785856948,3623,missing
1785856948,3630,missing
1785856948,3627,missing
1785856949,3629,missing
1785856949,3635,missing
1785856949,3646,ok
1785856949,3626,missing
1785856949,3638,missing
1785856950,3637,missing
1785856950,3640,missing
1785856950,3634,missing
1785856950,3641,missing
1785856950,3642,missing
1785856951,3644,missing
1785856951,3643,missing
1785856952,3647,missing
1785856952,3645,missing
1785856952,3649,missing
1785856952,3651,missing
1785856952,3648,missing
1785856952,3650,missing
1785856952,3652,missing
1785856952,3653,missing
1785856953,3657,missing
1785856954,3654,missing
1785856954,3655,missing
1785856954,3658,missing
1785856954,3656,missing
1785856955,3659,missing
1785856955,3661,missing
1785856955,3660,missing
1785856955,3663,missing
1785856955,3662,missing
1785856955,3666,missing
1785856955,3667,missing
1785856956,3668,missing
1785856956,3665,missing
1785856956,3669,missing
1785856957,3664,missing
1785856957,3672,missing
1785856957,3671,missing
1785856957,3684,ok
1785856958,3673,missing
1785856958,3670,missing
1785856958,3678,missing
1785856958,3676,missing
1785856958,3674,missing
1785856959,3675,missing
1785856959,3690,ok
1785856959,3677,missing
1785856959,3679,missing
1785856959,3680,missing
1785856960,3683,missing
1785856960,3689,ok
1785856960,3685,missing
1785856961,3681,missing
1785856962,3701,ok
1785856962,3688,missing
1785856962,3686,missing
1785856962,3695,missing
1785856962,3682,missing
1785856962,3692,missing
1785856962,3698,missing
1785856963,3691,missing
1785856963,3687,missing
1785856963,3697,missing
1785856963,3700,missing
1785856963,3696,missing
1785856964,3693,missing
1785856964,3699,missing
1785856964,3694,missing
1785856965,3702,missing
1785856965,3705,missing
1785856965,3716,ok
1785856965,3703,missing
1785856966,3708,missing
1785856966,3704,missing
1785856966,3706,missing
1785856966,3711,missing
1785856966,3709,missing
1785856966,3722,ok
1785856967,3710,missing
1785856967,3712,missing
1785856967,3707,missing
1785856967,3713,missing
1785856968,3715,missing
1785856968,3723,ok
1785856968,3718,missing
1785856968,3717,missing
1785856969,3714,missing
1785856969,3720,missing
1785856969,3721,missing
1785856969,3735,ok
1785856969,3727,missing
1785856970,3728,missing
1785856970,3726,missing
1785856970,3730,missing
1785856970,3724,missing
1785856970,3731,missing
1785856970,3719,missing
1785856971,3725,missing
1785856971,3729,missing
1785856971,3733,missing
1785856971,3746,ok
1785856972,3734,missing
1785856973,3736,missing
1785856973,3739,missing
1785856973,3732,missing
1785856974,3738,missing
1785856974,3741,missing
1785856974,3752,ok
1785856974,3743,missing
1785856974,3745,missing
1785856974,3737,missing
1785856974,3744,missing
1785856974,3749,missing
1785856974,3757,ok
1785856974,3748,missing
1785856975,3747,missing
1785856975,3761,ok
1785856976,3742,missing
1785856976,3751,missing
1785856976,3740,ok
1785856976,3754,missing
1785856976,3753,missing
1785856977,3750,missing
1785856977,3760,missing
1785856978,3755,missing
1785856978,3756,missing
1785856978,3762,missing
1785856978,3759,missing
1785856978,3763,missing
1785856978,3758,missing
1785856979,3766,missing
1785856979,3774,ok
1785856979,3768,missing
1785856979,3770,missing
1785856979,3765,missing
1785856980,3767,missing
1785856980,3771,missing
1785856980,3782,ok
1785856981,3764,missing
1785856981,3769,missing
1785856981,3773,missing
1785856981,3785,ok
1785856981,3775,missing
1785856981,3788,ok
1785856982,3779,missing
1785856982,3776,missing
1785856982,3772,missing
1785856982,3777,missing
1785856982,3778,missing
1785856982,3781,missing
1785856983,3783,missing
1785856983,3784,missing
1785856983,3780,missing
1785856983,3792,ok
1785856984,3787,missing
1785856984,3789,missing
1785856985,3791,missing
1785856985,3793,missing
1785856985,3786,missing
1785856985,3795,missing
1785856985,3796,missing
1785856986,3798,missing
1785856986,3794,missing
1785856986,3790,missing
1785856986,3799,missing
1785856986,3797,missing
1785856986,3802,missing
1785856986,3800,missing
1785856987,3804,missing
1785856988,3803,missing
1785856988,3805,missing
1785856988,3807,missing
1785856988,3801,missing
1785856989,3808,missing
1785856989,3812,missing
1785856989,3809,missing
1785856989,3813,missing
1785856989,3810,missing
1785856989,3814,missing
1785856989,3806,missing
1785856990,3816,missing
1785856990,3817,missing
1785856991,3815,missing
1785856991,3824,ok
1785856991,3818,missing
1785856991,3819,missing
1785856991,3811,missing
1785856991,3826,ok
1785856991,3821,missing
1785856991,3822,missing
1785856992,3820,missing
1785856992,3823,missing
1785856993,3827,missing
1785856993,3825,missing
1785856994,3830,missing
1785856994,3832,missing
1785856994,3831,missing
1785856994,3829,missing
1785856994,3833,missing
1785856994,3828,missing
1785856995,3836,missing
1785856995,3840,missing
1785856995,3837,missing
1785856995,3839,missing
1785856996,3834,missing
1785856996,3838,missing
1785856996,3841,missing
1785856996,3835,missing
1785856997,3842,missing
1785856997,3843,missing
1785856997,3846,missing
1785856997,3844,missing
1785856998,3851,missing
1785856998,3848,missing
1785856999,3853,missing
1785856999,3852,missing
1785856999,3845,missing
1785856999,3849,missing
1785857000,3856,missing
1785857000,3857,missing
1785857000,3850,missing
1785857000,3855,missing
1785857000,3864,ok
1785857000,3854,missing
1785857001,3860,missing
1785857001,3858,missing
1785857001,3862,missing
1785857002,3859,missing
1785857002,3861,missing
1785857003,3863,missing
1785857003,3868,missing
1785857003,3866,missing
1785857003,3870,missing
1785857003,3865,missing
1785857003,3875,ok
1785857003,3869,missing
1785857004,3871,missing
1785857004,3873,missing
1785857004,3878,ok
1785857004,3867,missing
1785857004,3872,missing
1785857004,3874,missing
1785857005,3876,missing
1785857005,3889,ok
1785857005,3877,missing
1785857006,3882,missing
1785857007,3884,missing
1785857007,3879,missing
1785857007,3880,missing
1785857007,3881,missing
1785857007,3883,missing
1785857007,3887,missing
1785857007,3886,missing
1785857008,3895,ok
1785857008,3890,missing
1785857008,3892,missing
1785857008,3888,missing
1785857008,3894,missing
1785857008,3891,missing
1785857009,3893,missing
1785857009,3906,ok
1785857010,3885,missing
1785857010,3896,missing
1785857010,3897,missing
1785857010,3901,missing
1785857010,3899,missing
1785857011,3898,missing
1785857011,3900,missing
1785857011,3913,ok
1785857011,3912,ok
1785857011,3905,missing
1785857011,3902,missing
1785857012,3907,missing
1785857012,3903,missing
1785857012,3914,ok
1785857012,3909,missing
1785857012,3908,missing
1785857013,3910,missing
1785857013,3911,missing
1785857013,3921,ok
1785857013,3926,ok
1785857014,3924,ok
1785857014,3916,missing
1785857014,3915,missing
1785857015,3920,missing
1785857015,3922,missing
1785857015,3919,missing
1785857015,3918,missing
1785857015,3931,ok
1785857015,3923,missing
1785857016,3938,ok
1785857016,3917,missing
1785857016,3927,missing
1785857016,3928,missing
1785857017,3930,missing
1785857017,3929,missing
1785857017,3933,missing
1785857018,3932,missing
1785857018,3934,missing
1785857018,3939,missing
1785857019,3936,missing
1785857019,3925,missing
1785857019,3937,missing
1785857019,3935,missing
1785857019,3941,missing
1785857019,3904,missing
1785857019,3949,ok
1785857020,3942,missing
1785857020,3952,ok
1785857020,3943,missing
1785857020,3940,missing
1785857020,3944,missing
1785857021,3945,missing
1785857021,3948,missing
1785857022,3946,missing
1785857022,3950,missing
1785857023,3951,missing
1785857023,3955,missing
1785857023,3953,missing
1785857023,3954,missing
1785857023,3960,missing
1785857024,3957,missing
1785857024,3961,missing
1785857024,3958,missing
1785857024,3947,missing
1785857024,3959,missing
1785857024,3963,missing
1785857025,3956,missing
1785857025,3962,missing
1785857026,3964,missing
1785857026,3966,missing
1785857026,3967,missing
1785857026,3965,missing
1785857026,3969,missing
1785857027,3983,ok
1785857027,3847,ok
1785857027,3982,ok
1785857027,3973,missing
1785857027,3975,missing
1785857028,3971,missing
1785857028,3968,missing
1785857028,3972,missing
1785857028,3970,missing
1785857028,3976,missing
1785857028,3974,missing
1785857028,3977,missing
1785857029,3987,ok
1785857029,3978,missing
1785857029,3979,missing
1785857029,3980,missing
1785857029,3993,ok
1785857030,3981,missing
1785857030,3997,ok
1785857030,3985,missing
1785857031,3984,missing
1785857031,3989,missing
1785857031,3990,missing
1785857031,3988,missing
1785857031,3992,missing
1785857031,3986,missing
1785857032,3994,missing
1785857032,3991,missing
1785857032,3996,missing
1785857032,3995,missing
1785857033,3998,missing
1785857033,3999,missing
1785857033,4001,missing
1785857033,4009,ok
1785857034,4003,missing
1785857034,4006,missing
1785857034,4002,missing
1785857034,4013,ok
1785857034,4008,missing
1785857034,4004,missing
1785857035,4007,missing
1785857035,4012,missing
1785857035,4000,missing
1785857035,4005,missing
1785857035,4010,missing
1785857035,4011,missing
1785857036,4015,missing
1785857036,4014,missing
1785857036,4016,missing
1785857037,4017,missing
1785857038,4018,missing
1785857038,4022,missing
1785857038,4019,missing
1785857038,4020,missing
1785857038,4024,missing
1785857038,4021,missing
1785857038,4025,missing
1785857038,4026,missing
1785857039,4027,missing
1785857039,4028,missing
1785857039,4023,missing
1785857039,4029,missing
1785857040,4032,missing
1785857040,4030,missing
1785857040,4031,missing
1785857041,4033,missing
1785857041,4034,missing
1785857041,4036,missing
1785857042,4037,missing
1785857042,4041,missing
1785857042,4039,missing
1785857042,4040,missing
1785857042,4043,missing
1785857043,4038,missing
1785857043,4042,missing
1785857043,4047,missing
1785857043,4035,missing
1785857043,4046,missing
1785857043,4052,ok
1785857044,4053,ok
1785857044,4057,ok
1785857044,4049,missing
1785857044,4045,missing
1785857044,4044,missing
1785857044,4061,ok
1785857044,4058,ok
1785857045,4051,missing
1785857045,4064,ok
1785857045,4067,ok
1785857045,4050,missing
1785857045,4054,missing
1785857046,4059,missing
1785857046,4056,missing
1785857047,4060,missing
1785857047,4063,missing
1785857047,4055,missing
1785857047,4068,missing
1785857048,4048,missing
1785857048,4066,missing
1785857048,4069,missing
1785857048,4073,missing
1785857048,4065,missing
1785857048,4062,missing
1785857048,4070,missing
1785857049,4074,missing
1785857049,4072,missing
1785857049,4079,ok
1785857050,4071,missing
1785857050,4075,missing
1785857050,4076,missing
1785857050,4083,ok
1785857051,4080,missing
1785857051,4077,missing
1785857051,4078,missing
1785857052,4085,missing
1785857052,4087,missing
1785857052,4082,missing
1785857052,4081,missing
1785857052,4086,missing
1785857052,4089,missing
1785857052,4090,missing
1785857052,4088,missing
1785857053,4084,missing
1785857053,4091,missing
1785857053,4094,missing
1785857053,4092,missing
1785857054,4103,ok
1785857054,4093,missing
1785857054,4105,ok
1785857054,4095,missing
1785857054,4096,missing
1785857055,4100,missing
1785857055,4097,missing
1785857055,4101,missing
1785857056,4102,missing
1785857056,4104,missing
1785857056,4099,missing
1785857056,4098,missing
1785857056,4107,missing
1785857057,4108,missing
1785857057,4106,missing
1785857057,4110,missing
1785857057,4111,missing
1785857057,4113,missing
1785857058,4112,missing
1785857058,4114,missing
1785857058,4109,missing
1785857059,4118,missing
1785857059,4116,missing
1785857059,4115,missing
1785857059,4128,ok
1785857059,4119,missing
1785857059,4120,missing
1785857060,4122,missing
1785857060,4117,missing
1785857060,4124,missing
1785857061,4123,missing
1785857061,4125,missing
1785857061,4121,missing
1785857061,4126,missing
1785857061,4129,missing
1785857062,4130,missing
1785857062,4134,missing
1785857062,4133,missing
1785857063,4136,missing
1785857063,4132,missing
1785857063,4135,missing
1785857063,4144,ok
1785857063,4127,missing
1785857063,4138,missing
1785857063,4137,missing
1785857064,4147,ok
1785857064,4140,missing
1785857065,4141,missing
1785857065,4142,missing
1785857065,4143,missing
1785857065,4155,ok
1785857066,4148,missing
1785857066,4139,missing
1785857066,4149,missing
1785857066,4150,missing
1785857066,4145,missing
1785857067,4152,missing
1785857067,4146,missing
1785857067,4154,missing
1785857067,4151,missing
1785857067,4153,missing
1785857067,4156,missing
1785857068,4165,ok
1785857068,4131,missing
1785857068,4157,missing
1785857068,4158,missing
1785857069,4159,missing
1785857069,4161,missing
1785857070,4163,missing
1785857070,4160,missing
1785857070,4167,missing
1785857070,4169,missing
1785857070,4168,missing
1785857071,4164,missing
1785857071,4162,missing
1785857071,4170,missing
1785857071,4166,missing
1785857071,4172,missing
1785857071,4171,missing
1785857072,4174,missing
1785857072,4175,missing
1785857072,4190,ok
1785857072,4176,missing
1785857073,4187,ok
1785857073,4177,missing
1785857073,4179,missing
1785857073,4173,missing
1785857073,4178,missing
1785857074,4193,ok
1785857074,4180,missing
1785857074,4181,missing
1785857074,4186,missing
1785857074,4197,ok
1785857074,4183,missing
1785857074,4184,missing
1785857075,4185,missing
1785857075,4188,missing
1785857075,4182,missing
1785857075,4191,missing
1785857076,4189,missing
1785857076,4192,missing
1785857077,4196,missing
1785857077,4195,missing
1785857077,4198,missing
1785857077,4194,missing
1785857077,4199,missing
1785857077,4203,missing
1785857077,4204,missing
1785857078,4201,missing
1785857078,4205,missing
1785857079,4208,missing
1785857079,4209,missing
1785857079,4210,missing
1785857080,4200,missing
1785857080,4207,missing
1785857080,4206,missing
1785857080,4219,ok
1785857080,4211,missing
1785857080,4202,missing
1785857080,4212,missing
1785857081,4214,missing
1785857081,4216,missing
1785857081,4218,missing
1785857081,4215,missing
1785857082,4231,ok
1785857082,4221,missing
1785857083,4213,missing
1785857083,4224,missing
1785857083,4225,missing
1785857084,4227,missing
1785857084,4230,missing
1785857084,4223,missing
1785857084,4217,missing
1785857084,4226,missing
1785857084,4220,missing
1785857085,4229,missing
1785857085,4228,missing
1785857085,4233,missing
1785857085,4232,missing
1785857086,4222,missing
1785857086,4235,missing
1785857086,4234,missing
1785857086,4236,missing
1785857087,4238,missing
1785857087,4237,missing
1785857087,4239,missing
1785857088,4240,missing
1785857088,4241,missing
1785857088,4247,missing
1785857088,4243,missing
1785857089,4246,missing
1785857089,4248,missing
1785857089,4245,missing
1785857089,4244,missing
1785857089,4250,missing
1785857089,4249,missing
1785857089,4259,ok
1785857090,4242,missing
1785857090,4252,missing
1785857090,4251,missing
1785857091,4254,missing
1785857091,4256,missing
1785857091,4257,missing
1785857091,4255,missing
1785857092,4261,missing
1785857092,4262,missing
1785857092,4253,missing
1785857093,4272,ok
1785857093,4263,missing
1785857093,4258,missing
1785857093,4273,ok
1785857093,4260,missing
1785857093,4266,missing
1785857093,4268,missing
1785857093,4269,missing
1785857094,4267,missing
1785857094,4265,missing
1785857094,4279,ok
1785857094,4270,missing
1785857095,4264,missing
1785857095,4271,missing
1785857095,4286,ok
1785857096,4274,missing
1785857096,4275,missing
1785857096,4276,missing
1785857096,4291,ok
1785857096,4289,ok
1785857097,4277,missing
1785857097,4281,missing
1785857097,4280,missing
1785857097,4282,missing
1785857097,4278,missing
1785857097,4297,ok
1785857098,4285,missing
1785857098,4290,missing
1785857098,4284,missing
1785857098,4287,missing
1785857098,4283,missing
1785857098,4288,missing
1785857099,4299,ok
1785857099,4293,missing
1785857100,4296,missing
1785857100,4292,missing
1785857100,4298,missing
1785857100,4294,missing
1785857100,4295,missing
1785857101,4303,missing
1785857101,4300,missing
1785857101,4305,missing
1785857102,4301,missing
1785857102,4302,missing
1785857102,4308,missing
1785857102,4304,missing
1785857103,4306,missing
1785857103,4311,missing
1785857103,4309,missing
1785857103,4321,ok
1785857103,4314,missing
1785857104,4323,ok
1785857104,4310,missing
1785857104,4307,missing
1785857104,4313,missing
1785857104,4326,ok
1785857104,4317,missing
1785857105,4319,missing
1785857105,4320,missing
1785857105,4316,missing
1785857105,4334,ok
1785857105,4312,missing
1785857106,4322,missing
1785857106,4318,missing
1785857106,4315,missing
1785857106,4335,ok
1785857107,4324,missing
1785857107,4338,ok
1785857107,4325,missing
1785857107,4330,missing
1785857107,4337,ok
1785857107,4327,missing
1785857108,4331,missing
1785857108,4333,missing
1785857108,4328,missing
1785857108,4329,missing
1785857108,4332,missing
1785857109,4352,ok
1785857109,4341,missing
1785857109,4339,missing
1785857110,4336,missing
1785857110,4344,missing
1785857110,4342,missing
1785857110,4340,missing
1785857110,4345,missing
1785857111,4347,missing
1785857111,4351,missing
1785857111,4348,missing
1785857111,4346,missing
1785857111,4343,missing
1785857111,4350,missing
1785857112,4353,missing
1785857112,4354,missing
1785857113,4349,missing
1785857113,4355,missing
1785857113,4357,missing
1785857114,4362,missing
1785857114,4358,missing
1785857114,4360,missing
1785857114,4359,missing
1785857114,4365,missing
1785857115,4361,missing
1785857115,4356,missing
1785857115,4372,ok
1785857115,4374,ok
1785857115,4366,missing
1785857115,4367,missing
1785857115,4364,missing
1785857115,4363,missing
1785857115,4368,missing
1785857116,4377,ok
1785857116,4369,missing
1785857116,4370,missing
1785857117,4382,ok
1785857117,4373,missing
1785857118,4379,missing
1785857118,4380,missing
1785857118,4375,missing
1785857118,4383,missing
1785857118,4378,missing
1785857118,4376,missing
1785857119,4386,missing
1785857119,4393,ok
1785857119,4381,missing
1785857119,4385,missing
1785857119,4387,missing
1785857119,4384,missing
1785857119,4388,missing
1785857120,4389,missing
1785857120,4390,missing
1785857120,4398,ok
1785857120,4400,ok
1785857121,4391,missing
1785857121,4371,missing
1785857122,4396,missing
1785857122,4394,missing
1785857122,4397,missing
1785857122,4392,missing
1785857122,4395,missing
1785857123,4404,missing
1785857123,4407,missing
1785857123,4405,missing
1785857123,4402,missing
1785857123,4401,missing
1785857123,4406,missing
1785857124,4403,missing
1785857124,4408,missing
1785857125,4409,missing
1785857125,4411,missing
1785857125,4421,ok
1785857125,4415,missing
1785857126,4399,missing
1785857126,4413,missing
1785857126,4416,missing
1785857126,4410,missing
1785857126,4412,missing
1785857126,4419,missing
1785857127,4414,missing
1785857127,4420,missing
1785857127,4431,ok
1785857127,4417,missing
1785857127,4422,missing
1785857127,4418,missing
1785857127,4423,missing
1785857129,4424,missing
1785857129,4426,missing
1785857129,4428,missing
1785857130,4427,missing
1785857130,4429,missing
1785857130,4430,missing
1785857130,4436,missing
1785857130,4434,missing
1785857130,4432,missing
1785857130,4437,missing
1785857130,4425,missing
1785857131,4439,missing
1785857131,4435,missing
1785857131,4440,missing
1785857131,4438,missing
1785857131,4444,ok
1785857131,4433,missing
1785857132,4450,ok
1785857132,4441,missing
1785857132,4449,ok
1785857132,4447,ok
1785857132,4442,missing
1785857133,4461,ok
1785857133,4459,ok
1785857133,4446,missing
1785857134,4451,missing
1785857134,4453,missing
1785857134,4445,missing
1785857134,4448,missing
1785857135,4452,missing
1785857135,4454,missing
1785857135,4455,missing
1785857135,4456,missing
1785857135,4457,missing
1785857135,4458,missing
1785857136,4443,missing
1785857136,4460,missing
1785857136,4463,missing
1785857136,4462,missing
1785857136,4475,ok
1785857137,4464,missing
1785857137,4476,ok
1785857137,4465,missing
1785857137,4467,missing
1785857138,4480,ok
1785857138,4468,missing
1785857138,4466,missing
1785857138,4473,missing
1785857138,4469,missing
1785857138,4470,missing
1785857138,4474,missing
1785857139,4472,missing
1785857139,4471,missing
1785857139,4479,missing
1785857140,4477,missing
1785857140,4481,missing
1785857141,4483,missing
1785857141,4478,missing
1785857141,4484,missing
1785857141,4496,ok
1785857141,4488,missing
1785857141,4493,ok
1785857141,4482,missing
1785857141,4486,missing
1785857142,4487,missing
1785857142,4490,missing
1785857142,4497,ok
1785857142,4489,missing
1785857143,4491,missing
1785857143,4492,missing
1785857143,4494,missing
1785857143,4503,ok
1785857144,4495,missing
1785857144,4485,missing
1785857144,4509,ok
1785857144,4498,missing
1785857145,4502,missing
1785857145,4499,missing
1785857145,4504,missing
1785857145,4500,missing
1785857145,4501,missing
1785857145,4513,ok
1785857146,4511,missing
1785857146,4507,missing
1785857146,4508,missing
1785857146,4506,missing
1785857147,4505,missing
1785857147,4510,missing
1785857147,4512,missing
1785857147,4526,ok
1785857147,4515,missing
1785857148,4514,missing
1785857148,4528,ok
1785857148,4522,missing
1785857148,4517,missing
1785857148,4518,missing
1785857148,4519,missing
1785857148,4520,missing
1785857149,4531,ok
1785857149,4530,ok
1785857149,4521,missing
1785857149,4535,ok
1785857149,4516,missing
1785857149,4534,ok
1785857150,4523,missing
1785857150,4524,missing
1785857150,4525,missing
1785857150,4527,missing
1785857150,4529,missing
1785857151,4532,missing
1785857151,4533,missing
1785857152,4536,missing
1785857152,4538,missing
1785857152,4549,ok
1785857153,4542,missing
1785857153,4540,missing
1785857153,4537,missing
1785857153,4539,missing
1785857153,4541,missing
1785857154,4548,missing
1785857154,4546,missing
1785857154,4543,missing
1785857154,4547,missing
1785857154,4554,ok
1785857154,4545,missing
1785857154,4544,missing
1785857155,4561,ok
1785857155,4552,missing
1785857155,4553,missing
1785857155,4550,missing
1785857156,4556,missing
1785857156,4557,missing
1785857157,4555,missing
1785857157,4558,missing
1785857157,4560,missing
1785857157,4565,missing
1785857157,4566,missing
1785857157,4559,missing
1785857157,4563,missing
1785857157,4551,missing
1785857157,4574,ok
1785857158,4564,missing
1785857158,4562,missing
1785857158,4568,missing
1785857158,4572,ok
1785857158,4567,missing
1785857159,4570,missing
1785857159,4569,missing
1785857159,4577,ok
1785857159,4571,missing
1785857159,4585,ok
1785857160,4583,ok
1785857161,4578,missing
1785857161,4579,missing
1785857161,4575,missing
1785857161,4580,missing
1785857161,4582,missing
1785857161,4584,missing
1785857162,4586,missing
1785857162,4573,missing
1785857162,4594,ok
1785857162,4587,missing
1785857162,4588,missing
1785857162,4581,missing
1785857162,4589,missing
1785857162,4576,missing
1785857163,4599,ok
1785857164,4593,missing
1785857164,4591,missing
1785857164,4592,missing
1785857164,4590,missing
1785857164,4596,missing
1785857165,4595,missing
1785857165,4600,missing
1785857165,4605,missing
1785857165,4601,missing
1785857166,4597,missing
1785857166,4609,ok
1785857166,4604,missing
1785857166,4613,ok
1785857166,4603,missing
1785857167,4607,missing
1785857167,4598,missing
1785857167,4606,missing
1785857167,4621,ok
1785857167,4610,missing
1785857168,4617,ok
1785857168,4608,missing
1785857168,4602,missing
1785857168,4611,missing
1785857169,4615,missing
1785857169,4614,missing
1785857169,4620,missing
1785857169,4612,missing
1785857169,4618,missing
1785857169,4619,missing
1785857170,4623,missing
1785857170,4624,missing
1785857170,4622,missing
1785857171,4635,ok
1785857171,4627,missing
1785857171,4626,missing
1785857171,4628,missing
1785857172,4629,missing
1785857172,4625,missing
1785857172,4630,missing
1785857172,4616,missing
1785857173,4631,missing
1785857173,4633,missing
1785857173,4643,ok
1785857173,4639,ok
1785857173,4632,missing
1785857173,4637,missing
1785857173,4638,missing
1785857173,4649,ok
1785857174,4634,missing
1785857174,4650,ok
1785857174,4641,missing
1785857174,4640,missing
1785857175,4656,ok
1785857175,4642,missing
1785857175,4645,missing
1785857175,4644,missing
1785857176,4647,missing
1785857176,4646,missing
1785857176,4662,ok
1785857176,4652,missing
1785857176,4653,missing
1785857177,4648,missing
1785857177,4651,missing
1785857177,4654,missing
1785857177,4655,missing
1785857177,4658,missing
1785857178,4657,missing
1785857178,4660,missing
1785857178,4661,missing
1785857179,4659,missing
1785857179,4663,missing
1785857179,4664,missing
1785857179,4675,ok
1785857179,4666,missing
1785857180,4667,missing
1785857180,4668,missing
1785857180,4669,missing
1785857180,4665,missing
1785857181,4671,missing
1785857181,4673,missing
1785857181,4670,missing
1785857181,4686,ok
1785857181,4674,missing
1785857181,4672,missing
1785857182,4677,missing
1785857182,4676,missing
1785857182,4636,missing
1785857183,4678,missing
1785857183,4682,missing
1785857183,4683,missing
1785857183,4684,missing
1785857184,4679,missing
1785857184,4681,missing
1785857184,4680,missing
1785857184,4688,missing
1785857184,4687,missing
1785857184,4685,missing
1785857184,4689,missing
1785857185,4690,missing
1785857185,4691,missing
1785857186,4692,missing
1785857186,4693,missing
1785857186,4696,missing
1785857187,4695,missing
1785857187,4694,missing
1785857187,4700,missing
1785857187,4701,missing
1785857187,4699,missing
1785857187,4703,missing
1785857188,4697,missing
1785857188,4713,ok
1785857188,4706,missing
1785857188,4704,missing
1785857188,4698,missing
1785857188,4702,missing
1785857189,4705,missing
1785857189,4708,missing
1785857190,4710,missing
1785857190,4709,missing
1785857190,4712,missing
1785857190,4723,ok
1785857190,4711,missing
1785857190,4707,missing
1785857191,4715,missing
1785857191,4721,missing
1785857192,4720,missing
1785857192,4717,missing
1785857192,4716,missing
1785857192,4722,missing
1785857192,4719,missing
1785857192,4718,missing
1785857193,4724,missing
1785857193,4714,missing
1785857193,4727,missing
1785857193,4728,missing
1785857194,4729,missing
1785857194,4726,missing
1785857194,4731,missing
1785857195,4730,missing
1785857195,4735,missing
1785857195,4736,missing
1785857195,4733,missing
1785857196,4725,missing
1785857196,4737,missing
1785857196,4734,missing
1785857196,4738,missing
1785857196,4732,missing
1785857197,4747,ok
1785857197,4740,missing
1785857197,4739,missing
1785857198,4741,missing
1785857198,4744,missing
1785857198,4742,missing
1785857198,4745,missing
1785857198,4743,missing
1785857199,4746,missing
1785857199,4751,missing
1785857199,4758,ok
1785857199,4750,missing
1785857199,4749,missing
1785857200,4754,missing
1785857200,4753,missing
1785857200,4764,ok
1785857200,4756,missing
1785857201,4755,missing
1785857201,4752,missing
1785857201,4759,missing
1785857201,4748,missing
1785857201,4757,missing
1785857202,4761,missing
1785857202,4762,missing
1785857202,4760,missing
1785857202,4763,missing
1785857203,4765,missing
1785857203,4767,missing
1785857203,4766,missing
1785857203,4769,missing
1785857204,4771,missing
1785857204,4774,missing
1785857204,4768,missing
1785857205,4772,missing
1785857205,4773,missing
1785857205,4770,missing
1785857205,4779,missing
1785857205,4776,missing
1785857206,4780,missing
1785857206,4777,missing
1785857206,4778,missing
1785857206,4781,missing
1785857206,4782,missing
1785857206,4784,missing
1785857207,4783,missing
1785857207,4794,ok
1785857207,4775,missing
1785857208,4787,missing
1785857208,4786,missing
1785857208,4792,missing
1785857208,4788,missing
1785857209,4789,missing
1785857209,4793,missing
1785857209,4791,missing
1785857210,4805,ok
1785857210,4796,missing
1785857210,4790,missing
1785857210,4797,missing
1785857210,4795,missing
1785857210,4798,missing
1785857211,4799,missing
1785857211,4801,missing
1785857211,4800,missing
1785857211,4814,ok
1785857211,4803,missing
1785857212,4802,missing
1785857212,4804,missing
1785857212,4806,ok
1785857212,4816,ok
1785857212,4818,ok
1785857213,4819,ok
1785857213,4808,missing
1785857213,4812,missing
1785857213,4813,missing
1785857213,4820,ok
1785857213,4821,ok
1785857213,4811,missing
1785857214,4785,missing
1785857214,4810,missing
1785857214,4809,missing
1785857214,4807,missing
1785857214,4817,missing
1785857215,4815,missing
1785857216,4824,missing
1785857216,4826,missing
1785857216,4825,missing
1785857216,4822,missing
1785857217,4830,missing
1785857217,4838,ok
1785857217,4828,missing
1785857217,4829,missing
1785857217,4827,missing
1785857217,4823,missing
1785857217,4834,missing
1785857217,4835,missing
1785857218,4833,missing
1785857218,4847,ok
1785857218,4836,missing
1785857218,4831,missing
1785857218,4837,missing
1785857219,4832,missing
1785857219,4840,missing
1785857220,4841,missing
1785857220,4842,missing
1785857220,4854,ok
1785857220,4839,missing
1785857220,4851,ok
1785857220,4843,missing
1785857221,4848,missing
1785857221,4844,missing
1785857221,4845,missing
1785857221,4861,ok
1785857221,4850,missing
1785857221,4849,missing
1785857221,4852,missing
1785857222,4853,missing
1785857222,4846,missing
1785857222,4855,missing
1785857223,4856,missing
1785857223,4859,missing
1785857223,4860,missing
1785857224,4857,missing
1785857224,4858,missing
1785857224,4874,ok
1785857225,4866,missing
1785857225,4865,missing
1785857225,4867,missing
1785857225,4864,missing
1785857225,4868,missing
1785857225,4863,missing
1785857226,4869,missing
1785857226,4871,missing
1785857226,4872,missing
1785857226,4870,missing
1785857226,4862,missing
1785857226,4881,ok
1785857226,4882,ok
1785857226,4873,missing
1785857226,4884,ok
1785857227,4876,missing
1785857227,4875,missing
1785857228,4878,missing
1785857228,4879,missing
1785857228,4877,missing
1785857228,4883,missing
1785857228,4880,missing
1785857229,4886,missing
1785857229,4885,missing
1785857229,4891,missing
1785857230,4889,missing
1785857230,4888,missing
1785857230,4890,missing
1785857230,4892,missing
1785857230,4887,missing
1785857230,4893,missing
1785857231,4909,ok
1785857231,4895,missing
1785857231,4896,missing
1785857231,4894,missing
1785857231,4905,ok
1785857232,4899,missing
1785857232,4898,missing
1785857232,4907,ok
1785857233,4897,missing
1785857233,4902,missing
1785857233,4903,missing
1785857233,4904,missing
1785857233,4901,missing
1785857233,4906,missing
1785857234,4908,missing
1785857234,4910,missing
1785857234,4900,missing
1785857234,4919,ok
1785857235,4912,missing
1785857235,4917,missing
1785857235,4916,missing
1785857236,4915,missing
1785857236,4911,missing
1785857236,4913,missing
1785857236,4926,ok
1785857236,4914,missing
1785857237,4920,missing
1785857237,4918,missing
1785857237,4923,missing
1785857237,4922,missing
1785857237,4921,missing
1785857238,4925,missing
1785857238,4924,missing
1785857238,4939,ok
1785857238,4927,missing
1785857239,4929,missing
1785857239,4931,missing
1785857239,4933,missing
1785857239,4930,missing
1785857239,4928,missing
1785857240,4935,missing
1785857240,4932,missing
1785857240,4946,ok
1785857240,4945,ok
1785857240,4934,missing
1785857241,4950,ok
1785857241,4940,missing
1785857241,4938,missing
1785857241,4943,missing
1785857242,4937,missing
1785857242,4942,missing
1785857242,4936,missing
1785857242,4941,missing
1785857243,4947,missing
1785857243,4958,ok
1785857243,4949,missing
1785857243,4944,missing
1785857243,4951,missing
1785857243,4953,missing
1785857244,4952,missing
1785857244,4948,missing
1785857244,4966,ok
1785857244,4971,ok
1785857244,4956,missing
1785857245,4955,missing
1785857245,4957,missing
1785857245,4954,missing
1785857245,4968,ok
1785857245,4964,ok
1785857245,4960,missing
1785857246,4961,missing
1785857246,4963,missing
1785857246,4965,missing
1785857247,4972,ok
1785857247,4959,missing
1785857247,4969,missing
1785857247,4967,missing
1785857247,4970,missing
1785857247,4962,missing
1785857248,4975,missing
1785857248,4978,missing
1785857248,4988,ok
1785857248,4977,missing
1785857249,4979,missing
1785857249,4976,missing
1785857249,4980,missing
1785857249,4974,missing
1785857249,4981,ok
1785857249,4989,ok
1785857249,4987,ok
1785857250,4973,missing
1785857250,4999,ok
1785857250,4985,missing
1785857251,4986,missing
1785857252,5001,ok
1785857252,4982,missing
1785857252,4983,missing
1785857252,4984,missing
1785857252,4994,missing
1785857252,4991,missing
1785857252,4997,missing
1785857253,4996,missing
1785857253,4992,missing
1785857253,4990,missing
1785857253,5000,missing
1785857253,4993,missing
1785857253,4998,missing
1785857254,5002,missing
1785857254,4995,missing
1785857255,5008,missing
1785857255,5009,missing
1785857255,5003,missing
1785857256,5010,missing
1785857256,5012,missing
1785857256,5006,missing
1785857256,5005,missing
1785857256,5007,missing
1785857257,5004,missing
1785857257,5015,missing
1785857257,5016,missing
1785857257,5013,missing
1785857257,5014,missing
1785857258,5018,missing
1785857258,5011,missing
1785857258,5025,ok
1785857258,5017,missing
1785857259,5019,missing
1785857259,5022,missing
1785857259,5029,ok
1785857260,5020,missing
1785857260,5026,missing
1785857260,5036,ok
1785857260,5021,missing
1785857260,5027,missing
1785857260,5024,missing
1785857260,5023,missing
1785857261,5030,ok
1785857261,5028,missing
1785857261,5031,missing
1785857262,5032,missing
1785857262,5033,missing
1785857262,5048,ok
1785857262,5034,missing
1785857263,5035,missing
1785857263,5038,missing
1785857263,5051,ok
1785857263,5037,missing
1785857264,5041,missing
1785857264,5044,missing
1785857264,5043,missing
1785857264,5046,missing
1785857264,5045,missing
1785857264,5056,ok
1785857264,5042,missing
1785857264,5039,missing
1785857265,5047,missing
1785857265,5040,missing
1785857265,5050,missing
1785857267,5049,missing
1785857267,5053,missing
1785857267,5055,missing
1785857267,5052,missing
1785857267,5058,missing
1785857267,5054,missing
1785857268,5062,missing
1785857268,5066,missing
1785857268,5059,missing
1785857268,5064,missing
1785857268,5068,ok
1785857268,5063,missing
1785857269,5057,missing
1785857269,5067,missing
1785857269,5061,missing
1785857269,5060,missing
1785857270,5070,missing
1785857270,5065,missing
1785857270,5072,missing
1785857271,5073,missing
1785857271,5069,missing
1785857271,5071,missing
1785857272,5075,missing
1785857272,5080,missing
1785857272,5079,missing
1785857272,5074,missing
1785857272,5076,missing
1785857272,5077,missing
1785857273,5078,missing
1785857273,5091,ok
1785857273,5081,missing
1785857273,5083,missing
1785857273,5082,missing
1785857274,5086,missing
1785857274,5084,missing
1785857274,5085,missing
1785857275,5102,ok
1785857275,5088,missing
1785857275,5087,missing
1785857275,5089,missing
1785857275,5093,missing
1785857275,5090,missing
1785857276,5092,missing
1785857276,5094,missing
1785857276,5097,missing
1785857276,5096,missing
1785857277,5111,ok
1785857277,5108,ok
1785857277,5098,missing
1785857277,5103,missing
1785857278,5099,missing
1785857278,5100,missing
1785857278,5095,missing
1785857278,5105,missing
1785857278,5101,missing
1785857278,5117,ok
1785857279,5104,missing
1785857279,5109,missing
1785857279,5106,missing
1785857279,5110,missing
1785857279,5112,missing
1785857280,5115,missing
1785857280,5114,missing
1785857281,5116,missing
1785857281,5118,missing
1785857282,5122,missing
1785857282,5119,missing
1785857282,5113,missing
1785857282,5121,missing
1785857282,5123,missing
1785857282,5107,missing
1785857282,5120,missing
1785857283,5135,ok
1785857283,5127,missing
1785857283,5124,missing
1785857283,5126,missing
1785857283,5128,missing
1785857283,5136,ok
1785857283,5125,missing
1785857284,5129,missing
1785857284,5131,missing
1785857284,5130,missing
1785857284,5132,missing
1785857285,5133,missing
1785857285,5134,missing
1785857285,5138,missing
1785857286,5139,missing
1785857286,5137,missing
1785857286,5152,ok
1785857286,5151,ok
1785857287,5140,missing
1785857287,5146,missing
1785857287,5141,missing
1785857287,5142,missing
1785857287,5143,missing
1785857287,5144,missing
1785857287,5155,ok
1785857288,5147,missing
1785857288,5149,missing
1785857288,5148,missing
1785857288,5150,missing
1785857288,5145,missing
1785857289,5156,missing
1785857289,5162,ok
1785857290,5154,missing
1785857290,5161,missing
1785857290,5164,missing
1785857290,5157,missing
1785857291,5159,missing
1785857291,5158,missing
1785857291,5160,missing
1785857291,5163,missing
1785857291,5169,missing
1785857291,5153,missing
1785857291,5165,missing
1785857291,5177,ok
1785857292,5171,ok
1785857292,5166,missing
1785857292,5168,missing
1785857292,5179,ok
1785857293,5167,missing
1785857293,5170,missing
1785857293,5172,missing
1785857294,5174,missing
1785857294,5173,missing
1785857294,5180,missing
1785857295,5178,missing
1785857295,5175,missing
1785857295,5176,missing
1785857295,5182,missing
1785857295,5184,missing
1785857295,5181,missing
1785857295,5185,missing
1785857295,5183,missing
1785857296,5194,ok
1785857296,5187,missing
1785857296,5202,ok
1785857297,5203,ok
1785857297,5189,missing
1785857297,5200,ok
1785857297,5190,missing
1785857297,5204,ok
1785857298,5193,missing
1785857298,5188,missing
1785857298,5192,missing
1785857298,5195,missing
1785857298,5198,missing
1785857298,5191,missing
1785857298,5196,missing
1785857299,5209,ok
1785857299,5201,missing
1785857299,5197,missing
1785857299,5186,missing
1785857299,5216,ok
1785857299,5199,missing
1785857300,5218,ok
1785857300,5205,missing
1785857300,5221,ok
1785857300,5207,missing
1785857300,5208,missing
1785857301,5210,missing
1785857301,5211,missing
1785857302,5214,missing
1785857302,5206,missing
1785857303,5219,missing
1785857303,5217,missing
1785857303,5212,missing
1785857303,5213,missing
1785857303,5215,missing
1785857303,5223,missing
1785857303,5220,missing
1785857304,5235,ok
1785857304,5224,missing
1785857304,5233,ok
1785857304,5222,missing
1785857304,5225,missing
1785857304,5227,missing
1785857305,5229,missing
1785857306,5226,missing
1785857306,5232,missing
1785857306,5228,missing
1785857307,5236,missing
1785857307,5230,missing
1785857307,5234,missing
1785857307,5231,missing
1785857307,5242,missing
1785857307,5244,missing
1785857307,5241,missing
1785857307,5243,missing
1785857308,5239,missing
1785857308,5240,missing
1785857308,5245,missing
1785857308,5237,missing
1785857309,5238,missing
1785857309,5246,missing
1785857310,5250,missing
1785857310,5248,missing
1785857311,5247,missing
1785857311,5253,missing
1785857311,5254,missing
1785857311,5249,missing
1785857311,5252,missing
1785857311,5256,missing
1785857311,5258,missing
1785857312,5251,missing
1785857312,5255,missing
1785857312,5260,missing
1785857312,5257,missing
1785857312,5259,missing
1785857313,5262,missing
1785857313,5261,missing
1785857314,5263,missing
1785857314,5266,missing
1785857314,5267,missing
1785857314,5268,missing
1785857315,5264,missing
1785857315,5265,missing
1785857315,5280,ok
1785857315,5269,missing
1785857315,5270,missing
1785857315,5272,missing
1785857316,5276,missing
1785857316,5273,missing
1785857316,5274,missing
1785857316,5271,missing
1785857316,5275,missing
1785857316,5277,missing
1785857316,5278,missing
1785857317,5279,missing
1785857318,5281,missing
1785857318,5284,missing
1785857318,5285,missing
1785857319,5286,missing
1785857319,5282,missing
1785857319,5290,missing
1785857319,5291,missing
1785857319,5293,missing
1785857320,5300,ok
1785857320,5287,missing
1785857320,5288,missing
1785857320,5303,ok
1785857320,5296,missing
1785857320,5294,missing
1785857320,5289,missing
1785857320,5292,missing
1785857320,5295,missing
1785857321,5283,missing
1785857321,5299,missing
1785857322,5298,missing
1785857322,5301,missing
1785857322,5302,missing
1785857322,5316,ok
1785857323,5304,missing
1785857323,5297,missing
1785857323,5305,missing
1785857323,5308,missing
1785857323,5306,missing
1785857324,5307,missing
1785857324,5312,missing
1785857324,5313,missing
1785857324,5310,missing
1785857325,5309,missing
1785857325,5315,missing
1785857325,5317,missing
1785857326,5319,missing
1785857326,5314,missing
1785857326,5318,missing
1785857326,5311,missing
1785857327,5321,missing
1785857327,5325,missing
1785857327,5320,missing
1785857327,5322,missing
1785857327,5323,missing
1785857328,5329,missing
1785857328,5336,ok
1785857328,5324,missing
1785857328,5326,missing
1785857328,5328,missing
1785857329,5327,missing
1785857329,5331,missing
1785857329,5332,missing
1785857329,5335,missing
1785857330,5334,missing
1785857330,5330,missing
1785857330,5333,missing
1785857330,5337,missing
1785857330,5349,ok
1785857331,5338,missing
1785857331,5350,ok
1785857331,5340,missing
1785857331,5339,missing
1785857331,5342,missing
1785857331,5351,ok
1785857331,5343,missing
1785857332,5345,missing
1785857332,5341,missing
1785857332,5344,missing
1785857333,5348,missing
1785857333,5346,missing
1785857334,5352,missing
1785857334,5347,missing
1785857334,5353,missing
1785857334,5355,missing
1785857334,5357,missing
1785857335,5356,missing
1785857335,5358,missing
1785857335,5359,missing
1785857335,5354,missing
1785857336,5360,missing
1785857336,5361,missing
1785857336,5363,missing
1785857336,5362,missing
1785857337,5366,missing
1785857337,5365,missing
1785857337,5364,missing
1785857338,5371,missing
1785857338,5369,missing
1785857338,5368,missing
1785857338,5370,missing
1785857338,5367,missing
1785857339,5373,missing
1785857339,5375,missing
1785857340,5372,missing
1785857340,5378,missing
1785857340,5380,missing
1785857340,5376,missing
1785857340,5381,missing
1785857341,5379,missing
1785857341,5382,missing
1785857341,5377,missing
1785857341,5393,ok
1785857341,5391,ok
1785857341,5384,missing
1785857341,5387,missing
1785857341,5383,missing
1785857342,5386,missing
1785857342,5388,missing
1785857342,5385,missing
1785857343,5389,missing
1785857343,5390,missing
1785857343,5374,missing
1785857344,5395,missing
1785857344,5398,missing
1785857344,5392,missing
1785857344,5401,missing
1785857344,5394,missing
1785857344,5397,missing
1785857345,5400,missing
1785857345,5396,missing
1785857345,5413,ok
1785857346,5403,missing
1785857346,5405,missing
1785857346,5404,missing
1785857346,5402,missing
1785857347,5408,missing
1785857347,5409,missing
1785857347,5406,missing
1785857347,5407,missing
1785857347,5412,missing
1785857348,5410,missing
1785857348,5416,ok
1785857348,5399,missing
1785857348,5417,missing
1785857348,5411,missing
1785857349,5415,missing
1785857349,5414,missing
1785857349,5429,ok
1785857349,5419,missing
1785857349,5418,missing
1785857349,5420,missing
1785857350,5421,missing
1785857350,5434,ok
1785857351,5422,missing
1785857351,5424,missing
1785857351,5425,missing
1785857351,5428,missing
1785857351,5439,ok
1785857352,5430,missing
1785857352,5426,missing
1785857352,5433,missing
1785857352,5427,missing
1785857352,5436,missing
1785857352,5431,missing
1785857352,5423,missing
1785857353,5443,ok
1785857353,5435,missing
1785857353,5432,missing
1785857353,5438,missing
1785857354,5437,missing
1785857354,5440,missing
1785857354,5441,missing
1785857355,5444,missing
1785857355,5457,ok
1785857355,5446,missing
1785857355,5448,missing
1785857355,5447,missing
1785857355,5442,missing
1785857356,5451,missing
1785857356,5453,missing
1785857357,5452,missing
1785857357,5459,ok
1785857357,5464,ok
1785857357,5450,missing
1785857357,5445,missing
1785857357,5449,missing
1785857358,5454,missing
1785857358,5458,missing
1785857358,5462,missing
1785857359,5460,missing
1785857359,5461,missing
1785857359,5465,missing
1785857359,5455,missing
1785857359,5463,missing
1785857360,5456,missing
1785857360,5467,missing
1785857360,5470,missing
1785857360,5468,missing
1785857360,5469,missing
1785857361,5471,missing
1785857361,5473,missing
1785857362,5481,ok
1785857362,5472,missing
1785857362,5466,missing
1785857362,5474,missing
1785857362,5478,missing
1785857362,5476,missing
1785857363,5489,ok
1785857363,5479,missing
1785857363,5475,missing
1785857363,5477,missing
1785857363,5480,missing
1785857364,5485,missing
1785857364,5482,missing
1785857364,5497,ok
1785857364,5483,missing
1785857364,5486,missing
1785857364,5487,missing
1785857364,5484,missing
1785857365,5488,missing
1785857366,5491,missing
1785857366,5490,missing
1785857366,5496,missing
1785857366,5498,missing
1785857366,5495,missing
1785857366,5492,missing
1785857366,5494,missing
1785857367,5499,missing
1785857368,5500,missing
1785857368,5504,missing
1785857368,5493,missing
1785857368,5501,missing
1785857368,5502,missing
1785857368,5505,missing
1785857368,5514,ok
1785857368,5503,missing
1785857369,5515,ok
1785857369,5518,ok
1785857369,5506,missing
1785857370,5508,missing
1785857370,5516,ok
1785857370,5512,missing
1785857370,5507,missing
1785857371,5511,missing
1785857371,5509,missing
1785857371,5510,missing
1785857371,5513,missing
1785857371,5519,missing
1785857372,5522,missing
1785857372,5533,ok
1785857372,5517,missing
1785857372,5524,missing
1785857372,5521,missing
1785857372,5534,ok
1785857373,5520,missing
1785857373,5527,missing
1785857373,5523,missing
1785857373,5528,missing
1785857373,5537,ok
1785857373,5526,missing
1785857374,5525,missing
1785857374,5541,ok
1785857374,5530,missing
1785857375,5529,missing
1785857375,5531,missing
1785857375,5532,missing
1785857375,5535,missing
1785857376,5536,missing
1785857376,5538,missing
1785857376,5542,missing
1785857376,5555,ok
1785857377,5539,missing
1785857377,5543,missing
1785857377,5548,missing
1785857377,5544,missing
1785857377,5545,missing
1785857377,5540,missing
1785857377,5549,missing
1785857378,5547,missing
1785857378,5552,missing
1785857378,5553,missing
1785857378,5550,missing
1785857379,5546,missing
1785857379,5563,ok
1785857379,5554,missing
1785857379,5556,missing
1785857379,5551,missing
1785857380,5560,missing
1785857380,5559,missing
1785857380,5569,ok
1785857381,5564,missing
1785857381,5561,missing
1785857381,5558,missing
1785857381,5566,missing
1785857381,5562,missing
1785857382,5557,missing
1785857382,5568,missing
1785857382,5565,missing
1785857382,5567,missing
1785857382,5579,ok
1785857383,5572,missing
1785857383,5571,missing
1785857383,5573,missing
1785857383,5576,ok
1785857383,5570,missing
1785857384,5575,missing
1785857384,5574,missing
1785857384,5591,ok
1785857385,5577,missing
1785857385,5578,missing
1785857385,5580,missing
1785857385,5581,missing
1785857385,5582,missing
1785857385,5586,missing
1785857385,5585,missing
1785857386,5583,missing
1785857386,5587,missing
1785857386,5589,missing
1785857386,5590,missing
1785857387,5584,missing
1785857387,5602,ok
1785857387,5588,missing
1785857387,5593,missing
1785857388,5595,missing
1785857388,5594,missing
1785857389,5601,missing
1785857389,5599,missing
1785857389,5600,missing
1785857389,5592,missing
1785857389,5596,missing
1785857389,5604,missing
1785857390,5598,missing
1785857390,5603,missing
1785857390,5606,missing
1785857390,5605,missing
1785857390,5612,ok
1785857390,5597,missing
1785857391,5609,missing
1785857391,5615,ok
1785857391,5607,missing
1785857392,5611,missing
1785857392,5610,missing
1785857392,5608,missing
1785857392,5613,missing
1785857392,5614,missing
1785857393,5616,missing
1785857393,5617,missing
1785857393,5631,ok
1785857393,5620,missing
1785857393,5632,ok
1785857393,5623,missing
1785857394,5618,missing
1785857394,5621,missing
1785857394,5619,missing
1785857394,5622,missing
1785857395,5625,missing
1785857395,5624,missing
1785857395,5626,missing
1785857395,5627,missing
1785857395,5629,missing
1785857396,5628,missing
1785857396,5630,missing
1785857396,5633,missing
1785857396,5634,missing
1785857397,5635,missing
1785857397,5637,missing
1785857397,5638,missing
1785857397,5639,missing
1785857397,5640,missing
1785857397,5641,missing
1785857398,5650,ok
1785857398,5636,missing
1785857398,5647,ok
1785857398,5643,missing
1785857399,5645,missing
1785857399,5646,missing
1785857400,5649,missing
1785857400,5642,missing
1785857400,5648,missing
1785857400,5644,missing
1785857400,5651,missing
1785857400,5654,missing
1785857401,5655,missing
1785857401,5652,missing
1785857401,5658,missing
1785857401,5653,missing
1785857401,5665,ok
1785857402,5656,missing
1785857402,5659,missing
1785857402,5673,ok
1785857402,5657,missing
1785857402,5671,ok
1785857402,5661,missing
1785857402,5660,missing
1785857403,5664,missing
1785857403,5679,ok
1785857403,5667,missing
1785857403,5662,missing
1785857404,5666,missing
1785857404,5663,missing
1785857404,5682,ok
1785857404,5668,missing
1785857405,5670,missing
1785857405,5672,missing
1785857405,5676,missing
1785857405,5677,missing
1785857405,5674,missing
1785857406,5678,missing
1785857406,5675,missing
1785857406,5680,missing
1785857407,5681,missing
1785857407,5684,missing
1785857407,5694,ok
1785857407,5686,missing
1785857407,5685,missing
1785857408,5687,missing
1785857408,5689,missing
1785857408,5697,ok
1785857408,5688,missing
1785857408,5692,missing
1785857408,5690,missing
1785857409,5669,missing
1785857409,5695,missing
1785857409,5691,missing
1785857409,5693,missing
1785857409,5683,missing
1785857410,5696,missing
1785857410,5698,missing
1785857410,5710,ok
1785857410,5699,missing
1785857410,5700,missing
1785857411,5701,missing
1785857411,5702,missing
1785857411,5705,missing
1785857412,5703,missing
1785857412,5718,ok
1785857412,5704,missing
1785857412,5706,missing
1785857412,5708,missing
1785857413,5711,missing
1785857413,5712,missing
1785857413,5713,missing
1785857413,5717,missing
1785857414,5707,missing
1785857414,5714,missing
1785857414,5709,missing
1785857415,5719,missing
1785857415,5722,missing
1785857415,5720,missing
1785857415,5715,missing
1785857415,5723,missing
1785857416,5724,missing
1785857416,5725,missing
1785857416,5721,missing
1785857416,5726,missing
1785857417,5736,ok
1785857417,5727,missing
1785857417,5716,missing
1785857417,5728,missing
1785857418,5731,missing
1785857418,5729,missing
1785857418,5732,missing
1785857418,5730,missing
1785857418,5734,missing
1785857418,5735,missing
1785857419,5733,missing
1785857419,5737,missing
1785857419,5739,missing
1785857419,5740,missing
1785857420,5742,missing
1785857420,5738,missing
1785857420,5741,missing
1785857421,5745,missing
1785857421,5743,missing
1785857421,5757,ok
1785857422,5750,missing
1785857422,5748,missing
1785857422,5754,ok
1785857422,5747,missing
1785857423,5751,missing
1785857423,5744,missing
1785857423,5749,missing
1785857423,5756,missing
1785857424,5758,missing
1785857424,5765,ok
1785857424,5746,missing
1785857424,5753,missing
1785857424,5759,missing
1785857424,5761,missing
1785857424,5760,missing
1785857424,5755,missing
1785857424,5752,missing
1785857425,5775,ok
1785857426,5763,missing
1785857426,5762,missing
1785857426,5764,missing
1785857426,5768,missing
1785857427,5781,ok
1785857427,5771,missing
1785857427,5767,missing
1785857427,5769,missing
1785857428,5774,missing
1785857428,5770,missing
1785857428,5766,missing
1785857428,5787,ok
1785857428,5773,missing
1785857429,5776,missing
1785857429,5777,missing
1785857429,5772,missing
1785857429,5779,missing
1785857429,5780,missing
1785857430,5778,ok
1785857430,5782,missing
1785857430,5795,ok
1785857430,5784,missing
1785857430,5783,missing
1785857431,5785,missing
1785857431,5788,missing
1785857432,5791,missing
1785857432,5786,missing
1785857432,5793,missing
1785857433,5790,missing
1785857433,5794,missing
1785857433,5799,missing
1785857433,5796,missing
1785857433,5792,missing
1785857433,5789,missing
1785857433,5797,missing
1785857433,5800,missing
1785857433,5802,missing
1785857434,5801,missing
1785857434,5803,missing
1785857434,5813,ok
1785857435,5817,ok
1785857435,5818,ok
1785857435,5805,missing
1785857436,5820,ok
1785857436,5807,missing
1785857436,5808,missing
1785857436,5806,missing
1785857436,5810,missing
1785857436,5811,missing
1785857436,5822,ok
1785857437,5812,missing
1785857437,5827,ok
1785857437,5816,missing
1785857437,5814,missing
1785857437,5798,missing
1785857437,5815,missing
1785857438,5819,missing
1785857438,5809,missing
1785857438,5835,ok
1785857439,5834,ok
1785857439,5804,missing
1785857439,5826,missing
1785857439,5821,missing
1785857440,5823,missing
1785857440,5840,ok
1785857440,5831,missing
1785857440,5828,missing
1785857440,5842,ok
1785857440,5830,missing
1785857440,5843,ok
1785857440,5824,missing
1785857441,5829,missing
1785857441,5848,ok
1785857441,5825,missing
1785857441,5844,ok
1785857441,5833,missing
1785857441,5832,missing
1785857441,5836,missing
1785857442,5837,missing
1785857442,5839,ok
1785857442,5838,missing
1785857443,5841,missing
1785857444,5850,missing
1785857444,5851,missing
1785857444,5845,missing
1785857444,5856,missing
1785857444,5846,missing
1785857444,5847,missing
1785857445,5852,missing
1785857445,5857,missing
1785857445,5855,missing
1785857445,5854,missing
1785857445,5859,missing
1785857446,5858,missing
1785857446,5853,missing
1785857446,5868,ok
1785857446,5849,missing
1785857446,5869,ok
1785857446,5860,missing
1785857447,5861,missing
1785857447,5864,missing
1785857447,5865,missing
1785857448,5879,ok
1785857448,5867,missing
1785857448,5862,missing
1785857448,5863,missing
1785857448,5866,missing
1785857448,5870,missing
1785857448,5871,missing
1785857449,5882,ok
1785857449,5875,missing
1785857449,5873,missing
1785857449,5872,missing
1785857450,5878,missing
1785857450,5877,missing
1785857450,5874,missing
1785857450,5889,ok
1785857451,5876,missing
1785857451,5881,missing
1785857451,5880,missing
1785857451,5883,missing
1785857451,5894,ok
1785857451,5885,ok
1785857452,5884,missing
1785857453,5891,missing
1785857453,5890,missing
1785857453,5888,missing
1785857453,5887,missing
1785857453,5892,missing
1785857453,5893,missing
1785857454,5886,missing
1785857454,5896,missing
1785857454,5897,missing
1785857454,5898,missing
1785857454,5899,missing
1785857455,5900,missing
1785857455,5902,missing
1785857455,5895,missing
1785857456,5903,missing
1785857456,5904,missing
1785857456,5916,ok
1785857456,5908,missing
1785857457,5919,ok
1785857457,5906,missing
1785857457,5909,missing
1785857457,5911,missing
1785857457,5910,missing
1785857457,5912,missing
1785857457,5905,missing
1785857458,5901,missing
1785857458,5913,missing
1785857458,5914,missing
1785857459,5917,missing
1785857459,5907,missing
1785857459,5924,ok
1785857459,5920,missing
1785857460,5932,ok
1785857460,5915,missing
1785857460,5925,missing
1785857461,5928,missing
1785857461,5922,missing
1785857461,5923,missing
1785857461,5926,missing
1785857461,5927,missing
1785857461,5929,missing
1785857462,5918,missing
1785857462,5931,missing
1785857462,5930,missing
1785857462,5921,missing
1785857462,5934,missing
1785857463,5937,missing
1785857463,5935,missing
1785857464,5933,missing
1785857464,5938,missing
1785857464,5936,missing
1785857464,5940,missing
1785857465,5941,missing
1785857465,5939,missing
1785857465,5942,missing
1785857465,5945,missing
1785857465,5951,ok
1785857465,5943,missing
1785857465,5946,missing
1785857465,5948,missing
1785857466,5947,missing
1785857466,5944,missing
1785857467,5962,ok
1785857467,5961,ok
1785857467,5949,missing
1785857468,5954,missing
1785857468,5955,missing
1785857468,5953,missing
1785857468,5959,missing
1785857468,5952,missing
1785857468,5958,missing
1785857468,5950,missing
1785857469,5956,missing
1785857469,5964,missing
1785857469,5965,missing
1785857469,5963,missing
1785857470,5957,missing
1785857470,5966,missing
1785857471,5967,missing
1785857471,5971,ok
1785857471,5968,missing
1785857471,5969,missing
1785857471,5970,missing
1785857471,5960,missing
1785857472,5974,missing
1785857472,5975,missing
1785857472,5973,missing
1785857472,5972,missing
1785857472,5976,missing
1785857473,5977,missing
1785857473,5979,missing
1785857473,5985,ok
1785857473,5990,ok
1785857473,5994,ok
1785857474,5982,missing
1785857474,5986,missing
1785857474,5987,missing
1785857474,5981,missing
1785857475,5996,ok
1785857475,5980,missing
1785857475,5978,missing
1785857475,5984,missing
1785857475,5988,missing
1785857475,5989,missing
1785857476,5992,missing
1785857476,5983,missing
1785857477,5995,missing
1785857477,5991,missing
1785857477,5993,missing
1785857477,6004,ok
1785857477,5998,missing
1785857477,5997,missing
1785857478,6001,missing
1785857478,6013,ok
1785857478,6003,missing
1785857478,6002,missing
1785857479,6000,missing
1785857479,6007,missing
1785857479,5999,missing
1785857479,6006,missing
1785857479,6005,missing
1785857479,6009,missing
1785857480,6020,ok
1785857480,6010,missing
1785857480,6012,missing
1785857480,6019,ok
1785857480,6011,missing
1785857481,6015,missing
1785857481,6014,missing
1785857482,6018,missing
1785857482,6008,missing
1785857482,6016,missing
1785857482,6022,missing
1785857482,6023,missing
1785857483,6025,missing
1785857483,6024,missing
1785857483,6017,missing
1785857483,6028,missing
1785857483,6029,missing
1785857483,6026,missing
1785857484,6030,missing
1785857485,6021,missing
1785857485,6027,missing
1785857485,6031,missing
1785857485,6032,missing
1785857485,6034,missing
1785857485,6033,missing
1785857485,6036,missing
1785857486,6035,missing
1785857486,6037,missing
1785857486,6050,ok
1785857486,6038,missing
1785857487,6039,missing
1785857487,6040,missing
1785857487,6043,missing
1785857487,6044,missing
1785857488,6045,missing
1785857488,6046,missing
1785857488,6048,missing
1785857488,6049,missing
1785857488,6041,missing
1785857489,6042,missing
1785857489,6054,missing
1785857489,6047,missing
1785857489,6055,missing
1785857490,6053,missing
1785857490,6051,missing
1785857490,6056,missing
1785857490,6058,missing
1785857491,6057,missing
1785857491,6052,missing
1785857491,6059,missing
1785857491,6060,missing
1785857491,6061,missing
1785857492,6065,missing
1785857492,6063,missing
1785857492,6062,missing
1785857493,6068,missing
1785857493,6067,missing
1785857493,6080,ok
1785857493,6064,missing
1785857494,6069,missing
1785857494,6066,missing
1785857494,6072,missing
1785857494,6070,missing
1785857494,6071,missing
1785857495,6077,missing
1785857495,6073,missing
1785857495,6076,missing
1785857495,6078,missing
1785857495,6075,missing
1785857495,6083,ok
1785857496,6074,missing
1785857496,6079,missing
1785857496,6081,missing
1785857497,6084,missing
1785857497,6098,ok
1785857497,6087,missing
1785857497,6097,ok
1785857498,6089,missing
1785857498,6086,missing
1785857498,6090,missing
1785857499,6082,missing
1785857499,6093,missing
1785857499,6088,missing
1785857499,6085,missing
1785857499,6092,missing
1785857499,6095,missing
1785857500,6096,missing
1785857500,6099,missing
1785857500,6100,missing
1785857500,6091,missing
1785857500,6094,missing
1785857501,6101,missing
1785857501,6103,missing
1785857502,6104,missing
1785857502,6102,missing
1785857502,6105,missing
1785857502,6109,missing
1785857502,6106,missing
1785857502,6107,missing
1785857503,6117,ok
1785857503,6112,missing
1785857503,6111,missing
1785857504,6114,missing
1785857504,6110,missing
1785857504,6108,missing
1785857504,6116,missing
1785857504,6123,ok
1785857505,6118,missing
1785857505,6113,missing
1785857505,6120,missing
1785857505,6115,missing
1785857506,6119,missing
1785857506,6122,missing
1785857506,6125,missing
1785857506,6126,missing
1785857507,6121,missing
1785857507,6127,missing
1785857507,6128,missing
1785857507,6124,missing
1785857507,6129,missing
1785857508,6132,missing
1785857508,6131,missing
1785857508,6130,missing
1785857508,6133,missing
1785857509,6148,ok
1785857509,6135,missing
1785857509,6139,missing
1785857510,6136,missing
1785857510,6137,missing
1785857510,6141,missing
1785857510,6134,missing
1785857510,6140,missing
1785857511,6142,missing
1785857511,6143,missing
1785857512,6144,missing
1785857512,6146,missing
1785857512,6149,missing
1785857512,6147,missing
1785857512,6156,ok
1785857513,6152,missing
1785857513,6151,missing
1785857513,6150,missing
1785857513,6154,missing
1785857513,6163,ok
1785857513,6138,missing
1785857514,6157,missing
1785857514,6153,missing
1785857514,6158,missing
1785857515,6159,missing
1785857515,6162,missing
1785857515,6161,missing
1785857515,6174,ok
1785857516,6155,missing
1785857516,6164,missing
1785857516,6166,missing
1785857516,6160,missing
1785857516,6165,missing
1785857516,6145,missing
1785857516,6169,missing
1785857517,6167,missing
1785857517,6168,missing
1785857517,6170,missing
1785857518,6172,missing
1785857518,6182,ok
1785857518,6171,missing
1785857518,6185,ok
1785857519,6177,missing
1785857519,6176,missing
1785857519,6173,missing
1785857519,6179,missing
1785857519,6180,missing
1785857519,6191,ok
1785857520,6178,missing
1785857520,6181,missing
1785857521,6184,missing
1785857521,6183,missing
1785857521,6186,missing
1785857521,6187,missing
1785857522,6175,missing
1785857522,6188,missing
1785857522,6190,missing
1785857522,6193,missing
1785857522,6194,missing
1785857522,6189,missing
1785857522,6192,missing
1785857523,6195,missing
1785857523,6206,ok
1785857523,6198,missing
1785857523,6196,missing
1785857523,6199,missing
1785857524,6200,missing
1785857524,6201,missing
1785857524,6197,missing
1785857524,6211,ok
1785857524,6215,ok
1785857525,6216,ok
1785857525,6203,missing
1785857525,6221,ok
1785857526,6207,missing
1785857526,6209,missing
1785857526,6217,ok
1785857526,6205,missing
1785857526,6202,missing
1785857526,6210,missing
1785857526,6208,missing
1785857526,6213,missing
1785857527,6214,missing
1785857527,6212,missing
1785857527,6218,missing
1785857528,6231,ok
1785857528,6220,missing
1785857528,6204,missing
1785857528,6219,missing
1785857528,6230,ok
1785857528,6237,ok
1785857529,6232,ok
1785857529,6224,missing
1785857529,6226,missing
1785857529,6222,missing
1785857529,6227,missing
1785857529,6225,missing
1785857529,6228,missing
1785857530,6229,missing
1785857530,6243,ok
1785857530,6223,missing
1785857531,6240,ok
1785857531,6244,ok
1785857531,6245,ok
1785857531,6249,ok
1785857531,6233,missing
1785857531,6234,missing
1785857531,6236,missing
1785857531,6235,missing
1785857532,6238,missing
1785857532,6239,missing
1785857532,6257,ok
1785857532,6242,missing
1785857532,6241,missing
1785857533,6247,missing
1785857533,6248,missing
1785857533,6246,missing
1785857533,6258,ok
1785857534,6252,missing
1785857534,6253,missing
1785857534,6250,missing
1785857535,6254,missing
1785857535,6255,missing
1785857535,6251,missing
1785857535,6256,missing
1785857535,6259,missing
1785857535,6260,missing
1785857535,6262,missing
1785857536,6261,missing
1785857536,6267,missing
1785857537,6263,missing
1785857537,6264,missing
1785857537,6269,missing
1785857537,6266,missing
1785857537,6268,missing
1785857537,6270,missing
1785857538,6278,ok
1785857538,6282,ok
1785857538,6274,missing
1785857538,6265,missing
1785857538,6271,missing
1785857538,6272,missing
1785857539,6283,ok
1785857539,6276,missing
1785857539,6275,missing
1785857539,6273,missing
1785857539,6291,ok
1785857540,6279,missing
1785857540,6277,missing
1785857540,6280,missing
1785857541,6285,missing
1785857541,6284,missing
1785857541,6297,ok
1785857541,6287,missing
1785857541,6288,missing
1785857542,6290,missing
1785857542,6289,missing
1785857542,6292,missing
1785857542,6281,missing
1785857542,6299,ok
1785857543,6307,ok
1785857543,6295,missing
1785857543,6294,missing
1785857543,6293,missing
1785857544,6298,missing
1785857544,6301,missing
1785857544,6296,missing
1785857544,6303,ok
1785857545,6302,missing
1785857545,6305,missing
1785857545,6300,missing
1785857545,6317,ok
1785857545,6306,missing
1785857546,6304,missing
1785857546,6319,ok
1785857546,6308,missing
1785857546,6310,missing
1785857546,6309,missing
1785857546,6313,missing
1785857547,6311,missing
1785857547,6312,missing
1785857547,6324,ok
1785857548,6315,missing
1785857548,6316,missing
1785857548,6314,missing
1785857549,6318,missing
1785857549,6321,missing
1785857549,6323,missing
1785857549,6320,missing
1785857549,6326,missing
1785857549,6327,missing
1785857550,6325,missing
1785857550,6322,missing
1785857550,6328,missing
1785857551,6286,missing
1785857551,6331,missing
1785857551,6341,ok
1785857551,6329,missing
1785857551,6344,ok
1785857551,6333,missing
1785857551,6332,missing
1785857552,6330,missing
1785857552,6336,missing
1785857552,6335,missing
1785857553,6334,missing
1785857553,6337,missing
1785857553,6338,missing
1785857553,6339,missing
1785857554,6342,missing
1785857554,6345,missing
1785857554,6340,missing
1785857554,6343,missing
1785857554,6346,missing
1785857554,6347,missing
1785857555,6348,missing
1785857556,6350,missing
1785857556,6351,missing
1785857556,6352,missing
1785857556,6354,missing
1785857556,6349,missing
1785857556,6355,missing
1785857556,6356,missing
1785857556,6353,missing
1785857556,6365,ok
1785857557,6358,missing
1785857557,6357,missing
1785857557,6362,missing
1785857558,6360,missing
1785857558,6359,missing
1785857558,6361,missing
1785857559,6363,missing
1785857559,6374,ok
1785857559,6375,ok
1785857559,6366,missing
1785857559,6371,missing
1785857560,6372,missing
1785857560,6377,ok
1785857560,6367,missing
1785857560,6364,missing
1785857560,6369,missing
1785857560,6368,missing
1785857560,6370,missing
1785857560,6373,missing
1785857561,6376,missing
1785857561,6379,missing
1785857561,6378,missing
1785857562,6390,ok
1785857562,6380,missing
1785857563,6393,ok
1785857563,6383,missing
1785857563,6386,missing
1785857563,6389,missing
1785857563,6382,missing
1785857563,6391,missing
1785857563,6385,missing
1785857563,6388,missing
1785857564,6387,missing
1785857564,6381,missing
1785857564,6392,missing
1785857564,6405,ok
1785857565,6400,ok
1785857565,6407,ok
1785857565,6395,missing
1785857565,6384,ok
1785857565,6403,ok
1785857565,6394,missing
1785857566,6397,missing
1785857566,6396,missing
1785857566,6398,missing
1785857566,6399,missing
1785857567,6401,missing
1785857567,6404,missing
1785857567,6402,missing
1785857568,6406,missing
1785857568,6408,missing
1785857568,6412,missing
1785857568,6413,missing
1785857568,6414,missing
1785857568,6421,ok
1785857568,6409,missing
1785857568,6411,missing
1785857568,6410,missing
1785857569,6418,missing
1785857570,6416,missing
1785857570,6420,missing
1785857570,6419,missing
1785857570,6422,missing
1785857571,6417,missing
1785857571,6423,missing
1785857571,6427,missing
1785857571,6428,missing
1785857571,6415,missing
1785857572,6431,missing
1785857572,6424,missing
1785857572,6425,missing
1785857572,6430,missing
1785857572,6429,missing
1785857572,6426,missing
1785857573,6433,missing
1785857573,6435,missing
1785857573,6445,ok
1785857574,6434,missing
1785857574,6437,missing
1785857574,6436,missing
1785857575,6432,missing
1785857575,6441,missing
1785857575,6442,missing
1785857575,6440,missing
1785857575,6443,missing
1785857575,6439,missing
1785857576,6438,missing
1785857576,6447,missing
1785857576,6458,ok
1785857576,6446,missing
1785857577,6444,missing
1785857577,6450,missing
1785857577,6452,missing
1785857577,6453,missing
1785857577,6448,missing
1785857578,6451,missing
1785857578,6454,missing
1785857578,6462,ok
1785857578,6457,missing
1785857578,6469,ok
1785857578,6466,ok
1785857578,6455,missing
1785857579,6460,missing
1785857579,6461,missing
1785857579,6459,missing
1785857579,6456,missing
1785857580,6463,missing
1785857581,6464,missing
1785857581,6449,missing
1785857581,6468,missing
1785857582,6470,missing
1785857582,6465,missing
1785857582,6473,missing
1785857582,6472,missing
1785857582,6476,missing
1785857582,6474,missing
1785857582,6467,missing
1785857583,6475,missing
1785857583,6471,missing
1785857583,6486,ok
1785857584,6480,missing
1785857584,6482,missing
1785857584,6478,missing
1785857584,6481,missing
1785857584,6477,missing
1785857585,6483,missing
1785857585,6487,missing
1785857586,6479,missing
1785857586,6485,missing
1785857586,6484,missing
1785857586,6488,missing
1785857586,6489,missing
1785857586,6491,missing
1785857586,6490,missing
1785857586,6499,ok
1785857587,6504,ok
1785857587,6495,missing
1785857587,6503,ok
1785857587,6494,missing
1785857587,6493,missing
1785857588,6492,missing
1785857588,6498,missing
1785857588,6496,missing
1785857588,6510,ok
1785857588,6514,ok
1785857589,6501,missing
1785857589,6500,missing
1785857589,6502,missing
1785857589,6517,ok
1785857589,6497,missing
1785857589,6518,ok
1785857590,6506,missing
1785857590,6519,ok
1785857590,6508,missing
1785857590,6526,ok
1785857590,6524,ok
1785857591,6512,missing
1785857591,6509,missing
1785857591,6507,missing
1785857591,6513,missing
1785857592,6516,missing
1785857592,6520,missing
1785857592,6505,missing
1785857592,6521,missing
1785857592,6533,ok
1785857592,6515,missing
1785857593,6525,missing
1785857593,6532,ok
1785857593,6522,missing
1785857593,6523,missing
1785857594,6538,ok
1785857594,6539,ok
1785857594,6530,missing
1785857594,6541,ok
1785857594,6527,missing
1785857595,6531,missing
1785857595,6528,missing
1785857595,6511,missing
1785857596,6535,missing
1785857596,6529,missing
1785857597,6543,missing
1785857597,6534,missing
1785857597,6540,missing
1785857597,6536,missing
1785857597,6553,ok
1785857597,6544,missing
1785857597,6555,ok
1785857598,6545,missing
1785857598,6542,missing
1785857598,6550,missing
1785857598,6537,missing
1785857598,6559,ok
1785857598,6548,missing
1785857598,6549,missing
1785857599,6547,missing
1785857599,6551,missing
1785857599,6564,ok
1785857599,6546,missing
1785857600,6552,missing
1785857600,6556,missing
1785857600,6557,missing
1785857601,6571,ok
1785857601,6558,missing
1785857601,6561,missing
1785857601,6562,missing
1785857601,6554,missing
1785857601,6563,missing
1785857601,6560,missing
1785857602,6579,ok
1785857602,6566,missing
1785857602,6565,missing
1785857602,6567,missing
1785857602,6568,missing
1785857603,6570,missing
1785857603,6569,missing
1785857603,6584,ok
1785857604,6575,missing
1785857604,6572,missing
1785857604,6582,ok
1785857605,6576,missing
1785857605,6574,missing
1785857605,6573,missing
1785857605,6577,missing
1785857605,6580,missing
1785857605,6581,missing
1785857605,6583,missing
1785857605,6578,missing
1785857605,6585,missing
1785857605,6586,missing
1785857606,6594,ok
1785857606,6588,missing
1785857606,6600,ok
1785857606,6589,missing
1785857607,6602,ok
1785857607,6587,missing
1785857607,6604,ok
1785857608,6592,missing
1785857608,6590,missing
1785857608,6596,missing
1785857608,6597,missing
1785857608,6591,missing
1785857609,6599,missing
1785857609,6593,missing
1785857609,6598,missing
1785857609,6595,missing
1785857609,6601,missing
1785857610,6603,missing
1785857610,6608,missing
1785857611,6605,missing
1785857611,6609,missing
1785857612,6610,missing
1785857612,6607,missing
1785857612,6612,missing
1785857612,6613,missing
1785857612,6623,ok
1785857612,6616,missing
1785857612,6611,missing
1785857613,6618,missing
1785857613,6614,missing
1785857613,6615,missing
1785857613,6617,missing
1785857614,6621,missing
1785857614,6620,missing
1785857614,6619,missing
1785857615,6606,missing
1785857615,6622,missing
1785857615,6624,missing
1785857615,6625,missing
1785857616,6626,missing
1785857616,6637,ok
1785857616,6630,missing
1785857616,6627,missing
1785857616,6629,missing
1785857616,6639,ok
1785857616,6632,missing
1785857616,6631,missing
1785857616,6633,missing
1785857618,6636,missing
1785857618,6635,missing
1785857618,6648,ok
1785857618,6634,missing
1785857619,6638,missing
1785857619,6641,missing
1785857619,6642,missing
1785857619,6646,missing
1785857620,6640,missing
1785857620,6649,missing
1785857620,6628,missing
1785857621,6643,missing
1785857621,6650,missing
1785857621,6661,ok
1785857621,6647,missing
1785857621,6644,missing
1785857622,6645,missing
1785857622,6657,ok
1785857622,6654,missing
1785857622,6653,missing
1785857622,6651,missing
1785857623,6655,missing
1785857623,6658,missing
1785857623,6656,missing
1785857623,6659,missing
1785857623,6660,missing
1785857624,6652,missing
1785857624,6663,missing
1785857624,6675,ok
1785857624,6671,ok
1785857624,6662,missing
1785857624,6666,missing
1785857625,6665,missing
1785857625,6679,ok
1785857625,6668,missing
1785857625,6664,missing
1785857625,6678,ok
1785857625,6667,missing
1785857626,6670,missing
1785857626,6669,missing
1785857626,6672,missing
1785857626,6673,missing
1785857626,6687,ok
1785857626,6674,missing
1785857627,6692,ok
1785857627,6676,missing
1785857628,6680,missing
1785857628,6677,missing
1785857628,6683,missing
1785857628,6682,missing
1785857629,6688,missing
1785857629,6685,missing
1785857630,6690,missing
1785857630,6686,missing
1785857630,6694,missing
1785857630,6689,missing
1785857630,6693,missing
1785857630,6684,missing
1785857631,6691,missing
1785857631,6699,ok
1785857631,6697,missing
1785857631,6696,missing
1785857632,6698,missing
1785857632,6681,missing
1785857632,6700,missing
1785857633,6702,missing
1785857633,6703,missing
1785857633,6695,missing
1785857633,6707,missing
1785857633,6705,missing
1785857633,6708,missing
1785857633,6706,missing
1785857634,6704,missing
1785857634,6701,missing
1785857634,6709,missing
1785857635,6722,ok
1785857635,6711,missing
1785857635,6713,missing
1785857635,6715,missing
1785857635,6725,ok
1785857636,6714,missing
1785857636,6710,missing
1785857636,6730,ok
1785857636,6712,missing
1785857636,6717,missing
1785857637,6724,missing
1785857637,6718,missing
1785857637,6720,missing
1785857637,6716,missing
1785857637,6721,missing
1785857638,6719,missing
1785857638,6723,missing
1785857638,6728,missing
1785857639,6727,missing
1785857639,6731,missing
1785857639,6732,missing
1785857640,6729,missing
1785857640,6726,missing
1785857640,6736,missing
1785857640,6735,missing
1785857641,6738,missing
1785857641,6737,missing
1785857641,6740,missing
1785857642,6742,missing
1785857642,6752,ok
1785857642,6739,missing
1785857642,6733,missing
1785857642,6734,missing
1785857642,6743,missing
1785857642,6741,missing
1785857642,6755,ok
1785857643,6756,ok
1785857643,6744,missing
1785857643,6745,missing
1785857644,6746,missing
1785857644,6748,missing
1785857644,6750,missing
1785857644,6751,missing
1785857645,6749,missing
1785857645,6747,missing
1785857645,6753,missing
1785857645,6754,missing
1785857646,6757,missing
1785857646,6762,missing
1785857646,6763,missing
1785857646,6769,ok
1785857646,6758,missing
1785857647,6766,ok
1785857647,6772,ok
1785857647,6764,missing
1785857647,6765,missing
1785857647,6761,missing
1785857647,6759,missing
1785857647,6767,missing
1785857648,6781,ok
1785857648,6778,ok
1785857648,6784,ok
1785857649,6768,missing
1785857649,6770,missing
1785857649,6760,missing
1785857649,6774,missing
1785857649,6775,missing
1785857649,6773,missing
1785857649,6771,missing
1785857649,6776,missing
1785857650,6789,ok
1785857650,6792,ok
1785857650,6779,missing
1785857650,6777,missing
1785857650,6782,missing
1785857650,6780,missing
1785857651,6783,missing
1785857651,6795,ok
1785857651,6800,ok
1785857651,6798,ok
1785857651,6797,ok
1785857652,6785,missing
1785857652,6787,missing
1785857652,6788,missing
1785857652,6786,missing
1785857653,6790,missing
1785857653,6796,missing
1785857653,6794,missing
1785857653,6791,missing
1785857653,6799,missing
1785857654,6793,missing
1785857654,6803,missing
1785857654,6801,missing
1785857654,6804,missing
1785857655,6805,missing
1785857655,6807,missing
1785857655,6808,missing
1785857655,6802,missing
1785857655,6806,missing
1785857656,6809,missing
1785857656,6817,ok
1785857656,6812,missing
1785857657,6814,missing
1785857657,6810,missing
1785857657,6813,missing
1785857657,6823,ok
1785857657,6819,missing
1785857657,6818,missing
1785857658,6829,ok
1785857658,6816,missing
1785857658,6815,missing
1785857658,6820,missing
1785857658,6832,ok
1785857658,6822,missing
1785857658,6811,missing
1785857659,6821,missing
1785857659,6824,missing
1785857659,6825,ok
1785857660,6842,ok
1785857660,6826,missing
1785857660,6828,missing
1785857660,6837,ok
1785857660,6830,missing
1785857660,6831,missing
1785857661,6833,missing
1785857661,6835,missing
1785857661,6834,missing
1785857661,6836,missing
1785857661,6827,missing
1785857661,6838,missing
1785857662,6840,missing
1785857662,6841,missing
1785857663,6856,ok
1785857663,6843,missing
1785857663,6839,missing
1785857663,6847,missing
1785857663,6848,missing
1785857663,6844,missing
1785857664,6846,missing
1785857664,6850,missing
1785857664,6859,ok
1785857665,6853,missing
1785857665,6845,missing
1785857665,6851,missing
1785857665,6852,missing
1785857665,6849,missing
1785857665,6854,missing
1785857666,6869,ok
1785857666,6857,missing
1785857666,6855,missing
1785857666,6858,missing
1785857666,6861,missing
1785857667,6860,missing
1785857667,6863,missing
1785857667,6862,missing
1785857667,6864,missing
1785857668,6865,missing
1785857668,6868,missing
1785857668,6866,missing
1785857668,6882,ok
1785857669,6867,missing
1785857669,6870,missing
1785857669,6871,missing
1785857669,6873,missing
1785857669,6875,missing
1785857670,6877,missing
1785857670,6878,missing
1785857670,6876,missing
1785857670,6879,missing
1785857670,6872,missing
1785857671,6880,missing
1785857671,6891,ok
1785857671,6881,missing
1785857671,6874,missing
1785857672,6884,missing
1785857672,6883,missing
1785857672,6886,missing
1785857672,6889,missing
1785857672,6901,ok
1785857673,6890,missing
1785857673,6887,missing
1785857673,6885,missing
1785857673,6900,ok
1785857673,6893,missing
1785857674,6894,missing
1785857674,6895,missing
1785857674,6888,missing
1785857674,6896,missing
1785857674,6898,missing
1785857674,6892,missing
1785857675,6897,missing
1785857675,6903,missing
1785857676,6902,missing
1785857676,6899,missing
1785857676,6910,ok
1785857676,6905,missing
1785857676,6904,missing
1785857677,6906,missing
1785857677,6908,missing
1785857677,6909,missing
1785857677,6911,missing
1785857677,6907,missing
1785857678,6912,missing
1785857678,6913,missing
1785857678,6916,missing
1785857678,6914,missing
1785857679,6917,missing
1785857679,6915,missing
1785857679,6918,missing
1785857679,6920,missing
1785857679,6919,missing
1785857680,6921,missing
1785857680,6922,missing
1785857680,6925,missing
1785857680,6926,missing
1785857680,6932,ok
1785857681,6923,missing
1785857681,6927,missing
1785857681,6924,missing
1785857681,6938,ok
1785857682,6929,missing
1785857682,6930,missing
1785857682,6940,ok
1785857682,6931,missing
1785857682,6933,missing
1785857682,6928,missing
1785857682,6937,ok
1785857683,6949,ok
1785857683,6934,missing
1785857683,6936,missing
1785857683,6943,ok
1785857684,6954,ok
1785857684,6935,missing
1785857684,6942,missing
1785857684,6939,missing
1785857685,6948,missing
1785857685,6944,missing
1785857685,6947,missing
1785857685,6956,ok
1785857686,6946,missing
1785857686,6950,missing
1785857686,6952,missing
1785857686,6941,missing
1785857686,6951,missing
1785857686,6955,missing
1785857686,6945,missing
1785857687,6965,ok
1785857687,6957,missing
1785857687,6953,missing
1785857688,6958,missing
1785857688,6961,missing
1785857688,6960,missing
1785857688,6959,missing
1785857689,6975,ok
1785857689,6964,missing
1785857689,6966,missing
1785857689,6962,missing
1785857689,6967,missing
1785857690,6969,missing
1785857690,6971,missing
1785857690,6963,missing
1785857690,6968,missing
1785857690,6982,ok
1785857690,6974,missing
1785857690,6970,missing
1785857691,6973,missing
1785857691,6972,missing
1785857691,6978,missing
1785857691,6990,ok
1785857692,6977,missing
1785857692,6979,missing
1785857692,6995,ok
1785857692,6981,missing
1785857693,6980,missing
1785857693,6987,missing
1785857693,6997,ok
1785857693,6985,missing
1785857693,6976,missing
1785857694,6986,missing
1785857694,6989,missing
1785857694,6988,missing
1785857694,6991,missing
1785857695,6984,missing
1785857695,6994,missing
1785857696,6998,missing
1785857696,6996,missing
1785857696,6992,missing
1785857696,6993,missing
1785857696,6999,missing
1785857697,7000,missing
1785857697,7002,missing
1785857697,7009,ok
1785857697,7004,missing
1785857697,7003,missing
1785857697,7005,missing
1785857698,7001,missing
1785857698,7006,missing
1785857699,7008,missing
1785857699,7010,missing
1785857700,7012,missing
1785857700,7007,missing
1785857700,7014,missing
1785857700,7017,missing
1785857700,7015,missing
1785857700,7013,missing
1785857700,7018,missing
1785857700,7011,missing
1785857701,7016,missing
1785857701,6983,missing
1785857701,7020,missing
1785857701,7026,ok
1785857702,7022,missing
1785857702,7019,missing
1785857702,7021,missing
1785857703,7038,ok
1785857703,7023,missing
1785857703,7024,missing
1785857703,7028,missing
1785857703,7039,ok
1785857704,7030,missing
1785857704,7032,missing
1785857704,7043,ok
1785857704,7029,missing
1785857704,7033,missing
1785857704,7025,missing
1785857704,7034,missing
1785857704,7031,missing
1785857705,7027,missing
1785857705,7037,missing
1785857705,7036,missing
1785857706,7050,ok
1785857706,7052,ok
1785857706,7040,missing
1785857707,7045,missing
1785857707,7035,missing
1785857707,7049,missing
1785857707,7042,missing
1785857708,7044,missing
1785857708,7047,missing
1785857708,7057,ok
1785857708,7041,missing
1785857708,7051,missing
1785857708,7046,missing
1785857709,7054,missing
1785857709,7055,missing
1785857709,7067,ok
1785857709,7058,missing
1785857709,7053,missing
1785857709,7048,missing
1785857710,7059,missing
1785857710,7060,missing
1785857711,7062,missing
1785857711,7056,missing
1785857711,7064,missing
1785857712,7068,missing
1785857712,7065,missing
1785857712,7061,missing
1785857712,7066,missing
1785857712,7063,missing
1785857712,7071,missing
1785857712,7069,missing
1785857712,7073,missing
1785857713,7070,missing
1785857713,7072,missing
1785857713,7074,missing
1785857713,7082,ok
1785857714,7075,missing
1785857714,7076,missing
1785857715,7078,missing
1785857715,7090,ok
1785857715,7077,missing
1785857716,7079,missing
1785857716,7084,missing
1785857716,7085,missing
1785857716,7086,missing
1785857716,7088,missing
1785857716,7083,missing
1785857716,7081,missing
1785857717,7091,missing
1785857717,7100,ok
1785857717,7087,missing
1785857717,7080,missing
1785857717,7089,missing
1785857718,7102,ok
1785857718,7104,ok
1785857718,7094,missing
1785857718,7103,ok
1785857718,7093,missing
1785857719,7096,missing
1785857719,7095,missing
1785857719,7092,missing
1785857719,7098,missing
1785857719,7097,missing
1785857720,7099,missing
1785857720,7101,missing
1785857720,7112,ok
1785857720,7116,ok
1785857720,7105,missing
1785857721,7120,ok
1785857721,7121,ok
1785857721,7119,ok
1785857721,7109,missing
1785857721,7111,missing
1785857721,7106,missing
1785857722,7107,missing
1785857722,7110,missing
1785857722,7108,missing
1785857722,7128,ok
1785857722,7113,missing
1785857722,7117,missing
1785857722,7114,missing
1785857722,7115,missing
1785857722,7118,missing
1785857723,7137,ok
1785857724,7123,missing
1785857724,7124,missing
1785857724,7134,ok
1785857724,7126,missing
1785857724,7122,missing
1785857724,7127,missing
1785857725,7125,missing
1785857725,7131,missing
1785857725,7132,missing
1785857725,7145,ok
1785857725,7142,ok
1785857726,7138,missing
1785857726,7133,missing
1785857726,7130,missing
1785857726,7129,missing
1785857727,7135,missing
1785857727,7136,missing
1785857727,7141,missing
1785857727,7139,missing
1785857727,7144,missing
1785857728,7140,missing
1785857728,7143,missing
1785857728,7146,missing
1785857729,7148,missing
1785857729,7149,missing
1785857729,7150,missing
1785857730,7153,missing
1785857730,7152,missing
1785857730,7147,missing
1785857730,7154,missing
1785857730,7164,ok
1785857730,7155,missing
1785857730,7157,missing
1785857730,7151,missing
1785857730,7156,missing
1785857731,7168,ok
1785857731,7160,missing
1785857731,7159,missing
1785857731,7161,missing
1785857732,7162,missing
1785857732,7158,missing
1785857732,7165,missing
1785857733,7163,missing
1785857733,7166,missing
1785857733,7181,ok
1785857734,7173,missing
1785857734,7174,missing
1785857734,7169,missing
1785857734,7172,missing
1785857734,7170,missing
1785857734,7175,missing
1785857734,7167,missing
1785857734,7171,missing
1785857735,7179,missing
1785857735,7177,missing
1785857735,7178,missing
1785857735,7176,missing
1785857735,7180,missing
1785857737,7183,missing
1785857737,7184,missing
1785857737,7196,ok
1785857737,7191,ok
1785857737,7182,missing
1785857737,7185,missing
1785857737,7186,missing
1785857738,7198,ok
1785857738,7190,missing
1785857738,7189,missing
1785857738,7193,missing
1785857738,7188,missing
1785857738,7195,missing
1785857738,7187,missing
1785857738,7204,ok
1785857739,7194,missing
1785857739,7205,ok
1785857739,7211,ok
1785857739,7192,missing
1785857740,7197,missing
1785857740,7210,ok
1785857740,7201,missing
1785857740,7203,missing
1785857740,7199,missing
1785857741,7202,missing
1785857741,7219,ok
1785857741,7200,missing
1785857741,7222,ok
1785857742,7206,missing
1785857742,7207,missing
1785857742,7213,missing
1785857742,7208,missing
1785857743,7216,missing
1785857743,7209,missing
1785857743,7228,ok
1785857743,7212,missing
1785857744,7220,missing
1785857744,7221,missing
1785857744,7215,missing
1785857744,7225,missing
1785857744,7223,missing
1785857744,7224,missing
1785857745,7214,missing
1785857745,7226,missing
1785857745,7217,missing
1785857745,7227,missing
1785857746,7233,ok
1785857746,7229,missing
1785857747,7243,ok
1785857747,7232,missing
1785857747,7230,missing
1785857747,7231,missing
1785857748,7234,missing
1785857748,7235,missing
1785857748,7236,missing
1785857748,7247,ok
1785857748,7239,missing
1785857749,7240,missing
1785857749,7238,missing
1785857749,7242,missing
1785857749,7254,ok
1785857749,7237,missing
1785857750,7241,missing
1785857750,7244,missing
1785857750,7245,missing
1785857750,7246,missing
1785857750,7218,missing
1785857751,7248,missing
1785857751,7257,ok
1785857751,7252,missing
1785857752,7249,missing
1785857752,7251,missing
1785857752,7250,missing
1785857752,7255,missing
1785857752,7253,missing
1785857752,7256,missing
1785857753,7259,missing
1785857753,7260,missing
1785857753,7258,missing
1785857753,7262,missing
1785857753,7261,missing
1785857753,7270,ok
1785857754,7264,missing
1785857754,7263,missing
1785857754,7272,ok
1785857754,7265,missing
1785857755,7266,missing
1785857755,7269,missing
1785857755,7267,missing
1785857755,7268,missing
1785857756,7273,missing
1785857756,7274,missing
1785857756,7271,missing
1785857756,7277,missing
1785857757,7278,missing
1785857757,7275,missing
1785857757,7281,missing
1785857757,7282,missing
1785857757,7280,missing
1785857758,7279,missing
1785857758,7283,missing
1785857758,7284,missing
1785857759,7285,missing
1785857759,7298,ok
1785857759,7286,missing
1785857759,7288,missing
1785857760,7276,missing
1785857760,7291,missing
1785857760,7287,missing
1785857760,7292,missing
1785857760,7289,missing
1785857761,7293,missing
1785857761,7296,missing
1785857761,7294,missing
1785857761,7307,ok
1785857761,7308,ok
1785857761,7295,missing
1785857761,7297,missing
1785857762,7290,missing
1785857762,7300,missing
1785857762,7305,ok
1785857762,7299,missing
1785857763,7303,missing
1785857763,7302,missing
1785857763,7316,ok
1785857763,7317,ok
1785857763,7304,missing
1785857763,7301,missing
1785857764,7319,ok
1785857764,7323,ok
1785857764,7322,ok
1785857764,7309,missing
1785857765,7310,missing
1785857765,7313,missing
1785857765,7312,missing
1785857765,7315,missing
1785857765,7306,missing
1785857765,7311,missing
1785857766,7318,missing
1785857766,7314,missing
1785857766,7328,ok
1785857766,7334,ok
1785857766,7321,missing
1785857766,7320,missing
1785857767,7324,missing
1785857767,7326,missing
1785857767,7325,missing
1785857767,7327,missing
1785857768,7332,missing
1785857768,7331,missing
1785857768,7330,missing
1785857769,7335,missing
1785857769,7336,missing
1785857769,7337,missing
1785857769,7329,missing
1785857769,7333,missing
1785857769,7339,missing
1785857770,7338,missing
1785857770,7341,missing
1785857770,7342,missing
1785857770,7343,missing
1785857771,7344,missing
1785857771,7345,missing
1785857771,7346,missing
1785857772,7347,missing
1785857772,7351,missing
1785857772,7348,missing
1785857772,7352,missing
1785857773,7350,missing
1785857773,7354,missing
1785857773,7355,missing
1785857773,7364,ok
1785857773,7357,missing
1785857774,7356,missing
1785857774,7353,missing
1785857774,7349,missing
1785857774,7358,missing
1785857775,7361,missing
1785857775,7359,missing
1785857775,7360,missing
1785857776,7363,missing
1785857776,7362,missing
1785857776,7375,ok
1785857776,7365,missing
1785857776,7366,missing
1785857777,7368,missing
1785857777,7369,missing
1785857777,7370,missing
1785857777,7367,missing
1785857778,7372,missing
1785857778,7373,missing
1785857778,7376,missing
1785857778,7386,ok
1785857778,7374,missing
1785857779,7378,missing
1785857779,7377,missing
1785857779,7382,missing
1785857780,7380,missing
1785857780,7381,missing
1785857780,7384,missing
1785857781,7383,missing
1785857781,7385,missing
1785857782,7387,missing
1785857782,7388,missing
1785857782,7389,missing
1785857782,7392,missing
1785857782,7379,missing
1785857782,7371,missing
1785857783,7390,missing
1785857783,7391,missing
1785857783,7396,missing
1785857783,7393,missing
1785857784,7394,missing
1785857784,7397,missing
1785857784,7398,missing
1785857785,7399,missing
1785857785,7395,missing
1785857785,7400,missing
1785857785,7340,missing
1785857785,7401,missing
1785857785,7405,missing
1785857786,7402,missing
1785857786,7407,missing
1785857786,7408,missing
1785857786,7418,ok
1785857786,7409,missing
1785857786,7406,missing
1785857787,7403,missing
1785857787,7416,ok
1785857787,7410,missing
1785857787,7404,missing
1785857787,7411,missing
1785857788,7425,ok
1785857788,7412,missing
1785857789,7415,missing
1785857789,7414,missing
1785857789,7413,missing
1785857789,7433,ok
1785857789,7420,missing
1785857790,7422,missing
1785857790,7424,missing
1785857790,7419,missing
1785857790,7435,ok
1785857790,7423,missing
1785857791,7427,missing
1785857791,7426,missing
1785857791,7421,missing
1785857791,7428,missing
1785857792,7417,missing
1785857792,7430,missing
1785857792,7429,missing
1785857792,7434,missing
1785857793,7431,missing
1785857793,7438,missing
1785857793,7432,missing
1785857793,7437,missing
1785857793,7439,missing
1785857794,7443,missing
1785857794,7440,missing
1785857794,7441,missing
1785857794,7442,missing
1785857794,7436,missing
1785857795,7446,missing
1785857795,7445,missing
1785857795,7454,ok
1785857795,7444,missing
1785857796,7459,ok
1785857796,7447,missing
1785857796,7450,missing
1785857797,7448,missing
1785857797,7453,missing
1785857797,7449,missing
1785857797,7452,missing
1785857797,7456,missing
1785857797,7458,ok
1785857797,7451,missing
1785857798,7465,ok
1785857798,7472,ok
1785857798,7457,missing
1785857798,7455,missing
1785857799,7462,missing
1785857799,7461,missing
1785857799,7460,missing
1785857799,7463,missing
1785857799,7464,missing
1785857800,7467,missing
1785857800,7466,missing
1785857800,7480,ok
1785857801,7471,missing
1785857801,7473,missing
1785857801,7474,missing
1785857801,7469,missing
1785857801,7486,ok
1785857802,7468,missing
1785857802,7476,missing
1785857802,7470,missing
1785857802,7479,ok
1785857802,7478,missing
1785857802,7490,ok
1785857802,7477,missing
1785857802,7481,missing
1785857803,7475,missing
1785857803,7491,ok
1785857803,7482,missing
1785857803,7483,missing
1785857804,7487,missing
1785857804,7485,missing
1785857804,7484,missing
1785857805,7488,missing
1785857805,7492,missing
1785857805,7493,missing
1785857805,7489,missing
1785857805,7499,ok
1785857805,7495,missing
1785857806,7498,missing
1785857806,7497,missing
1785857806,7494,missing
1785857806,7496,missing
1785857807,7501,missing
1785857807,7500,missing
1785857807,7515,ok
1785857807,7502,missing
1785857808,7516,ok
1785857808,7505,missing
1785857808,7503,missing
1785857808,7504,missing
1785857808,7506,missing
1785857809,7509,missing
1785857809,7518,ok
1785857809,7519,ok
1785857809,7513,missing
1785857809,7507,missing
1785857809,7520,ok
1785857809,7510,missing
1785857809,7514,missing
1785857809,7508,missing
1785857810,7511,missing
1785857810,7512,missing
1785857810,7527,ok
1785857810,7517,missing
1785857811,7521,missing
1785857811,7534,ok
1785857812,7522,missing
1785857812,7528,missing
1785857812,7523,missing
1785857812,7530,missing
1785857812,7524,missing
1785857813,7531,missing
1785857813,7525,missing
1785857813,7526,missing
1785857813,7536,missing
1785857813,7543,ok
1785857813,7529,missing
1785857814,7535,missing
1785857814,7533,missing
1785857814,7532,missing
1785857814,7550,ok
1785857815,7540,missing
1785857815,7537,missing
1785857815,7538,missing
1785857815,7539,missing
1785857816,7541,missing
1785857816,7547,missing
1785857816,7548,missing
1785857817,7545,missing
1785857817,7542,missing
1785857817,7551,missing
1785857817,7549,missing
1785857817,7552,missing
1785857817,7553,missing
1785857818,7563,ok
1785857818,7554,missing
1785857818,7546,missing
1785857818,7544,missing
1785857818,7555,missing
1785857818,7556,missing
1785857818,7561,ok
1785857818,7558,missing
1785857820,7559,missing
1785857820,7557,missing
1785857820,7560,missing
1785857821,7562,missing
1785857821,7567,missing
1785857821,7564,missing
1785857821,7568,missing
1785857821,7566,missing
1785857821,7572,missing
1785857822,7570,missing
1785857822,7575,missing
1785857822,7569,missing
1785857822,7571,missing
1785857823,7573,missing
1785857823,7577,missing
1785857823,7578,missing
1785857823,7576,missing
1785857824,7574,missing
1785857824,7579,missing
1785857824,7593,ok
1785857824,7591,ok
1785857824,7581,missing
1785857825,7580,missing
1785857825,7585,missing
1785857825,7583,missing
1785857825,7587,missing
1785857825,7565,missing
1785857825,7582,missing
1785857826,7584,missing
1785857826,7588,missing
1785857826,7586,missing
1785857826,7590,missing
1785857826,7597,ok
1785857827,7600,ok
1785857827,7601,ok
1785857827,7589,missing
1785857827,7592,missing
1785857827,7608,ok
1785857828,7609,ok
1785857828,7598,missing
1785857828,7599,missing
1785857828,7596,missing
1785857828,7594,missing
1785857828,7595,missing
1785857829,7605,missing
1785857829,7603,missing
1785857829,7602,missing
1785857829,7616,ok
1785857829,7606,missing
1785857830,7607,missing
1785857830,7604,missing
1785857830,7610,missing
1785857830,7613,missing
1785857831,7612,missing
1785857831,7611,missing
1785857832,7619,missing
1785857832,7617,missing
1785857832,7618,missing
1785857832,7615,missing
1785857833,7621,missing
1785857833,7614,missing
1785857833,7622,missing
1785857833,7620,missing
1785857833,7623,missing
1785857834,7627,missing
1785857834,7628,missing
1785857834,7626,missing
1785857834,7624,missing
1785857834,7629,missing
1785857835,7640,ok
1785857835,7631,missing
1785857835,7644,ok
1785857835,7630,missing
1785857836,7625,missing
1785857836,7632,missing
1785857836,7633,missing
1785857836,7645,ok
1785857836,7636,missing
1785857837,7637,missing
1785857837,7634,missing
1785857837,7639,missing
1785857837,7635,missing
1785857837,7638,missing
1785857837,7642,missing
1785857837,7641,missing
1785857838,7646,missing
1785857838,7647,missing
1785857838,7643,missing
1785857839,7649,missing
1785857839,7652,missing
1785857839,7650,missing
1785857839,7651,missing
1785857840,7648,missing
1785857840,7657,missing
1785857840,7656,missing
1785857840,7655,missing
1785857841,7654,missing
1785857841,7653,missing
1785857841,7658,missing
1785857841,7660,missing
1785857841,7659,missing
1785857842,7662,missing
1785857842,7672,ok
1785857842,7661,missing
1785857842,7665,missing
1785857842,7664,missing
1785857843,7663,missing
1785857843,7666,missing
1785857843,7679,ok
1785857843,7667,missing
1785857844,7671,missing
1785857844,7670,missing
1785857844,7668,missing
1785857844,7673,missing
1785857844,7674,missing
1785857844,7675,missing
1785857845,7669,missing
1785857845,7676,missing
1785857845,7687,ok
1785857845,7677,missing
1785857846,7680,missing
1785857846,7681,missing
1785857846,7691,ok
1785857846,7684,missing
1785857846,7682,missing
1785857847,7683,missing
1785857847,7695,ok
1785857847,7686,missing
1785857847,7685,missing
1785857847,7698,ok
1785857847,7689,missing
1785857847,7688,missing
1785857848,7678,missing
1785857848,7705,ok
1785857848,7692,missing
1785857848,7694,missing
1785857848,7693,missing
1785857848,7707,ok
1785857849,7701,ok
1785857849,7690,missing
1785857849,7696,missing
1785857849,7710,ok
1785857850,7700,missing
1785857850,7697,missing
1785857850,7703,missing
1785857850,7704,missing
1785857850,7706,missing
1785857851,7718,ok
1785857851,7702,missing
1785857851,7699,missing
1785857851,7708,missing
1785857852,7709,missing
1785857852,7711,missing
1785857852,7713,missing
1785857852,7715,missing
1785857853,7714,missing
1785857853,7712,missing
1785857853,7717,missing
1785857853,7719,missing
1785857853,7716,missing
1785857853,7722,ok
1785857854,7721,missing
1785857854,7725,missing
1785857854,7720,missing
1785857854,7734,ok
1785857854,7723,missing
1785857854,7726,missing
1785857855,7736,ok
1785857855,7727,missing
1785857855,7729,missing
1785857855,7724,missing
1785857855,7739,ok
1785857856,7728,missing
1785857856,7730,missing
1785857856,7746,ok
1785857856,7731,ok
1785857856,7732,missing
1785857857,7733,missing
1785857857,7737,missing
1785857857,7738,missing
1785857857,7740,missing
1785857858,7742,missing
1785857858,7735,missing
1785857858,7741,missing
1785857858,7744,missing
1785857859,7747,missing
1785857859,7743,missing
1785857859,7745,missing
1785857859,7748,missing
1785857860,7762,ok
1785857860,7750,missing
1785857860,7751,missing
1785857860,7759,ok
1785857860,7749,missing
1785857860,7752,missing
1785857860,7754,missing
1785857861,7756,missing
1785857861,7768,ok
1785857861,7766,ok
1785857861,7753,missing
1785857861,7757,missing
1785857862,7760,missing
1785857862,7758,missing
1785857862,7763,missing
1785857862,7773,ok
1785857862,7761,missing
1785857863,7755,missing
1785857863,7767,missing
1785857863,7765,missing
1785857863,7770,missing
1785857864,7769,missing
1785857864,7764,missing
1785857864,7772,missing
1785857864,7771,missing
1785857865,7776,missing
1785857865,7774,missing
1785857865,7775,missing
1785857866,7780,missing
1785857866,7779,missing
1785857866,7791,ok
1785857866,7778,missing
1785857866,7782,missing
1785857867,7796,ok
1785857867,7784,missing
1785857867,7781,missing
1785857867,7783,missing
1785857867,7794,ok
1785857867,7788,missing
1785857868,7799,ok
1785857868,7787,missing
1785857868,7789,missing
1785857868,7785,missing
1785857868,7790,missing
1785857868,7777,missing
1785857868,7786,missing
1785857869,7792,missing
1785857869,7795,missing
1785857869,7797,missing
1785857870,7811,ok
1785857870,7793,missing
1785857870,7798,missing
1785857870,7800,missing
1785857870,7804,ok
1785857871,7805,missing
1785857871,7801,missing
1785857871,7807,missing
1785857871,7808,missing
1785857871,7803,missing
1785857872,7802,missing
1785857872,7810,missing
1785857872,7806,missing
1785857872,7812,missing
1785857873,7809,missing
1785857873,7813,missing
1785857873,7814,missing
1785857873,7825,ok
1785857873,7815,missing
1785857874,7816,missing
1785857874,7817,missing
1785857874,7832,ok
1785857874,7819,missing
1785857874,7818,missing
1785857875,7820,missing
1785857875,7821,missing
1785857875,7822,missing
1785857875,7828,ok
1785857875,7824,missing
1785857876,7823,missing
1785857876,7827,missing
1785857876,7831,missing
1785857877,7829,missing
1785857877,7826,missing
1785857878,7834,missing
1785857878,7836,missing
1785857878,7833,missing
1785857878,7835,missing
1785857878,7837,missing
1785857878,7840,missing
1785857878,7841,missing
1785857878,7838,missing
1785857879,7839,missing
1785857879,7843,missing
1785857879,7842,missing
1785857879,7844,missing
1785857880,7845,missing
1785857880,7852,ok
1785857880,7830,missing
1785857880,7847,missing
1785857881,7850,missing
1785857881,7863,ok
1785857881,7846,missing
1785857882,7849,missing
1785857882,7854,missing
1785857882,7856,missing
1785857882,7848,missing
1785857882,7851,missing
1785857882,7853,missing
1785857882,7857,missing
1785857883,7855,missing
1785857883,7858,missing
1785857883,7859,missing
1785857883,7860,missing
1785857883,7861,missing
1785857884,7872,ok
1785857884,7862,missing
1785857885,7866,missing
1785857885,7865,missing
1785857885,7870,missing
1785857886,7871,missing
1785857886,7868,missing
1785857886,7869,missing
1785857886,7873,missing
1785857886,7874,missing
1785857886,7864,missing
1785857886,7883,ok
1785857886,7882,ok
1785857886,7877,missing
1785857886,7867,missing
1785857887,7878,missing
1785857887,7879,missing
1785857887,7875,missing
1785857887,7876,missing
1785857887,7891,ok
1785857889,7898,ok
1785857889,7884,missing
1785857889,7885,missing
1785857889,7887,missing
1785857889,7880,missing
1785857889,7888,missing
1785857889,7881,missing
1785857889,7886,missing
1785857890,7892,missing
1785857890,7893,missing
1785857890,7889,missing
1785857890,7890,missing
1785857890,7894,missing
1785857890,7895,missing
1785857890,7896,missing
1785857891,7906,ok
1785857891,7897,missing
1785857891,7913,ok
1785857891,7907,ok
1785857892,7917,ok
1785857892,7904,missing
1785857892,7918,ok
1785857892,7901,missing
1785857892,7900,missing
1785857893,7902,missing
1785857893,7909,missing
1785857893,7899,missing
1785857893,7910,missing
1785857893,7922,ok
1785857894,7911,missing
1785857894,7903,missing
1785857894,7908,missing
1785857894,7905,missing
1785857894,7912,missing
1785857895,7916,missing
1785857895,7915,missing
1785857895,7932,ok
1785857896,7920,missing
1785857896,7914,missing
1785857896,7924,missing
1785857896,7926,missing
1785857897,7919,missing
1785857897,7927,missing
1785857897,7921,missing
1785857897,7929,missing
1785857897,7925,missing
1785857897,7923,missing
1785857898,7931,missing
1785857898,7934,missing
1785857898,7928,missing
1785857899,7933,missing
1785857899,7936,missing
1785857899,7935,missing
1785857900,7937,missing
1785857900,7941,missing
1785857900,7938,missing
1785857900,7930,missing
1785857900,7943,missing
1785857900,7945,missing
1785857900,7940,missing
1785857900,7950,ok
1785857900,7942,missing
1785857901,7944,missing
1785857901,7953,ok
1785857901,7939,missing
1785857902,7948,missing
1785857902,7946,missing
1785857902,7951,missing
1785857902,7949,missing
1785857903,7947,missing
1785857903,7956,missing
1785857904,7959,missing
1785857904,7957,missing
1785857904,7958,missing
1785857904,7960,missing
1785857904,7954,missing
1785857904,7952,missing
1785857905,7955,missing
1785857905,7961,missing
1785857905,7964,missing
1785857905,7971,ok
1785857905,7965,missing
1785857906,7963,missing
1785857906,7967,missing
1785857906,7966,missing
1785857906,7962,missing
1785857906,7969,ok
1785857906,7968,missing
1785857906,7979,ok
1785857907,7981,ok
1785857907,7985,ok
1785857907,7974,missing
1785857908,7972,missing
1785857908,7973,missing
1785857908,7975,missing
1785857908,7970,missing
1785857908,7976,missing
1785857908,7993,ok
1785857909,7982,missing
1785857909,7980,missing
1785857909,7978,missing
1785857909,7986,missing
1785857910,7983,missing
1785857910,7984,missing
1785857910,7977,missing
1785857910,7995,ok
1785857910,7987,missing
1785857910,7988,missing
1785857910,7989,missing
1785857911,7991,missing
1785857911,7990,missing
1785857912,7994,missing
1785857912,7996,missing
1785857912,7997,missing
1785857912,7998,missing
1785857913,8000,missing
1785857913,7992,missing
1785857913,8003,missing
1785857913,8004,missing
1785857913,8005,missing
1785857913,8001,missing
1785857913,8015,ok
1785857914,7999,missing
1785857914,8006,missing
1785857915,8009,missing
1785857915,8007,missing
1785857915,8008,missing
1785857915,8002,missing
1785857916,8010,missing
1785857916,8011,missing
1785857916,8026,ok
1785857916,8014,missing
1785857916,8017,missing
1785857916,8012,missing
1785857916,8027,ok
1785857917,8016,missing
1785857917,8018,missing
1785857917,8013,missing
1785857917,8020,missing
1785857917,8033,ok
1785857917,8021,missing
1785857917,8031,ok
1785857918,8034,ok
1785857918,8022,missing
1785857918,8019,missing
1785857918,8023,missing
1785857918,8024,missing
1785857918,8025,missing
1785857919,8042,ok
1785857919,8028,missing
1785857919,8032,missing
1785857920,8029,missing
1785857920,8030,missing
1785857920,8035,missing
1785857921,8040,missing
1785857921,8036,missing
1785857921,8044,missing
1785857921,8039,missing
1785857921,8038,missing
1785857922,8045,missing
1785857922,8041,missing
1785857922,8053,ok
1785857922,8043,missing
1785857922,8037,missing
1785857923,8062,ok
1785857923,8046,missing
1785857923,8050,missing
1785857924,8049,missing
1785857924,8047,missing
1785857924,8052,missing
1785857924,8051,missing
1785857924,8048,missing
1785857924,8064,ok
1785857924,8054,missing
1785857925,8055,missing
1785857925,8063,ok
1785857925,8057,missing
1785857926,8061,missing
1785857926,8058,missing
1785857926,8056,missing
1785857926,8060,missing
1785857926,8059,missing
1785857926,8072,ok
1785857927,8081,ok
1785857927,8078,ok
1785857927,8070,missing
1785857928,8068,missing
1785857928,8073,missing
1785857928,8067,missing
1785857928,8065,missing
1785857928,8075,missing
1785857928,8083,ok
1785857928,8069,missing
1785857928,8071,missing
1785857928,8074,missing
1785857929,8077,missing
1785857929,8080,missing
1785857929,8076,missing
1785857930,8089,ok
1785857930,8082,missing
1785857930,8079,missing
1785857930,8066,missing
1785857931,8084,missing
1785857931,8085,missing
1785857931,8086,missing
1785857931,8087,missing
1785857932,8092,missing
1785857932,8093,missing
1785857932,8090,missing
1785857932,8088,missing
1785857933,8091,missing
1785857933,8094,missing
1785857933,8107,ok
1785857933,8097,missing
1785857933,8095,missing
1785857934,8098,missing
1785857934,8096,missing
1785857934,8099,missing
1785857934,8113,ok
1785857934,8101,missing
1785857934,8110,ok
1785857934,8103,missing
1785857934,8100,missing
1785857935,8106,missing
1785857935,8108,missing
1785857935,8115,ok
1785857935,8104,missing
1785857936,8117,ok
1785857936,8121,ok
1785857936,8105,missing
1785857936,8109,missing
1785857936,8120,ok
1785857936,8127,ok
1785857937,8112,missing
1785857937,8114,missing
1785857938,8116,missing
1785857938,8111,missing
1785857938,8119,missing
1785857938,8122,missing
1785857938,8102,missing
1785857939,8123,missing
1785857939,8118,missing
1785857939,8125,missing
1785857939,8124,missing
1785857940,8129,missing
1785857940,8128,missing
1785857940,8130,missing
1785857940,8132,missing
1785857941,8126,missing
1785857941,8145,ok
1785857941,8136,missing
1785857941,8131,missing
1785857942,8133,missing
1785857942,8138,missing
1785857942,8134,missing
1785857942,8141,missing
1785857942,8151,ok
1785857942,8139,missing
1785857943,8135,missing
1785857943,8143,missing
1785857943,8137,missing
1785857943,8149,ok
1785857943,8144,missing
1785857943,8140,missing
1785857943,8142,missing
1785857944,8146,missing
1785857944,8155,ok
1785857945,8147,missing
1785857945,8150,missing
1785857945,8148,missing
1785857945,8165,ok
1785857946,8157,missing
1785857946,8159,missing
1785857946,8156,missing
1785857946,8152,missing
1785857946,8158,missing
1785857946,8162,missing
1785857947,8163,missing
1785857947,8171,ok
1785857947,8154,missing
1785857947,8160,missing
1785857947,8153,missing
1785857948,8164,missing
1785857948,8173,ok
1785857948,8176,ok
1785857948,8161,missing
1785857948,8167,missing
1785857949,8166,missing
1785857949,8184,ok
1785857949,8169,missing
1785857949,8168,missing
1785857950,8170,missing
1785857950,8174,missing
1785857950,8172,missing
1785857950,8186,ok
1785857950,8175,missing
1785857950,8187,ok
1785857951,8178,missing
1785857951,8180,missing
1785857951,8190,ok
1785857951,8181,missing
1785857951,8177,missing
1785857952,8179,missing
1785857952,8200,ok
1785857952,8188,missing
1785857952,8185,missing
1785857953,8182,missing
1785857953,8189,missing
1785857953,8183,missing
1785857953,8192,missing
1785857953,8195,missing
1785857953,8191,missing
1785857954,8193,missing
1785857954,8194,missing
1785857954,8197,missing
1785857954,8205,ok
1785857954,8196,missing
1785857955,8199,missing
1785857955,8201,missing
1785857955,8198,missing
1785857955,8203,missing
1785857956,8202,missing
1785857956,8207,missing
1785857956,8208,missing
1785857956,8204,missing
1785857957,8210,missing
1785857957,8209,missing
1785857957,8211,missing
1785857957,8206,missing
1785857957,8219,ok
1785857957,8212,missing
1785857957,8213,missing
1785857957,8214,missing
1785857958,8225,ok
1785857958,8215,missing
1785857958,8217,missing
1785857958,8216,missing
1785857959,8231,ok
1785857959,8220,missing
1785857960,8221,missing
1785857960,8224,missing
1785857960,8222,missing
1785857960,8237,ok
1785857960,8223,missing
1785857960,8229,missing
1785857961,8228,missing
1785857961,8239,ok
1785857961,8230,missing
1785857961,8227,missing
1785857961,8226,missing
1785857961,8232,missing
1785857962,8233,missing
1785857962,8244,ok
1785857962,8234,missing
1785857962,8235,missing
1785857962,8236,missing
1785857963,8252,ok
1785857963,8218,missing
1785857964,8241,missing
1785857964,8242,missing
1785857964,8240,missing
1785857964,8243,missing
1785857964,8238,missing
1785857964,8245,missing
1785857965,8248,missing
1785857965,8247,missing
1785857965,8249,missing
1785857965,8250,missing
1785857966,8251,missing
1785857966,8254,missing
1785857966,8246,missing
1785857966,8262,ok
1785857966,8253,missing
1785857967,8255,missing
1785857967,8256,missing
1785857967,8257,missing
1785857967,8273,ok
1785857967,8272,ok
1785857968,8270,ok
1785857968,8259,missing
1785857968,8258,missing
1785857968,8261,missing
1785857968,8264,missing
1785857968,8263,missing
1785857969,8260,missing
1785857969,8265,missing
1785857969,8268,missing
1785857969,8267,missing
1785857969,8269,missing
1785857970,8271,missing
1785857970,8266,missing
1785857970,8275,missing
1785857971,8276,missing
1785857971,8274,missing
1785857971,8279,missing
1785857971,8277,missing
1785857971,8278,missing
1785857971,8290,ok
1785857972,8282,missing
1785857972,8283,missing
1785857972,8284,missing
1785857972,8281,missing
1785857973,8280,missing
1785857973,8288,missing
1785857973,8285,missing
1785857973,8287,missing
1785857974,8286,missing
1785857974,8289,missing
1785857975,8292,missing
1785857975,8294,missing
1785857975,8295,missing
1785857975,8293,missing
1785857975,8291,missing
1785857975,8299,missing
1785857975,8296,missing
1785857976,8297,missing
1785857976,8298,missing
1785857976,8300,missing
1785857976,8302,missing
1785857976,8310,ok
1785857976,8304,missing
1785857976,8301,missing
1785857977,8303,missing
1785857977,8305,missing
1785857977,8307,ok
1785857977,8306,missing
1785857978,8323,ok
1785857978,8308,missing
1785857978,8309,missing
1785857979,8311,missing
1785857979,8313,missing
1785857979,8317,missing
1785857980,8312,missing
1785857980,8320,missing
1785857980,8315,missing
1785857980,8314,missing
1785857980,8321,missing
1785857980,8319,missing
1785857981,8316,missing
1785857981,8325,missing
1785857981,8318,missing
1785857981,8324,missing
1785857981,8322,missing
1785857982,8326,missing
1785857982,8340,ok
1785857983,8327,missing
1785857983,8331,missing
1785857983,8341,ok
1785857983,8342,ok
1785857984,8330,missing
1785857984,8336,missing
1785857984,8333,missing
1785857984,8332,missing
1785857984,8334,missing
1785857984,8337,missing
1785857984,8335,missing
1785857984,8338,missing
1785857985,8339,missing
1785857985,8329,missing
1785857985,8352,ok
1785857985,8343,missing
1785857986,8354,ok
1785857986,8356,ok
1785857986,8346,missing
1785857986,8344,missing
1785857987,8347,missing
1785857987,8349,missing
1785857987,8345,missing
1785857987,8350,missing
1785857988,8351,missing
1785857988,8353,missing
1785857988,8357,missing
1785857988,8355,missing
1785857989,8359,missing
1785857989,8358,missing
1785857989,8348,missing
1785857989,8360,missing
1785857990,8328,missing
1785857990,8362,missing
1785857990,8364,missing
1785857990,8366,missing
1785857990,8365,missing
1785857991,8368,missing
1785857991,8361,missing
1785857991,8363,missing
1785857991,8371,missing
1785857991,8367,missing
1785857992,8369,missing
1785857992,8385,ok
1785857992,8373,missing
1785857993,8377,missing
1785857993,8376,missing
1785857993,8374,missing
1785857993,8370,missing
1785857993,8375,missing
1785857994,8372,missing
1785857994,8378,missing
1785857994,8382,missing
1785857995,8383,missing
1785857995,8381,missing
1785857995,8379,missing
1785857995,8380,missing
1785857995,8386,missing
1785857995,8387,missing
1785857995,8398,ok
1785857996,8388,missing
1785857996,8389,missing
1785857996,8384,missing
1785857997,8395,missing
1785857997,8394,missing
1785857997,8393,ok
1785857997,8392,missing
1785857997,8390,missing
1785857998,8391,missing
1785857998,8399,missing
1785857998,8409,ok
1785857998,8410,ok
1785857998,8396,missing
1785857999,8397,missing
1785857999,8403,missing
1785857999,8400,missing
1785857999,8402,missing
1785857999,8401,missing
1785858000,8404,missing
1785858000,8405,missing
1785858000,8406,missing
1785858000,8408,missing
1785858001,8407,missing
1785858001,8412,missing
1785858002,8413,missing
1785858002,8414,missing
1785858002,8416,missing
1785858002,8411,missing
1785858002,8418,missing
1785858002,8419,missing
1785858002,8421,missing
1785858003,8417,missing
1785858003,8422,missing
1785858003,8415,missing
1785858003,8420,missing
1785858003,8424,missing
1785858003,8432,ok
1785858004,8430,ok
1785858004,8426,missing
1785858004,8423,missing
1785858004,8441,ok
1785858005,8427,missing
1785858005,8431,missing
1785858006,8425,missing
1785858006,8428,missing
1785858006,8434,missing
1785858006,8429,missing
1785858006,8435,missing
1785858006,8437,missing
1785858007,8433,missing
1785858007,8439,missing
1785858007,8440,missing
1785858007,8436,missing
1785858007,8438,missing
1785858008,8443,missing
1785858008,8444,missing
1785858009,8442,missing
1785858009,8446,missing
1785858009,8447,missing
1785858009,8459,ok
1785858009,8449,missing
1785858009,8448,missing
1785858010,8450,missing
1785858010,8452,missing
1785858010,8445,missing
1785858010,8455,missing
1785858010,8454,missing
1785858011,8453,missing
1785858011,8456,missing
1785858011,8457,missing
1785858011,8451,missing
1785858011,8458,missing
1785858012,8461,missing
1785858012,8462,missing
1785858013,8464,missing
1785858013,8463,missing
1785858013,8466,missing
1785858013,8460,missing
1785858014,8465,missing
1785858014,8468,missing
1785858014,8467,missing
1785858014,8471,missing
1785858014,8475,missing
1785858015,8483,ok
1785858015,8469,missing
1785858015,8474,missing
1785858015,8472,missing
1785858015,8470,missing
1785858015,8487,ok
1785858016,8473,ok
1785858016,8478,missing
1785858016,8489,ok
1785858016,8476,missing
1785858017,8479,missing
1785858017,8477,missing
1785858017,8480,missing
1785858017,8494,ok
1785858017,8481,missing
1785858017,8495,ok
1785858018,8484,missing
1785858018,8482,missing
1785858018,8486,missing
1785858018,8485,missing
1785858018,8488,missing
1785858019,8504,ok
1785858019,8491,missing
1785858019,8492,missing
1785858019,8493,missing
1785858020,8490,missing
1785858020,8497,missing
1785858021,8496,missing
1785858021,8500,missing
1785858021,8498,missing
1785858021,8505,missing
1785858021,8502,missing
1785858021,8506,missing
1785858021,8507,missing
1785858022,8499,missing
1785858022,8501,missing
1785858022,8508,missing
1785858022,8509,missing
1785858022,8511,missing
1785858023,8503,missing
1785858023,8512,missing
1785858023,8523,ok
1785858024,8513,missing
1785858024,8510,missing
1785858024,8514,missing
1785858024,8515,missing
1785858024,8516,missing
1785858025,8518,missing
1785858025,8520,missing
1785858025,8517,missing
1785858025,8522,missing
1785858025,8524,missing
1785858026,8521,missing
1785858026,8525,missing
1785858026,8519,missing
1785858026,8527,missing
1785858026,8528,missing
1785858027,8526,missing
1785858027,8529,missing
1785858027,8531,missing
1785858027,8532,missing
1785858028,8545,ok
1785858028,8536,missing
1785858028,8546,ok
1785858028,8533,missing
1785858028,8538,missing
1785858029,8537,missing
1785858029,8534,missing
1785858029,8548,ok
1785858029,8535,missing
1785858029,8540,missing
1785858029,8539,ok
1785858029,8542,missing
1785858030,8530,missing
1785858030,8541,missing
1785858030,8543,missing
1785858030,8547,missing
1785858031,8544,missing
1785858031,8562,ok
1785858031,8549,missing
1785858031,8560,ok
1785858032,8551,missing
1785858032,8550,missing
1785858032,8553,missing
1785858032,8555,missing
1785858032,8554,missing
1785858033,8552,missing
1785858033,8557,missing
1785858033,8569,ok
1785858033,8565,ok
1785858033,8558,missing
1785858033,8561,missing
1785858034,8559,missing
1785858034,8564,missing
1785858034,8566,missing
1785858035,8563,missing
1785858035,8567,missing
1785858035,8579,ok
1785858035,8556,missing
1785858035,8568,missing
1785858035,8582,ok
1785858035,8570,missing
1785858036,8574,missing
1785858036,8571,missing
1785858036,8575,missing
1785858037,8573,missing
1785858037,8578,missing
1785858037,8572,missing
1785858037,8576,missing
1785858037,8577,missing
1785858038,8580,missing
1785858038,8583,missing
1785858038,8584,missing
1785858039,8597,ok
1785858039,8589,missing
1785858039,8587,missing
1785858039,8598,ok
1785858039,8581,missing
1785858039,8585,missing
1785858040,8588,missing
1785858040,8592,missing
1785858040,8590,missing
1785858040,8591,missing
1785858040,8586,missing
1785858041,8595,missing
1785858041,8593,missing
1785858041,8594,missing
1785858042,8596,missing
1785858042,8599,missing
1785858042,8600,missing
1785858043,8604,missing
1785858043,8605,missing
1785858043,8602,missing
1785858043,8603,missing
1785858043,8606,missing
1785858043,8610,missing
1785858043,8616,ok
1785858044,8607,missing
1785858044,8609,missing
1785858044,8618,ok
1785858044,8619,ok
1785858044,8613,missing
1785858044,8611,missing
1785858044,8601,missing
1785858045,8612,missing
1785858045,8608,missing
1785858045,8614,missing
1785858045,8628,ok
1785858046,8629,ok
1785858046,8621,missing
1785858046,8615,missing
1785858046,8617,missing
1785858047,8622,missing
1785858047,8620,missing
1785858047,8632,ok
1785858047,8624,missing
1785858047,8623,missing
1785858047,8626,missing
1785858047,8625,missing
1785858048,8641,ok
1785858048,8631,missing
1785858048,8630,missing
1785858049,8636,ok
1785858049,8638,missing
1785858050,8627,missing
1785858050,8635,missing
1785858050,8637,missing
1785858050,8633,missing
1785858050,8640,missing
1785858050,8639,missing
1785858051,8644,missing
1785858051,8643,missing
1785858051,8634,missing
1785858051,8647,missing
1785858051,8642,missing
1785858051,8653,ok
1785858051,8645,missing
1785858051,8646,missing
1785858052,8658,ok
1785858052,8648,missing
1785858052,8649,missing
1785858053,8651,missing
1785858053,8652,missing
1785858053,8654,missing
1785858054,8667,ok
1785858054,8656,missing
1785858054,8655,missing
1785858054,8661,missing
1785858054,8662,missing
1785858055,8663,missing
1785858055,8659,missing
1785858055,8650,missing
1785858055,8665,missing
1785858055,8657,missing
1785858055,8664,missing
1785858055,8671,ok
1785858056,8660,missing
1785858056,8666,missing
1785858056,8683,ok
1785858056,8669,missing
1785858057,8672,missing
1785858057,8668,missing
1785858057,8684,ok
1785858058,8670,missing
1785858058,8673,missing
1785858058,8674,missing
1785858058,8687,ok
1785858058,8680,missing
1785858058,8675,missing
1785858058,8681,missing
1785858058,8682,missing
1785858058,8677,missing
1785858059,8676,missing
1785858059,8678,missing
1785858059,8693,ok
1785858059,8685,missing
1785858059,8679,missing
1785858059,8695,ok
1785858061,8688,missing
1785858061,8692,missing
1785858061,8686,missing
1785858062,8698,missing
1785858062,8691,missing
1785858062,8689,missing
1785858062,8690,missing
1785858062,8697,missing
1785858062,8694,missing
1785858062,8700,missing
1785858062,8706,ok
1785858062,8707,ok
1785858062,8696,missing
1785858063,8702,missing
1785858063,8703,missing
1785858063,8701,missing
1785858063,8715,ok
1785858063,8699,missing
1785858063,8704,missing
1785858064,8718,ok
1785858064,8717,ok
1785858064,8713,ok
1785858064,8720,ok
1785858065,8705,missing
1785858065,8722,ok
1785858065,8708,missing
1785858065,8723,ok
1785858065,8711,missing
1785858065,8712,missing
1785858065,8728,ok
1785858065,8710,missing
1785858066,8730,ok
1785858066,8734,ok
1785858066,8716,missing
1785858066,8714,missing
1785858067,8729,ok
1785858067,8736,ok
1785858067,8709,missing
1785858067,8725,missing
1785858067,8737,ok
1785858067,8721,missing
1785858067,8727,missing
1785858068,8724,missing
1785858068,8740,ok
1785858068,8741,ok
1785858068,8726,missing
1785858068,8719,missing
1785858068,8745,ok
1785858068,8733,missing
1785858069,8747,ok
1785858069,8742,ok
1785858069,8731,missing
1785858069,8735,missing
1785858069,8732,missing
1785858070,8756,ok
1785858070,8738,missing
1785858070,8751,ok
1785858071,8744,missing
1785858071,8749,ok
1785858071,8746,ok
1785858071,8758,ok
1785858071,8743,missing
1785858071,8760,ok
1785858072,8748,missing
1785858072,8750,missing
1785858072,8753,missing
1785858072,8754,missing
1785858072,8767,ok
1785858072,8752,missing
1785858072,8761,ok
1785858072,8755,missing
1785858072,8765,ok
1785858073,8739,missing
1785858073,8770,ok
1785858073,8757,missing
1785858073,8769,ok
1785858073,8759,missing
1785858074,8763,missing
1785858074,8774,ok
1785858074,8773,ok
1785858074,8762,missing
1785858075,8766,missing
1785858075,8764,missing
1785858075,8771,missing
1785858076,8768,missing
1785858076,8778,missing
1785858076,8786,ok
1785858076,8779,missing
1785858076,8772,missing
1785858076,8789,ok
1785858077,8777,missing
1785858077,8781,missing
1785858077,8775,missing
1785858077,8785,missing
1785858078,8783,missing
1785858078,8782,missing
1785858078,8797,ok
1785858079,8780,missing
1785858079,8788,missing
1785858079,8784,missing
1785858079,8792,missing
1785858079,8791,missing
1785858079,8787,missing
1785858079,8793,missing
1785858080,8796,missing
1785858080,8794,missing
1785858080,8790,missing
1785858081,8798,missing
1785858081,8795,missing
1785858081,8810,ok
1785858081,8799,missing
1785858081,8801,missing
1785858081,8800,missing
1785858081,8776,ok
1785858082,8802,missing
1785858082,8803,missing
1785858083,8808,missing
1785858083,8807,missing
1785858083,8818,ok
1785858083,8815,ok
1785858083,8805,missing
1785858083,8804,missing
1785858083,8819,ok
1785858083,8809,missing
1785858084,8806,missing
1785858084,8811,missing
1785858084,8825,ok
1785858084,8812,missing
1785858085,8814,missing
1785858085,8816,missing
1785858085,8813,missing
1785858085,8817,missing
1785858086,8828,ok
1785858086,8827,ok
1785858086,8821,missing
1785858086,8823,missing
1785858086,8820,missing
1785858087,8822,missing
1785858087,8838,ok
1785858087,8836,ok
1785858087,8831,missing
1785858087,8832,missing
1785858087,8824,missing
1785858087,8841,ok
1785858088,8830,missing
1785858088,8829,missing
1785858088,8840,ok
1785858088,8842,ok
1785858088,8834,missing
1785858088,8826,missing
1785858089,8835,missing
1785858089,8833,missing
1785858089,8855,ok
1785858090,8839,missing
1785858090,8843,missing
1785858090,8844,missing
1785858090,8837,missing
1785858090,8845,missing
1785858090,8846,missing
1785858091,8849,missing
1785858091,8850,missing
1785858091,8860,ok
1785858091,8848,missing
1785858091,8847,missing
1785858091,8853,missing
1785858092,8851,missing
1785858092,8852,missing
1785858092,8861,ok
1785858092,8854,missing
1785858093,8856,missing
1785858094,8857,missing
1785858094,8858,missing
1785858094,8862,missing
1785858094,8859,missing
1785858094,8863,missing
1785858095,8865,missing
1785858095,8864,missing
1785858095,8866,missing
1785858095,8870,missing
1785858095,8867,missing
1785858095,8869,missing
1785858096,8873,missing
1785858096,8871,missing
1785858096,8868,missing
1785858096,8874,missing
1785858096,8881,ok
1785858096,8872,missing
1785858097,8885,ok
1785858097,8876,missing
1785858097,8877,missing
1785858098,8878,missing
1785858098,8875,missing
1785858098,8879,missing
1785858098,8880,missing
1785858098,8882,missing
1785858099,8884,missing
1785858099,8897,ok
1785858099,8887,missing
1785858099,8899,ok
1785858099,8886,missing
1785858099,8890,missing
1785858100,8898,ok
1785858100,8889,missing
1785858100,8893,missing
1785858100,8891,missing
1785858101,8888,missing
1785858101,8894,missing
1785858101,8906,ok
1785858101,8896,missing
1785858101,8895,missing
1785858101,8909,ok
1785858102,8908,ok
1785858102,8900,missing
1785858102,8883,missing
1785858102,8902,missing
1785858103,8901,missing
1785858103,8903,missing
1785858103,8904,missing
1785858103,8905,missing
1785858104,8907,missing
1785858104,8892,missing
1785858104,8912,missing
1785858104,8913,missing
1785858105,8915,missing
1785858105,8911,missing
1785858105,8923,ok
1785858105,8914,missing
1785858105,8916,missing
1785858105,8918,missing
1785858106,8919,missing
1785858106,8917,missing
1785858106,8920,missing
1785858106,8910,missing
1785858106,8931,ok
1785858106,8921,missing
1785858107,8922,missing
1785858107,8925,missing
1785858107,8927,missing
1785858108,8924,missing
1785858108,8930,missing
1785858108,8938,ok
1785858108,8926,missing
1785858108,8929,missing
1785858109,8928,missing
1785858109,8934,missing
1785858109,8935,missing
1785858109,8933,missing
1785858109,8932,missing
1785858110,8939,ok
1785858110,8937,missing
1785858110,8936,missing
1785858111,8942,missing
1785858111,8941,missing
1785858111,8940,missing
1785858112,8946,missing
1785858112,8943,missing
1785858112,8947,missing
1785858112,8950,missing
1785858112,8944,missing
1785858112,8948,missing
1785858112,8945,missing
1785858112,8949,missing
1785858113,8952,missing
1785858113,8954,missing
1785858113,8953,missing
1785858114,8951,missing
1785858114,8955,missing
1785858114,8967,ok
1785858114,8969,ok
1785858114,8958,missing
1785858114,8956,missing
1785858115,8957,missing
1785858115,8968,ok
1785858115,8959,missing
1785858115,8960,missing
1785858115,8963,missing
1785858115,8961,missing
1785858116,8975,ok
1785858116,8966,missing
1785858116,8962,missing
1785858116,8965,missing
1785858117,8970,missing
1785858117,8972,missing
1785858117,8973,missing
1785858117,8971,missing
1785858118,8985,ok
1785858118,8964,missing
1785858118,8977,missing
1785858118,8986,ok
1785858118,8974,missing
1785858119,8976,missing
1785858119,8981,missing
1785858119,8978,missing
1785858119,8982,missing
1785858119,8980,missing
1785858119,8983,missing
1785858120,8984,missing
1785858121,8979,missing
1785858121,8988,missing
1785858121,8990,missing
1785858121,8991,missing
1785858122,8989,missing
1785858122,9002,ok
1785858122,8987,missing
1785858122,8996,missing
1785858122,9003,ok
1785858122,8997,missing
1785858122,8992,missing
1785858122,8999,missing
1785858122,8995,missing
1785858123,8998,missing
1785858123,9000,missing
1785858124,9001,missing
1785858124,8994,missing
1785858124,8993,missing
1785858125,9004,missing
1785858125,9007,missing
1785858125,9009,missing
1785858125,9006,missing
1785858125,9012,missing
1785858126,9008,missing
1785858126,9011,missing
1785858126,9005,missing
1785858126,9010,missing
1785858126,9014,missing
1785858127,9016,missing
1785858127,9013,missing
1785858127,9015,missing
1785858128,9017,missing
1785858128,9020,missing
1785858128,9018,missing
1785858128,9019,missing
1785858129,9021,missing
1785858129,9022,missing
1785858129,9023,missing
1785858129,9024,missing
1785858129,9025,missing
1785858129,9032,ok
1785858129,9036,ok
1785858130,9027,missing
1785858130,9026,missing
1785858130,9029,missing
1785858130,9028,missing
1785858130,9030,missing
1785858131,9031,missing
1785858131,9033,missing
1785858131,9044,ok
1785858131,9034,missing
1785858132,9035,missing
1785858132,9047,ok
1785858132,9037,missing
1785858132,9038,missing
1785858132,9039,missing
1785858132,9040,missing
1785858132,9049,ok
1785858132,9042,missing
1785858132,9041,missing
1785858133,9043,missing
1785858133,9045,missing
1785858133,9061,ok
1785858134,9059,ok
1785858135,9064,ok
1785858135,9048,missing
1785858135,9050,missing
1785858135,9053,missing
1785858135,9054,missing
1785858135,9046,missing
1785858135,9055,missing
1785858135,9057,missing
1785858135,9058,missing
1785858135,9052,missing
1785858135,9066,ok
1785858136,9069,ok
1785858136,9051,missing
1785858136,9060,missing
1785858136,9068,ok
1785858136,9056,missing
1785858136,9067,ok
1785858136,9072,ok
1785858136,9062,missing
1785858137,9076,ok
1785858137,9063,missing
1785858138,9086,ok
1785858138,9071,missing
1785858138,9073,missing
1785858138,9065,missing
1785858138,9075,missing
1785858139,9070,missing
1785858139,9077,missing
1785858139,9074,missing
1785858140,9081,missing
1785858140,9083,missing
1785858140,9079,missing
1785858140,9078,missing
1785858140,9080,missing
1785858140,9084,missing
1785858140,9082,missing
1785858141,9085,missing
1785858141,9098,ok
1785858142,9089,missing
1785858142,9100,ok
1785858142,9092,missing
1785858142,9087,missing
1785858142,9088,missing
1785858142,9093,missing
1785858143,9090,missing
1785858143,9091,missing
1785858143,9105,ok
1785858143,9094,missing
1785858143,9095,missing
1785858143,9096,missing
1785858144,9099,missing
1785858144,9112,ok
1785858144,9097,missing
1785858144,9102,missing
1785858145,9101,missing
1785858145,9103,missing
1785858146,9106,missing
1785858146,9113,ok
1785858146,9108,missing
1785858146,9107,missing
1785858146,9111,missing
1785858146,9104,missing
1785858147,9110,missing
1785858147,9114,missing
1785858147,9125,ok
1785858148,9118,missing
1785858148,9115,missing
1785858148,9119,missing
1785858148,9116,missing
1785858148,9120,missing
1785858148,9109,missing
1785858149,9121,missing
1785858149,9134,ok
1785858150,9123,missing
1785858150,9122,missing
1785858150,9128,missing
1785858150,9127,missing
1785858150,9117,missing
1785858151,9129,missing
1785858151,9131,missing
1785858151,9126,missing
1785858151,9130,missing
1785858152,9124,missing
1785858152,9145,ok
1785858152,9147,ok
1785858152,9132,missing
1785858152,9133,missing
1785858153,9146,ok
1785858153,9136,missing
1785858153,9140,missing
1785858153,9138,missing
1785858153,9135,missing
1785858154,9141,missing
1785858154,9139,missing
1785858154,9143,missing
1785858154,9153,ok
1785858155,9142,missing
1785858155,9137,missing
1785858155,9144,missing
1785858155,9149,missing
1785858155,9151,missing
1785858156,9148,missing
1785858156,9150,missing
1785858156,9152,missing
1785858156,9155,missing
1785858156,9154,missing
1785858156,9156,missing
1785858156,9162,ok
1785858157,9168,ok
1785858157,9159,missing
1785858157,9157,missing
1785858157,9172,ok
1785858157,9173,ok
1785858158,9160,missing
1785858158,9158,missing
1785858158,9163,missing
1785858159,9164,missing
1785858159,9161,missing
1785858159,9165,missing
1785858159,9169,missing
1785858159,9167,missing
1785858159,9166,missing
1785858160,9171,missing
1785858160,9175,missing
1785858160,9176,missing
1785858160,9170,missing
1785858161,9174,missing
1785858161,9177,missing
1785858161,9179,missing
1785858161,9181,missing
1785858162,9180,missing
1785858162,9178,missing
1785858162,9189,ok
1785858162,9183,missing
1785858162,9185,missing
1785858163,9187,missing
1785858163,9186,missing
1785858163,9182,missing
1785858163,9200,ok
1785858163,9203,ok
1785858163,9198,ok
1785858163,9184,missing
1785858164,9188,missing
1785858164,9190,missing
1785858164,9191,missing
1785858164,9193,missing
1785858164,9192,missing
1785858165,9197,missing
1785858165,9194,missing
1785858165,9196,missing
1785858165,9195,missing
1785858165,9199,missing
1785858166,9201,missing
1785858166,9215,ok
1785858166,9202,missing
1785858167,9204,missing
1785858167,9206,missing
1785858167,9216,ok
1785858167,9207,missing
1785858167,9208,missing
1785858167,9205,missing
1785858167,9220,ok
1785858167,9210,missing
1785858167,9211,missing
1785858168,9209,missing
1785858168,9219,ok
1785858169,9212,missing
1785858169,9214,missing
1785858169,9222,ok
1785858169,9217,missing
1785858169,9213,missing
1785858169,9218,missing
1785858170,9223,missing
1785858170,9224,missing
1785858170,9227,missing
1785858170,9221,missing
1785858171,9229,missing
1785858171,9225,missing
1785858171,9228,missing
1785858172,9242,ok
1785858172,9230,missing
1785858172,9226,missing
1785858172,9244,ok
1785858172,9234,missing
1785858172,9233,missing
1785858173,9232,missing
1785858173,9235,missing
1785858173,9231,missing
1785858173,9236,missing
1785858173,9237,missing
1785858174,9246,ok
1785858174,9241,missing
1785858174,9239,missing
1785858174,9240,missing
1785858174,9238,missing
1785858174,9257,ok
1785858175,9243,missing
1785858175,9248,missing
1785858175,9256,ok
1785858175,9245,missing
1785858176,9249,missing
1785858176,9247,missing
1785858176,9252,missing
1785858176,9250,missing
1785858176,9253,missing
1785858176,9254,missing
1785858177,9258,missing
1785858177,9255,missing
1785858177,9251,missing
1785858177,9260,missing
1785858178,9259,missing
1785858178,9261,missing
1785858179,9262,missing
1785858179,9265,missing
1785858179,9264,missing
1785858179,9276,ok
1785858179,9267,missing
1785858180,9268,missing
1785858180,9271,missing
1785858180,9266,missing
1785858180,9272,missing
1785858180,9270,missing
1785858180,9273,missing
1785858180,9269,missing
1785858180,9275,missing
1785858181,9263,missing
1785858181,9288,ok
1785858181,9274,missing
1785858182,9277,missing
1785858182,9281,missing
1785858183,9279,missing
1785858183,9278,missing
1785858183,9283,missing
1785858183,9282,missing
1785858183,9294,ok
1785858183,9280,missing
1785858183,9287,missing
1785858183,9284,missing
1785858184,9296,ok
1785858184,9290,missing
1785858184,9286,missing
1785858184,9300,ok
1785858184,9291,missing
1785858184,9305,ok
1785858184,9299,ok
1785858185,9307,ok
1785858185,9289,missing
1785858185,9292,missing
1785858185,9285,missing
1785858186,9293,missing
1785858186,9297,missing
1785858186,9298,missing
1785858186,9314,ok
1785858186,9301,missing
1785858187,9303,missing
1785858187,9295,missing
1785858187,9304,missing
1785858188,9306,missing
1785858188,9309,missing
1785858188,9302,missing
1785858188,9322,ok
1785858188,9319,ok
1785858188,9313,missing
1785858189,9310,missing
1785858189,9324,ok
1785858189,9308,missing
1785858189,9315,missing
1785858189,9323,ok
1785858189,9325,ok
1785858190,9312,missing
1785858190,9320,missing
1785858190,9317,missing
1785858190,9318,missing
1785858190,9316,missing
1785858191,9311,missing
1785858191,9321,missing
1785858191,9326,missing
1785858192,9339,ok
1785858192,9331,missing
1785858192,9329,missing
1785858193,9328,missing
1785858193,9343,ok
1785858193,9330,missing
1785858193,9327,missing
1785858193,9332,missing
1785858193,9334,missing
1785858193,9333,missing
1785858193,9337,missing
1785858194,9336,missing
1785858194,9341,missing
1785858194,9338,missing
1785858194,9335,missing
1785858195,9342,missing
1785858196,9344,missing
1785858196,9340,missing
1785858196,9345,missing
1785858196,9347,missing
1785858196,9349,missing
1785858196,9351,missing
1785858196,9346,missing
1785858197,9362,ok
1785858197,9350,missing
1785858197,9353,missing
1785858197,9356,missing
1785858197,9352,missing
1785858197,9357,missing
1785858197,9348,missing
1785858198,9355,missing
1785858198,9363,ok
1785858198,9358,missing
1785858198,9354,missing
1785858199,9361,missing
1785858200,9360,missing
1785858200,9359,missing
1785858200,9364,missing
1785858200,9366,missing
1785858200,9368,missing
1785858201,9371,missing
1785858201,9367,missing
1785858201,9372,missing
1785858201,9373,missing
1785858201,9370,missing
1785858202,9384,ok
1785858202,9369,missing
1785858202,9365,missing
1785858202,9377,missing
1785858202,9376,missing
1785858202,9385,ok
1785858202,9374,missing
1785858203,9375,missing
1785858203,9378,missing
1785858203,9379,missing
1785858203,9391,ok
1785858203,9381,missing
1785858204,9382,missing
1785858204,9392,ok
1785858204,9390,ok
1785858204,9383,missing
1785858205,9387,missing
1785858205,9386,missing
1785858205,9388,missing
1785858205,9389,missing
1785858206,9394,missing
1785858206,9393,missing
1785858207,9380,missing
1785858207,9398,missing
1785858207,9395,missing
1785858207,9397,missing
1785858207,9401,missing
1785858208,9412,ok
1785858208,9404,missing
1785858208,9405,missing
1785858208,9403,missing
1785858208,9399,missing
1785858208,9396,missing
1785858208,9400,missing
1785858208,9406,missing
1785858209,9414,ok
1785858209,9408,missing
1785858209,9416,ok
1785858209,9402,missing
1785858210,9410,missing
1785858210,9411,missing
1785858210,9409,missing
1785858210,9407,missing
1785858210,9413,missing
1785858211,9417,missing
1785858211,9419,missing
1785858212,9415,missing
1785858212,9421,missing
1785858212,9422,missing
1785858212,9431,ok
1785858212,9418,missing
1785858212,9432,ok
1785858213,9420,missing
1785858213,9424,missing
1785858213,9427,missing
1785858213,9423,missing
1785858213,9425,missing
1785858213,9429,missing
1785858213,9426,missing
1785858213,9428,missing
1785858214,9436,ok
1785858215,9433,missing
1785858215,9434,missing
1785858215,9430,missing
1785858215,9439,missing
1785858216,9435,missing
1785858216,9437,missing
1785858216,9442,missing
1785858217,9441,missing
1785858217,9440,missing
1785858217,9445,missing
1785858217,9438,missing
1785858217,9452,ok
1785858217,9446,missing
1785858217,9447,missing
1785858217,9444,missing
1785858217,9443,missing
1785858217,9448,missing
1785858218,9449,missing
1785858218,9464,ok
1785858218,9455,ok
1785858219,9450,missing
1785858219,9466,ok
1785858219,9453,missing
1785858219,9465,ok
1785858220,9456,missing
1785858220,9454,missing
1785858220,9451,missing
1785858220,9460,missing
1785858220,9461,missing
1785858220,9463,missing
1785858221,9458,missing
1785858221,9459,missing
1785858221,9457,missing
1785858221,9462,missing
1785858221,9473,ok
1785858222,9468,missing
1785858222,9471,missing
1785858222,9469,missing
1785858222,9467,missing
1785858223,9470,missing
1785858223,9472,missing
1785858224,9475,missing
1785858224,9477,missing
1785858224,9479,missing
1785858224,9476,missing
1785858224,9478,missing
1785858224,9482,missing
1785858225,9481,missing
1785858225,9483,missing
1785858226,9474,missing
1785858226,9486,missing
1785858226,9487,missing
1785858226,9480,missing
1785858226,9485,missing
1785858226,9484,missing
1785858226,9490,ok
1785858226,9489,missing
1785858227,9502,ok
1785858228,9495,missing
1785858228,9493,missing
1785858228,9491,missing
1785858228,9488,missing
1785858228,9496,missing
1785858228,9505,ok
1785858228,9494,missing
1785858228,9497,missing
1785858228,9492,missing
1785858229,9500,missing
1785858229,9498,missing
1785858229,9509,ok
1785858230,9503,missing
1785858230,9504,missing
1785858230,9499,missing
1785858230,9501,missing
1785858231,9507,missing
1785858231,9508,missing
1785858231,9510,missing
1785858231,9506,missing
1785858231,9511,missing
1785858231,9513,missing
1785858232,9523,ok
1785858232,9514,missing
1785858232,9512,missing
1785858232,9527,ok
1785858233,9516,missing
1785858233,9521,missing
1785858233,9518,missing
1785858233,9515,missing
1785858233,9528,ok
1785858234,9517,missing
1785858234,9520,missing
1785858234,9522,missing
1785858234,9519,missing
1785858234,9526,missing
1785858235,9524,missing
1785858236,9529,missing
1785858236,9531,missing
1785858236,9534,missing
1785858236,9525,missing
1785858236,9530,missing
1785858236,9532,missing
1785858236,9535,missing
1785858236,9536,missing
1785858236,9533,missing
1785858237,9537,missing
1785858237,9545,ok
1785858238,9539,missing
1785858238,9542,missing
1785858238,9543,missing
1785858238,9540,missing
1785858239,9541,missing
1785858239,9556,ok
1785858239,9538,missing
1785858239,9544,missing
1785858239,9555,ok
1785858239,9547,missing
1785858239,9550,missing
1785858240,9552,missing
1785858240,9548,missing
1785858240,9549,missing
1785858240,9551,missing
1785858241,9554,missing
1785858241,9546,missing
1785858241,9553,missing
1785858241,9560,ok
1785858242,9568,ok
1785858242,9557,missing
1785858242,9561,missing
1785858243,9558,missing
1785858243,9562,missing
1785858243,9559,missing
1785858243,9564,missing
1785858243,9563,missing
1785858243,9575,ok
1785858243,9565,missing
1785858243,9566,missing
1785858244,9569,missing
1785858244,9573,missing
1785858244,9570,missing
1785858244,9571,missing
1785858244,9567,missing
1785858244,9572,missing
1785858245,9574,missing
1785858245,9576,missing
1785858247,9580,missing
1785858247,9581,missing
1785858247,9582,missing
1785858247,9579,missing
1785858247,9584,missing
1785858247,9577,missing
1785858247,9583,missing
1785858247,9578,missing
1785858248,9587,missing
1785858248,9593,ok
1785858248,9588,missing
1785858248,9590,missing
1785858248,9591,missing
1785858248,9586,missing
1785858249,9592,missing
1785858249,9589,missing
1785858249,9585,missing
1785858249,9602,ok
1785858250,9609,ok
1785858250,9599,missing
1785858250,9597,missing
1785858250,9598,missing
1785858251,9595,missing
1785858251,9600,missing
1785858251,9594,missing
1785858251,9615,ok
1785858251,9596,missing
1785858251,9604,missing
1785858252,9614,ok
1785858252,9606,missing
1785858252,9601,missing
1785858252,9603,missing
1785858252,9605,missing
1785858252,9621,ok
1785858252,9607,missing
1785858253,9608,missing
1785858253,9624,ok
1785858253,9622,ok
1785858253,9611,missing
1785858253,9627,ok
1785858253,9610,missing
1785858254,9628,ok
1785858254,9613,missing
1785858255,9617,missing
1785858255,9616,missing
1785858255,9612,missing
1785858255,9618,missing
1785858256,9620,missing
1785858256,9623,missing
1785858256,9626,missing
1785858256,9619,missing
1785858256,9631,missing
1785858256,9629,missing
1785858257,9630,missing
1785858257,9632,missing
1785858257,9625,missing
1785858257,9640,ok
1785858257,9633,missing
1785858258,9636,missing
1785858258,9637,missing
1785858259,9638,missing
1785858259,9634,missing
1785858259,9641,missing
1785858259,9639,missing
1785858259,9635,missing
1785858260,9642,missing
1785858260,9653,ok
1785858260,9655,ok
1785858260,9646,missing
1785858260,9648,missing
1785858260,9656,ok
1785858260,9650,missing
1785858260,9644,missing
1785858261,9647,missing
1785858261,9643,missing
1785858261,9649,missing
1785858262,9652,missing
1785858262,9668,ok
1785858262,9645,missing
1785858262,9665,ok
1785858262,9662,ok
1785858263,9654,missing
1785858263,9657,missing
1785858263,9669,ok
1785858263,9658,missing
1785858263,9651,missing
1785858263,9671,ok
1785858263,9661,missing
1785858263,9663,missing
1785858264,9664,missing
1785858264,9659,missing
1785858265,9667,missing
1785858265,9666,missing
1785858265,9681,ok
1785858265,9670,missing
1785858266,9673,missing
1785858266,9677,missing
1785858266,9675,missing
1785858266,9679,missing
1785858267,9678,missing
1785858267,9676,missing
1785858267,9687,ok
1785858267,9672,missing
1785858267,9690,ok
1785858268,9680,missing
1785858268,9683,missing
1785858268,9674,missing
1785858268,9685,missing
1785858268,9684,missing
1785858269,9688,ok
1785858269,9686,missing
1785858270,9682,missing
1785858270,9691,missing
1785858271,9660,missing
1785858271,9694,missing
1785858271,9697,missing
1785858271,9692,missing
1785858271,9695,missing
1785858271,9696,missing
1785858272,9706,ok
1785858272,9700,missing
1785858272,9689,missing
1785858272,9693,missing
1785858272,9702,missing
1785858272,9698,missing
1785858272,9699,missing
1785858272,9701,missing
1785858272,9712,ok
1785858273,9711,ok
1785858273,9703,missing
1785858274,9720,ok
1785858274,9704,missing
1785858274,9707,missing
1785858274,9716,ok
1785858274,9705,missing
1785858274,9709,missing
1785858274,9708,missing
1785858274,9710,missing
1785858276,9727,ok
1785858276,9715,missing
1785858276,9714,missing
1785858276,9718,missing
1785858276,9717,missing
1785858276,9713,missing
1785858277,9721,missing
1785858277,9722,missing
1785858277,9719,missing
1785858277,9724,missing
1785858277,9736,ok
1785858277,9723,missing
1785858277,9728,missing
1785858278,9726,missing
1785858278,9739,ok
1785858278,9735,ok
1785858278,9730,missing
1785858278,9725,missing
1785858279,9729,missing
1785858279,9731,missing
1785858279,9744,ok
1785858279,9750,ok
1785858279,9733,missing
1785858280,9734,missing
1785858280,9737,missing
1785858280,9752,ok
1785858280,9732,missing
1785858280,9740,missing
1785858281,9738,missing
1785858281,9756,ok
1785858281,9745,missing
1785858281,9757,ok
1785858281,9746,missing
1785858282,9743,missing
1785858282,9748,missing
1785858282,9741,missing
1785858282,9762,ok
1785858282,9742,missing
1785858283,9749,missing
1785858283,9751,missing
1785858283,9761,ok
1785858283,9747,missing
1785858283,9755,missing
1785858283,9753,missing
1785858283,9754,missing
1785858283,9768,ok
1785858284,9758,missing
1785858284,9759,missing
1785858285,9776,ok
1785858285,9763,missing
1785858285,9765,missing
1785858285,9766,missing
1785858285,9764,missing
1785858286,9779,ok
1785858286,9772,missing
1785858286,9773,missing
1785858286,9774,missing
1785858286,9775,missing
1785858286,9769,missing
1785858287,9771,missing
1785858287,9777,missing
1785858287,9770,missing
1785858288,9767,missing
1785858288,9760,missing
1785858288,9778,missing
1785858288,9780,missing
1785858289,9781,missing
1785858289,9783,missing
1785858289,9785,missing
1785858290,9788,missing
1785858290,9784,missing
1785858290,9787,missing
1785858290,9798,ok
1785858290,9790,missing
1785858290,9786,missing
1785858290,9792,missing
1785858290,9782,missing
1785858291,9791,missing
1785858291,9793,missing
1785858291,9789,missing
1785858291,9803,ok
1785858292,9794,missing
1785858292,9795,missing
1785858292,9796,missing
1785858292,9797,missing
1785858293,9810,ok
1785858293,9799,missing
1785858293,9800,missing
1785858294,9801,missing
1785858294,9804,missing
1785858294,9809,missing
1785858294,9802,missing
1785858294,9806,missing
1785858294,9808,missing
1785858295,9805,missing
1785858295,9811,missing
1785858295,9807,missing
1785858295,9813,missing
1785858295,9825,ok
1785858296,9814,missing
1785858296,9816,missing
1785858296,9817,missing
1785858297,9830,ok
1785858297,9812,missing
1785858297,9818,missing
1785858297,9821,missing
1785858297,9815,missing
1785858298,9823,missing
1785858298,9819,missing
1785858298,9834,ok
1785858298,9820,missing
1785858298,9822,missing
1785858298,9828,missing
1785858299,9827,missing
1785858299,9826,missing
1785858299,9843,ok
1785858299,9824,missing
1785858300,9829,missing
1785858300,9835,missing
1785858301,9833,missing
1785858301,9831,missing
1785858301,9838,missing
1785858301,9832,missing
1785858301,9839,missing
1785858301,9842,missing
1785858302,9837,missing
1785858302,9841,missing
1785858302,9844,missing
1785858302,9836,missing
1785858302,9856,ok
1785858303,9851,ok
1785858303,9846,missing
1785858303,9847,missing
1785858304,9848,missing
1785858304,9850,missing
1785858304,9845,missing
1785858304,9840,missing
1785858304,9849,missing
1785858305,9852,missing
1785858305,9857,missing
1785858305,9854,missing
1785858305,9863,ok
1785858305,9853,missing
1785858305,9864,ok
1785858305,9858,missing
1785858306,9855,missing
1785858306,9869,ok
1785858306,9859,missing
1785858306,9877,ok
1785858307,9862,missing
1785858307,9860,missing
1785858307,9867,missing
1785858308,9861,missing
1785858308,9882,ok
1785858308,9871,missing
1785858308,9872,missing
1785858308,9868,missing
1785858308,9865,missing
1785858308,9866,missing
1785858308,9874,missing
1785858309,9873,missing
1785858309,9876,missing
1785858309,9890,ok
1785858309,9878,missing
1785858309,9883,ok
1785858310,9889,ok
1785858310,9875,missing
1785858310,9870,missing
1785858310,9881,missing
1785858310,9879,missing
1785858311,9884,missing
1785858311,9886,missing
1785858311,9887,missing
1785858311,9880,missing
1785858312,9885,missing
1785858312,9888,missing
1785858312,9892,missing
1785858312,9891,missing
1785858312,9904,ok
1785858312,9894,missing
1785858313,9895,missing
1785858313,9896,missing
1785858313,9907,ok
1785858313,9897,missing
1785858313,9909,ok
1785858313,9903,ok
1785858313,9899,missing
1785858314,9893,missing
1785858314,9900,missing
1785858314,9898,missing
1785858314,9913,ok
1785858314,9918,ok
1785858315,9902,missing
1785858315,9916,ok
1785858315,9901,missing
1785858315,9912,ok
1785858315,9919,ok
1785858316,9906,missing
1785858316,9908,missing
1785858316,9910,missing
1785858316,9905,missing
1785858316,9922,ok
1785858317,9917,missing
1785858317,9911,missing
1785858317,9915,missing
1785858317,9914,missing
1785858317,9924,ok
1785858317,9921,missing
1785858318,9935,ok
1785858318,9925,missing
1785858318,9926,missing
1785858319,9928,missing
1785858319,9923,missing
1785858319,9920,missing
1785858319,9927,missing
1785858319,9930,missing
1785858319,9932,missing
1785858320,9931,missing
1785858320,9934,missing
1785858320,9929,missing
1785858321,9936,missing
1785858321,9938,missing
1785858321,9933,missing
1785858321,9937,missing
1785858321,9939,missing
1785858321,9941,missing
1785858322,9940,missing
1785858322,9945,missing
1785858323,9942,missing
1785858323,9954,ok
1785858323,9946,missing
1785858323,9957,ok
1785858323,9944,missing
1785858323,9943,missing
1785858323,9948,missing
1785858323,9947,missing
1785858323,9950,missing
1785858323,9956,ok
1785858324,9960,ok
1785858324,9962,ok
1785858324,9949,missing
1785858324,9952,missing
1785858324,9951,missing
1785858325,9966,ok
1785858325,9953,missing
1785858325,9970,ok
1785858326,9955,missing
1785858326,9959,missing
1785858326,9963,missing
1785858326,9961,missing
1785858326,9964,missing
1785858326,9958,missing
1785858327,9968,missing
1785858327,9967,missing
1785858327,9977,ok
1785858327,9981,ok
1785858327,9980,ok
1785858328,9971,missing
1785858328,9965,missing
1785858328,9969,missing
1785858328,9974,missing
1785858329,9972,missing
1785858329,9975,missing
1785858329,9978,missing
1785858329,9976,missing
1785858330,9973,missing
1785858330,9979,missing
1785858330,9983,missing
1785858330,9984,missing
1785858330,9992,ok
1785858330,9985,missing
1785858330,9982,missing
1785858330,9997,ok
1785858331,9988,missing
1785858331,9987,missing
1785858331,9998,ok
1785858331,9990,missing
1785858332,9991,missing
1785858332,9994,missing
1785858333,9993,missing
1785858333,9986,missing
1785858333,9996,missing
1785858333,9995,missing
1785858333,10001,missing
1785858333,10003,missing
1785858334,10000,missing
1785858334,10002,missing
1785858334,9999,missing
1785858335,10006,missing
1785858335,10005,missing
1785858335,10007,missing
1785858335,9989,missing
1785858335,10008,missing
1785858336,10018,ok
1785858336,10009,missing
1785858336,10011,missing
1785858336,10004,missing
1785858336,10010,missing
1785858337,10012,missing
1785858337,10015,missing
1785858337,10014,missing
1785858337,10013,missing
1785858338,10017,missing
1785858338,10016,missing
1785858338,10020,missing
1785858338,10021,missing
1785858339,10019,missing
1785858339,10023,missing
1785858339,10022,missing
1785858339,10025,missing
1785858340,10024,missing
1785858340,10028,missing
1785858340,10027,missing
1785858340,10030,missing
1785858341,10031,missing
1785858341,10032,missing
1785858341,10026,missing
1785858341,10033,missing
1785858341,10029,missing
1785858341,10035,missing
1785858342,10046,ok
1785858342,10036,missing
1785858342,10037,missing
1785858342,10051,ok
1785858342,10038,missing
1785858342,10048,ok
1785858343,10047,ok
1785858343,10039,missing
1785858343,10043,missing
1785858343,10052,ok
1785858343,10054,ok
1785858344,10041,missing
1785858344,10057,ok
1785858344,10042,missing
1785858344,10045,missing
1785858344,10049,missing
1785858344,10040,missing
1785858345,10034,missing
1785858345,10050,missing
1785858345,10062,ok
1785858345,10044,missing
1785858345,10061,ok
1785858345,10053,missing
1785858346,10055,missing
1785858347,10056,missing
1785858347,10059,missing
1785858347,10064,missing
1785858347,10058,missing
1785858347,10060,missing
1785858347,10065,missing
1785858347,10066,missing
1785858347,10063,missing
1785858348,10079,ok
1785858348,10072,ok
1785858348,10071,missing
1785858348,10067,missing
1785858348,10073,missing
1785858348,10070,missing
1785858349,10068,missing
1785858350,10082,ok
1785858350,10086,ok
1785858350,10075,missing
1785858350,10076,missing
1785858350,10074,missing
1785858350,10078,missing
1785858351,10077,missing
1785858351,10083,missing
1785858351,10069,missing
1785858351,10081,missing
1785858351,10080,missing
1785858351,10093,ok
1785858351,10084,missing
1785858351,10096,ok
1785858352,10085,missing
1785858352,10099,ok
1785858352,10087,missing
1785858352,10088,missing
1785858352,10100,ok
1785858352,10089,missing
1785858352,10098,ok
1785858353,10090,missing
1785858353,10104,ok
1785858353,10094,missing
1785858353,10091,missing
1785858354,10092,missing
1785858354,10095,missing
1785858354,10108,ok
1785858355,10097,missing
1785858355,10116,ok
1785858355,10103,missing
1785858355,10107,missing
1785858356,10109,missing
1785858356,10106,missing
1785858356,10110,missing
1785858356,10102,missing
1785858357,10101,missing
1785858357,10105,missing
1785858357,10111,missing
1785858357,10112,missing
1785858357,10125,ok
1785858357,10113,missing
1785858357,10114,missing
1785858358,10117,missing
1785858358,10115,missing
1785858358,10118,missing
1785858358,10126,ok
1785858358,10120,missing
1785858359,10119,missing
1785858359,10122,missing
1785858359,10123,missing
1785858360,10124,missing
1785858360,10137,ok
1785858360,10127,missing
1785858360,10128,missing
1785858360,10131,missing
1785858360,10121,missing
1785858361,10143,ok
1785858361,10139,ok
1785858361,10129,missing
1785858361,10144,ok
1785858361,10132,missing
1785858362,10133,missing
1785858362,10134,missing
1785858362,10135,missing
1785858362,10138,missing
1785858362,10130,missing
1785858362,10136,missing
1785858362,10140,missing
1785858363,10142,missing
1785858364,10146,missing
1785858364,10141,missing
1785858364,10145,missing
1785858364,10148,missing
1785858364,10147,missing
1785858365,10151,missing
1785858365,10152,missing
1785858365,10153,missing
1785858366,10157,missing
1785858366,10149,missing
1785858366,10154,missing
1785858366,10155,missing
1785858366,10156,missing
1785858366,10165,ok
1785858367,10159,missing
1785858367,10164,missing
1785858367,10158,missing
1785858368,10163,missing
1785858368,10167,missing
1785858368,10162,missing
1785858369,10161,missing
1785858369,10150,missing
1785858369,10168,missing
1785858369,10176,ok
1785858370,10160,missing
1785858370,10166,missing
1785858370,10173,missing
1785858370,10172,missing
1785858370,10174,missing
1785858370,10170,missing
1785858370,10171,missing
1785858371,10185,ok
1785858371,10175,missing
1785858372,10181,missing
1785858372,10190,ok
1785858372,10178,missing
1785858372,10177,missing
1785858373,10180,missing
1785858373,10195,ok
1785858373,10169,missing
1785858373,10179,missing
1785858373,10182,missing
1785858373,10188,missing
1785858373,10184,missing
1785858373,10186,missing
1785858374,10199,ok
1785858374,10189,missing
1785858374,10183,missing
1785858375,10187,missing
1785858375,10192,missing
1785858375,10191,missing
1785858375,10194,missing
1785858376,10193,missing
1785858376,10210,ok
1785858376,10197,missing
1785858376,10202,missing
1785858376,10201,missing
1785858377,10200,missing
1785858377,10205,missing
1785858377,10196,missing
1785858377,10206,missing
1785858377,10207,missing
1785858377,10214,ok
1785858377,10198,missing
1785858378,10204,missing
1785858378,10215,ok
1785858378,10209,missing
1785858378,10219,ok
1785858379,10208,missing
1785858379,10212,missing
1785858379,10211,missing
1785858379,10213,missing
1785858380,10228,ok
1785858380,10231,ok
1785858380,10216,missing
1785858380,10221,missing
1785858381,10223,missing
1785858381,10224,missing
1785858381,10222,missing
1785858381,10217,missing
1785858381,10218,missing
1785858381,10225,missing
1785858382,10226,missing
1785858382,10227,missing
1785858382,10220,missing
1785858382,10229,missing
1785858383,10233,missing
1785858383,10234,missing
1785858384,10230,missing
1785858384,10235,missing
1785858384,10232,missing
1785858384,10236,missing
1785858384,10240,missing
1785858384,10248,ok
1785858384,10249,ok
1785858384,10237,missing
1785858384,10247,ok
1785858385,10239,missing
1785858385,10243,missing
1785858385,10238,missing
1785858385,10256,ok
1785858385,10245,missing
1785858385,10241,missing
1785858386,10253,ok
1785858386,10260,ok
1785858386,10242,missing
1785858386,10244,missing
1785858386,10246,missing
1785858387,10250,missing
1785858387,10251,missing
1785858388,10255,missing
1785858388,10268,ok
1785858388,10254,missing
1785858388,10252,missing
1785858389,10257,missing
1785858389,10261,missing
1785858389,10262,missing
1785858389,10258,missing
1785858389,10259,missing
1785858390,10263,missing
1785858390,10264,missing
1785858390,10266,missing
1785858391,10267,missing
1785858391,10270,missing
1785858391,10269,missing
1785858392,10273,missing
1785858392,10272,missing
1785858392,10283,ok
1785858392,10274,missing
1785858392,10265,missing
1785858393,10271,missing
1785858393,10285,ok
1785858393,10275,missing
1785858393,10276,missing
1785858393,10279,missing
1785858393,10278,missing
1785858393,10277,missing
1785858393,10288,ok
1785858393,10280,missing
1785858394,10203,ok
1785858394,10293,ok
1785858394,10281,missing
1785858395,10282,missing
1785858395,10297,ok
1785858395,10286,missing
1785858395,10289,missing
1785858396,10291,missing
1785858396,10284,missing
1785858396,10292,missing
1785858396,10295,missing
1785858396,10287,missing
1785858397,10290,missing
1785858397,10300,missing
1785858397,10298,missing
1785858397,10294,missing
1785858398,10301,missing
1785858398,10299,missing
1785858398,10296,missing
1785858398,10311,ok
1785858398,10302,missing
1785858399,10305,missing
1785858399,10304,missing
1785858399,10318,ok
1785858400,10310,missing
1785858400,10309,missing
1785858400,10307,missing
1785858400,10306,missing
1785858400,10313,missing
1785858401,10312,missing
1785858401,10315,missing
1785858401,10314,missing
1785858401,10316,missing
1785858401,10322,ok
1785858402,10308,missing
1785858402,10303,missing
1785858402,10317,missing
1785858402,10320,missing
1785858403,10321,missing
1785858403,10319,missing
1785858403,10323,missing
1785858403,10324,missing
1785858403,10325,missing
1785858404,10327,missing
1785858404,10326,missing
1785858405,10328,missing
1785858405,10331,missing
1785858405,10333,missing
1785858405,10341,ok
1785858405,10332,missing
1785858405,10334,missing
1785858406,10345,ok
1785858406,10336,missing
1785858406,10337,missing
1785858406,10338,missing
1785858407,10330,missing
1785858407,10335,missing
1785858407,10340,missing
1785858407,10342,missing
1785858407,10343,missing
1785858408,10344,missing
1785858408,10339,missing
1785858408,10346,missing
1785858409,10350,missing
1785858409,10347,missing
1785858409,10329,missing
1785858409,10349,missing
1785858409,10351,missing
1785858410,10352,missing
1785858410,10348,missing
1785858410,10365,ok
1785858410,10353,missing
1785858411,10357,missing
1785858411,10358,missing
1785858411,10354,missing
1785858411,10356,missing
1785858411,10359,missing
1785858412,10360,missing
1785858412,10362,missing
1785858413,10366,missing
1785858413,10367,missing
1785858413,10361,missing
1785858413,10364,missing
1785858413,10377,ok
1785858413,10363,missing
1785858413,10368,missing
1785858414,10369,missing
1785858414,10371,missing
1785858414,10372,missing
1785858414,10380,ok
1785858415,10374,missing
1785858416,10376,missing
1785858416,10370,missing
1785858416,10373,missing
1785858416,10386,ok
1785858416,10379,missing
1785858416,10381,missing
1785858416,10378,missing
1785858416,10383,missing
1785858417,10390,ok
1785858417,10375,missing
1785858417,10385,missing
1785858417,10396,ok
1785858417,10384,missing
1785858417,10393,ok
1785858418,10382,missing
1785858418,10387,missing
1785858418,10398,ok
1785858419,10406,ok
1785858419,10405,ok
1785858419,10392,missing
1785858419,10388,missing
1785858419,10395,missing
1785858420,10397,missing
1785858420,10389,missing
1785858420,10391,missing
1785858420,10400,missing
1785858420,10409,ok
1785858420,10394,missing
1785858421,10399,missing
1785858421,10401,missing
1785858421,10404,missing
1785858421,10403,missing
1785858421,10414,ok
1785858422,10418,ok
1785858422,10402,missing
1785858423,10424,ok
1785858423,10407,missing
1785858423,10413,missing
1785858423,10408,missing
1785858423,10410,missing
1785858424,10416,missing
1785858424,10417,missing
1785858424,10412,missing
1785858424,10411,missing
1785858425,10420,missing
1785858425,10355,ok
1785858425,10415,missing
1785858425,10423,missing
1785858425,10421,missing
1785858425,10419,missing
1785858426,10437,ok
1785858426,10438,ok
1785858426,10422,missing
1785858426,10426,missing
1785858427,10425,missing
1785858427,10427,missing
1785858427,10428,missing
1785858427,10432,missing
1785858427,10429,missing
1785858427,10433,missing
1785858428,10430,missing
1785858428,10431,missing
1785858428,10435,missing
1785858428,10434,missing
1785858428,10436,missing
1785858429,10439,missing
1785858429,10441,missing
1785858430,10452,ok
1785858430,10442,missing
1785858430,10443,missing
1785858430,10444,missing
1785858430,10448,missing
1785858430,10445,missing
1785858430,10455,ok
1785858430,10449,missing
1785858430,10446,missing
1785858431,10440,missing
1785858431,10460,ok
1785858431,10447,missing
1785858432,10450,missing
1785858432,10467,ok
1785858432,10453,missing
1785858432,10451,missing
1785858432,10454,missing
1785858433,10456,missing
1785858433,10458,missing
1785858433,10472,ok
1785858433,10469,ok
1785858433,10461,missing
1785858433,10462,missing
1785858434,10457,missing
1785858434,10475,ok
1785858434,10465,missing
1785858434,10459,missing
1785858434,10464,missing
1785858435,10470,missing
1785858435,10479,ok
1785858435,10471,missing
1785858435,10463,missing
1785858435,10466,missing
1785858436,10473,missing
1785858436,10477,missing
1785858436,10474,missing
1785858437,10468,missing
1785858437,10478,missing
1785858437,10489,ok
1785858437,10481,missing
1785858437,10476,missing
1785858437,10480,missing
1785858438,10496,ok
1785858438,10484,missing
1785858438,10485,missing
1785858438,10483,missing
1785858438,10488,missing
1785858438,10482,missing
1785858439,10487,missing
1785858439,10486,missing
1785858439,10503,ok
1785858440,10490,missing
1785858440,10491,missing
1785858440,10492,missing
1785858441,10507,ok
1785858441,10493,missing
1785858441,10498,missing
1785858441,10502,ok
1785858441,10494,missing
1785858442,10500,missing
1785858442,10511,ok
1785858442,10501,missing
1785858442,10495,missing
1785858442,10497,missing
1785858442,10506,missing
1785858442,10499,missing
1785858442,10505,missing
1785858442,10504,missing
1785858443,10518,ok
1785858443,10509,missing
1785858444,10510,missing
1785858444,10512,missing
1785858444,10514,missing
1785858445,10508,missing
1785858445,10515,missing
1785858445,10520,missing
1785858445,10513,missing
1785858445,10516,missing
1785858446,10517,missing
1785858446,10522,missing
1785858446,10523,missing
1785858446,10524,missing
1785858446,10519,missing
1785858446,10521,missing
1785858446,10534,ok
1785858447,10525,missing
1785858447,10536,ok
1785858447,10532,ok
1785858447,10533,ok
1785858448,10530,missing
1785858448,10528,missing
1785858448,10531,missing
1785858448,10529,missing
1785858448,10526,missing
1785858449,10527,missing
1785858449,10539,missing
1785858449,10535,missing
1785858449,10537,missing
1785858449,10549,ok
1785858450,10541,missing
1785858450,10540,missing
1785858451,10545,missing
1785858451,10543,missing
1785858451,10542,missing
1785858451,10548,missing
1785858452,10544,missing
1785858452,10547,missing
1785858452,10550,missing
1785858452,10551,missing
1785858452,10562,ok
1785858453,10538,missing
1785858453,10557,missing
1785858453,10552,missing
1785858453,10561,ok
1785858454,10553,missing
1785858454,10556,missing
1785858454,10554,missing
1785858454,10558,missing
1785858455,10560,missing
1785858455,10555,missing
1785858455,10546,missing
1785858455,10571,ok
1785858455,10565,missing
1785858456,10559,missing
1785858456,10564,missing
1785858456,10567,missing
1785858456,10566,missing
1785858456,10563,missing
1785858457,10570,missing
1785858457,10568,missing
1785858457,10569,missing
1785858457,10572,missing
1785858457,10585,ok
1785858458,10584,ok
1785858458,10573,missing
1785858458,10580,ok
1785858458,10574,missing
1785858458,10576,missing
1785858458,10577,missing
1785858458,10575,missing
1785858459,10579,missing
1785858459,10578,missing
1785858459,10595,ok
1785858460,10581,missing
1785858460,10582,missing
1785858460,10587,missing
1785858461,10586,missing
1785858461,10590,missing
1785858461,10583,missing
1785858461,10588,missing
1785858461,10605,ok
1785858462,10591,missing
1785858462,10593,missing
1785858462,10589,missing
1785858462,10592,missing
1785858462,10594,missing
1785858462,10597,missing
1785858463,10596,missing
1785858463,10600,missing
1785858463,10598,missing
1785858463,10611,ok
1785858464,10608,ok
1785858464,10601,missing
1785858464,10599,missing
1785858464,10616,ok
1785858464,10617,ok
1785858464,10604,missing
1785858464,10603,missing
1785858465,10607,missing
1785858465,10602,missing
1785858465,10610,missing
1785858465,10609,missing
1785858466,10614,missing
1785858466,10612,missing
1785858467,10619,missing
1785858467,10622,missing
1785858467,10621,missing
1785858467,10620,missing
1785858467,10615,missing
1785858467,10618,missing
1785858468,10624,missing
1785858468,10623,missing
1785858468,10631,ok
1785858468,10625,missing
1785858469,10628,missing
1785858469,10627,missing
1785858469,10626,missing
1785858469,10629,missing
1785858470,10630,missing
1785858470,10639,ok
1785858470,10634,missing
1785858470,10632,missing
1785858471,10637,missing
1785858471,10636,missing
1785858471,10633,missing
1785858471,10638,missing
1785858471,10635,missing
1785858471,10647,ok
1785858472,10642,missing
1785858472,10640,missing
1785858472,10641,missing
1785858472,10643,missing
1785858472,10650,ok
1785858473,10606,missing
1785858473,10613,missing
1785858474,10660,ok
1785858474,10644,missing
1785858474,10649,missing
1785858474,10646,missing
1785858474,10648,missing
1785858474,10651,missing
1785858475,10645,missing
1785858475,10654,missing
1785858476,10653,missing
1785858476,10655,missing
1785858476,10652,missing
1785858476,10664,ok
1785858476,10657,missing
1785858476,10658,missing
1785858476,10656,missing
1785858476,10659,missing
1785858477,10674,ok
1785858477,10677,ok
1785858477,10663,missing
1785858478,10662,missing
1785858478,10661,missing
1785858478,10665,missing
1785858478,10668,missing
1785858478,10666,missing
1785858478,10667,missing
1785858479,10669,missing
1785858479,10675,missing
1785858479,10676,missing
1785858479,10671,missing
1785858479,10673,missing
1785858480,10672,missing
1785858480,10679,missing
1785858480,10691,ok
1785858480,10678,missing
1785858480,10670,missing
1785858480,10680,missing
1785858481,10683,missing
1785858481,10684,missing
1785858481,10682,missing
1785858481,10681,missing
1785858481,10685,missing
1785858482,10686,missing
1785858482,10687,missing
1785858482,10690,missing
1785858483,10688,missing
1785858483,10703,ok
1785858483,10689,missing
1785858483,10692,missing
1785858483,10693,missing
1785858483,10694,missing
1785858484,10695,missing
1785858484,10696,missing
1785858485,10698,missing
1785858485,10699,missing
1785858485,10697,missing
1785858485,10702,missing
1785858485,10701,missing
1785858486,10700,missing
1785858486,10705,missing
1785858486,10704,missing
1785858486,10707,missing
1785858487,10710,missing
1785858487,10711,missing
1785858487,10713,missing
1785858487,10706,missing
1785858488,10708,missing
1785858488,10712,missing
1785858488,10726,ok
1785858488,10716,missing
1785858489,10715,missing
1785858489,10719,missing
1785858489,10730,ok
1785858489,10718,missing
1785858489,10721,missing
1785858490,10709,missing
1785858490,10720,missing
1785858490,10717,missing
1785858490,10722,missing
1785858490,10723,missing
1785858490,10724,missing
1785858491,10725,missing
1785858491,10714,missing
1785858491,10729,missing
1785858491,10737,ok
1785858491,10727,missing
1785858492,10728,missing
1785858492,10731,missing
1785858493,10734,missing
1785858493,10735,missing
1785858493,10736,missing
1785858493,10732,missing
1785858493,10738,missing
1785858493,10733,missing
1785858493,10744,ok
1785858493,10740,missing
1785858494,10750,ok
1785858494,10739,missing
1785858494,10741,missing
1785858494,10755,ok
1785858495,10758,ok
1785858495,10747,missing
1785858495,10742,missing
1785858495,10743,missing
1785858495,10748,missing
1785858495,10746,missing
1785858496,10745,missing
1785858496,10763,ok
1785858496,10760,ok
1785858496,10749,missing
1785858496,10753,missing
1785858496,10751,missing
1785858496,10754,missing
1785858497,10756,missing
1785858497,10757,missing
1785858497,10752,missing
1785858498,10761,missing
1785858498,10765,missing
1785858498,10759,missing
1785858499,10764,missing
1785858499,10766,missing
1785858499,10768,missing
1785858499,10769,missing
1785858499,10762,missing
1785858500,10772,missing
1785858500,10771,missing
1785858500,10770,missing
1785858500,10773,missing
1785858500,10776,missing
1785858501,10775,missing
1785858501,10767,missing
1785858502,10779,missing
1785858502,10777,missing
1785858502,10780,missing
1785858502,10774,missing
1785858502,10778,missing
1785858503,10781,missing
1785858503,10782,missing
1785858503,10784,missing
1785858503,10787,missing
1785858503,10799,ok
1785858504,10790,ok
1785858504,10785,missing
1785858504,10788,missing
1785858504,10783,missing
1785858505,10789,missing
1785858505,10791,missing
1785858505,10786,missing
1785858505,10793,missing
1785858505,10803,ok
1785858505,10794,missing
1785858505,10797,ok
1785858506,10795,missing
1785858506,10792,missing
1785858507,10796,missing
1785858507,10798,missing
1785858507,10800,missing
1785858507,10801,missing
1785858508,10805,missing
1785858508,10804,missing
1785858508,10802,missing
1785858508,10809,missing
1785858508,10808,missing
1785858509,10812,missing
1785858509,10806,missing
1785858509,10807,missing
1785858509,10810,missing
1785858509,10824,ok
1785858510,10813,missing
1785858510,10819,ok
1785858510,10814,missing
1785858510,10815,missing
1785858510,10817,missing
1785858511,10826,ok
1785858511,10816,missing
1785858511,10821,missing
1785858511,10827,ok
1785858511,10829,ok
1785858512,10820,missing
1785858512,10823,missing
1785858512,10822,missing
1785858512,10811,missing
1785858513,10825,missing
1785858513,10830,missing
1785858513,10818,missing
1785858513,10828,missing
1785858513,10841,ok
1785858513,10832,missing
1785858514,10846,ok
1785858514,10833,missing
1785858514,10836,missing
1785858515,10837,missing
1785858515,10835,missing
1785858515,10834,missing
1785858516,10849,ok
1785858516,10838,missing
1785858516,10839,missing
1785858517,10855,ok
1785858517,10842,missing
1785858517,10843,missing
1785858517,10844,missing
1785858517,10850,missing
1785858517,10845,missing
1785858517,10848,missing
1785858517,10847,missing
1785858518,10852,missing
1785858518,10851,missing
1785858518,10864,ok
1785858518,10860,ok
1785858519,10854,missing
1785858519,10856,missing
1785858519,10853,missing
1785858520,10857,missing
1785858520,10858,missing
1785858521,10872,ok
1785858521,10866,missing
1785858521,10865,missing
1785858521,10875,ok
1785858522,10863,missing
1785858522,10868,missing
1785858522,10861,missing
1785858522,10869,missing
1785858522,10867,missing
1785858522,10862,missing
1785858522,10859,missing
1785858523,10870,missing
1785858523,10880,ok
1785858523,10874,missing
1785858523,10871,missing
1785858524,10873,missing
1785858524,10876,missing
1785858525,10877,missing
1785858525,10878,missing
1785858525,10879,missing
1785858525,10883,missing
1785858526,10884,missing
1785858526,10881,missing
1785858526,10888,missing
1785858527,10882,missing
1785858527,10889,missing
1785858527,10886,missing
1785858527,10890,missing
1785858527,10895,ok
1785858527,10887,missing
1785858528,10885,missing
1785858528,10894,missing
1785858528,10891,missing
1785858528,10903,ok
1785858528,10899,ok
1785858529,10893,missing
1785858529,10892,missing
1785858529,10897,missing
1785858530,10900,missing
1785858530,10898,missing
1785858530,10901,missing
1785858530,10896,missing
1785858530,10904,missing
1785858531,10905,missing
1785858531,10902,missing
1785858532,10840,missing
1785858532,10908,missing
1785858532,10831,ok
1785858532,10906,missing
1785858532,10909,missing
1785858532,10910,missing
1785858533,10907,missing
1785858533,10912,missing
1785858533,10914,missing
1785858533,10915,missing
1785858533,10911,missing
1785858534,10917,missing
1785858534,10913,missing
1785858534,10916,missing
1785858535,10919,missing
1785858535,10920,missing
1785858535,10933,ok
1785858535,10918,missing
1785858535,10923,missing
1785858535,10934,ok
1785858536,10922,missing
1785858536,10924,missing
1785858536,10926,missing
1785858536,10925,missing
1785858536,10921,missing
1785858536,10928,missing
1785858536,10929,missing
1785858537,10930,missing
1785858537,10927,missing
1785858537,10939,ok
1785858537,10932,missing
1785858538,10931,missing
1785858539,10936,missing
1785858539,10940,missing
1785858539,10938,missing
1785858539,10937,missing
1785858539,10942,missing
1785858539,10943,missing
1785858540,10941,missing
1785858540,10944,missing
1785858540,10952,ok
1785858540,10945,missing
1785858540,10947,missing
1785858540,10946,missing
1785858540,10948,missing
1785858541,10950,missing
1785858541,10949,missing
1785858541,10958,ok
1785858541,10951,missing
1785858542,10953,missing
1785858542,10955,missing
1785858543,10954,missing
1785858543,10957,missing
1785858543,10956,missing
1785858543,10959,missing
1785858544,10963,missing
1785858544,10962,missing
1785858544,10960,missing
1785858544,10966,missing
1785858544,10965,missing
1785858545,10961,missing
1785858545,10968,missing
1785858545,10969,missing
1785858546,10964,missing
1785858546,10935,missing
1785858546,10967,missing
1785858546,10981,ok
1785858546,10970,missing
1785858546,10971,missing
1785858547,10975,missing
1785858547,10973,missing
1785858547,10987,ok
1785858547,10974,missing
1785858547,10978,missing
1785858548,10972,missing
1785858548,10979,missing
1785858548,10976,missing
1785858548,10980,missing
1785858548,10977,missing
1785858549,10990,ok
1785858549,10984,missing
1785858549,10985,missing
1785858549,10996,ok
1785858549,10991,ok
1785858549,10983,missing
1785858549,10982,missing
1785858549,10986,missing
1785858550,10988,missing
1785858550,10989,missing
1785858551,10992,missing
1785858551,10994,missing
1785858551,10993,missing
1785858551,10997,missing
1785858551,10995,missing
1785858552,11009,ok
1785858552,10998,missing
1785858552,11002,missing
1785858552,11014,ok
1785858553,11001,missing
1785858553,11005,missing
1785858553,11000,missing
1785858553,11015,ok
1785858553,11006,missing
1785858553,11008,missing
1785858553,11004,missing
1785858553,10999,missing
1785858554,11007,missing
1785858554,11011,ok
1785858554,11019,ok
1785858554,11020,ok
1785858554,11024,ok
1785858555,11013,missing
1785858555,11029,ok
1785858555,11012,missing
1785858555,11010,missing
1785858556,11016,missing
1785858556,11003,missing
1785858556,11017,missing
1785858556,11018,missing
1785858556,11032,ok
1785858556,11022,missing
1785858556,11036,ok
1785858557,11026,ok
1785858557,11021,missing
1785858557,11023,missing
1785858557,11027,missing
1785858557,11040,ok
1785858557,11039,ok
1785858557,11028,missing
1785858558,11041,ok
1785858558,11025,missing
1785858558,11037,ok
1785858558,11030,missing
1785858558,11043,ok
1785858559,11031,missing
1785858559,11033,missing
1785858559,11034,missing
1785858559,11035,missing
1785858560,11042,missing
1785858560,11054,ok
1785858560,11045,missing
1785858560,11046,missing
1785858561,11038,missing
1785858561,11047,missing
1785858561,11049,missing
1785858561,11044,missing
1785858561,11053,missing
1785858562,11048,missing
1785858562,11052,missing
1785858562,11051,missing
1785858562,11061,ok
1785858562,11050,missing
1785858563,11055,missing
1785858563,11071,ok
1785858563,11056,missing
1785858563,11058,missing
1785858563,11057,missing
1785858564,11062,missing
1785858564,11059,missing
1785858564,11060,missing
1785858564,11064,ok
1785858565,11063,missing
1785858565,11068,ok
1785858565,11078,ok
1785858565,11065,missing
1785858565,11079,ok
1785858565,11067,missing
1785858565,11075,ok
1785858565,11070,missing
1785858566,11069,missing
1785858566,11066,missing
1785858566,11084,ok
1785858566,11073,missing
1785858566,11072,missing
1785858567,11076,ok
1785858567,11074,missing
1785858567,11077,missing
1785858568,11080,missing
1785858568,11082,missing
1785858568,11081,missing
1785858568,11087,missing
1785858569,11085,missing
1785858569,11097,ok
1785858569,11086,missing
1785858569,11088,missing
1785858569,11089,missing
1785858569,11090,missing
1785858570,11083,ok
1785858570,11093,missing
1785858570,11095,missing
1785858570,11091,missing
1785858570,11094,missing
1785858571,11096,missing
1785858571,11092,missing
1785858571,11109,ok
1785858571,11098,missing
1785858572,11100,missing
1785858572,11102,missing
1785858572,11099,missing
1785858572,11104,missing
1785858573,11119,ok
1785858573,11107,missing
1785858573,11115,ok
1785858573,11105,missing
1785858573,11103,missing
1785858574,11106,missing
1785858574,11101,missing
1785858574,11113,ok
1785858574,11108,missing
1785858574,11114,missing
1785858574,11112,missing
1785858575,11127,ok
1785858575,11111,ok
1785858575,11118,missing
1785858575,11116,missing
1785858576,11117,missing
1785858576,11122,missing
1785858576,11133,ok
1785858577,11124,missing
1785858577,11120,missing
1785858577,11128,missing
1785858577,11110,missing
1785858578,11130,missing
1785858578,11123,missing
1785858578,11138,ok
1785858578,11125,missing
1785858578,11141,ok
1785858578,11126,missing
1785858578,11131,missing
1785858578,11129,missing
1785858578,11121,missing
1785858578,11132,missing
1785858579,11134,missing
1785858579,11148,ok
1785858579,11135,missing
1785858579,11137,missing
1785858580,11154,ok
1785858580,11136,missing
1785858581,11140,missing
1785858581,11145,missing
1785858581,11155,ok
1785858581,11146,missing
1785858582,11139,missing
1785858582,11147,missing
1785858582,11143,missing
1785858582,11149,missing
1785858582,11144,missing
1785858582,11153,missing
1785858582,11160,ok
1785858582,11142,missing
1785858582,11152,missing
1785858583,11150,missing
1785858583,11156,missing
1785858584,11151,missing
1785858584,11158,missing
1785858584,11157,missing
1785858585,11162,missing
1785858585,11164,missing
1785858585,11163,missing
1785858585,11169,missing
1785858585,11165,missing
1785858586,11167,missing
1785858586,11166,missing
1785858586,11168,missing
1785858586,11171,missing
1785858586,11174,ok
1785858586,11180,ok
1785858586,11159,missing
1785858586,11170,missing
1785858587,11161,missing
1785858588,11173,missing
1785858588,11176,missing
1785858589,11177,missing
1785858589,11175,missing
1785858589,11178,missing
1785858589,11181,missing
1785858589,11182,missing
1785858589,11183,missing
1785858589,11179,missing
1785858589,11184,missing
1785858589,11186,missing
1785858589,11187,missing
1785858590,11188,missing
1785858590,11194,ok
1785858590,11199,ok
1785858590,11185,missing
1785858591,11189,missing
1785858591,11172,missing
1785858592,11205,ok
1785858592,11190,missing
1785858592,11191,missing
1785858592,11198,missing
1785858592,11193,missing
1785858592,11200,missing
1785858593,11197,missing
1785858593,11195,missing
1785858593,11202,missing
1785858593,11201,missing
1785858593,11196,missing
1785858594,11192,missing
1785858594,11206,missing
1785858594,11204,missing
1785858594,11215,ok
1785858594,11203,missing
1785858595,11218,ok
1785858595,11207,missing
1785858595,11222,ok
1785858595,11209,missing
1785858596,11210,missing
1785858596,11225,ok
1785858596,11212,missing
1785858596,11214,missing
1785858596,11223,ok
1785858596,11208,missing
1785858597,11211,missing
1785858597,11217,missing
1785858597,11228,ok
1785858597,11213,ok
1785858597,11219,missing
1785858597,11220,missing
1785858598,11216,missing
1785858598,11238,ok
1785858598,11237,ok
1785858599,11227,missing
1785858599,11224,missing
1785858599,11226,missing
1785858599,11221,missing
1785858599,11230,missing
1785858600,11233,missing
1785858600,11229,missing
1785858600,11243,ok
1785858600,11234,missing
1785858600,11231,missing
1785858600,11232,missing
1785858601,11236,missing
1785858601,11239,missing
1785858601,11235,missing
1785858601,11240,missing
1785858602,11241,missing
1785858602,11250,ok
1785858602,11242,missing
1785858602,11257,ok
1785858603,11244,missing
1785858603,11249,missing
1785858603,11248,missing
1785858603,11245,missing
1785858603,11247,missing
1785858604,11262,ok
1785858604,11246,missing
1785858604,11253,missing
1785858604,11251,missing
1785858604,11255,missing
1785858604,11254,missing
1785858604,11252,missing
1785858604,11268,ok
1785858605,11256,missing
1785858605,11258,missing
1785858605,11259,missing
1785858606,11260,missing
1785858606,11263,missing
1785858606,11261,missing
1785858607,11278,ok
1785858607,11267,missing
1785858607,11266,missing
1785858607,11265,missing
1785858607,11280,ok
1785858607,11269,missing
1785858608,11270,missing
1785858608,11272,missing
1785858608,11271,missing
1785858608,11274,missing
1785858608,11264,missing
1785858608,11275,missing
1785858608,11286,ok
1785858609,11287,ok
1785858609,11273,missing
1785858609,11276,missing
1785858609,11277,missing
1785858609,11279,missing
1785858610,11294,ok
1785858610,11281,missing
1785858611,11282,missing
1785858611,11283,missing
1785858611,11285,missing
1785858611,11284,missing
1785858611,11289,missing
1785858612,11288,missing
1785858612,11290,missing
1785858612,11291,missing
1785858612,11296,missing
1785858612,11292,missing
1785858612,11295,missing
1785858612,11303,ok
1785858612,11293,missing
1785858613,11299,missing
1785858613,11304,ok
1785858614,11298,missing
1785858614,11297,missing
1785858614,11300,missing
1785858614,11301,missing
1785858615,11315,ok
1785858615,11305,missing
1785858615,11302,missing
1785858615,11306,missing
1785858615,11307,missing
1785858616,11312,missing
1785858616,11323,ok
1785858616,11310,missing
1785858616,11314,missing
1785858616,11308,missing
1785858616,11313,missing
1785858616,11322,ok
1785858616,11311,missing
1785858616,11309,missing
1785858616,11324,ok
1785858617,11320,ok
1785858617,11317,missing
1785858617,11325,ok
1785858617,11316,missing
1785858617,11318,missing
1785858617,11334,ok
1785858618,11326,ok
1785858618,11321,missing
1785858619,11319,missing
1785858619,11329,missing
1785858619,11328,missing
1785858619,11331,missing
1785858620,11327,missing
1785858620,11332,missing
1785858620,11335,missing
1785858620,11336,missing
1785858620,11337,missing
1785858620,11333,missing
1785858620,11338,missing
1785858621,11330,missing
1785858621,11352,ok
1785858621,11341,missing
1785858621,11340,missing
1785858621,11339,missing
1785858622,11344,ok
1785858622,11342,missing
1785858622,11343,missing
1785858622,11354,ok
1785858622,11356,ok
1785858623,11345,missing
1785858623,11346,missing
1785858623,11348,missing
1785858623,11347,missing
1785858623,11360,ok
1785858623,11351,missing
1785858624,11349,missing
1785858624,11353,missing
1785858624,11350,missing
1785858624,11357,missing
1785858624,11355,missing
1785858625,11358,missing
1785858625,11359,missing
1785858625,11366,ok
1785858626,11375,ok
1785858626,11363,ok
1785858626,11361,missing
1785858627,11364,missing
1785858627,11362,missing
1785858627,11369,missing
1785858627,11368,missing
1785858627,11365,missing
1785858627,11378,ok
1785858627,11382,ok
1785858627,11381,ok
1785858628,11374,missing
1785858628,11371,missing
1785858628,11367,missing
1785858628,11370,missing
1785858628,11372,missing
1785858628,11377,missing
1785858628,11373,missing
1785858629,11387,ok
1785858629,11376,missing
1785858630,11380,missing
1785858630,11379,missing
1785858630,11383,missing
1785858630,11385,missing
1785858630,11386,missing
1785858631,11384,missing
1785858631,11388,missing
1785858631,11389,missing
1785858631,11390,missing
1785858631,11401,ok
1785858632,11395,missing
1785858632,11404,ok
1785858632,11391,missing
1785858632,11392,missing
1785858632,11396,missing
1785858632,11393,missing
1785858632,11394,missing
1785858633,11399,missing
1785858633,11398,missing
1785858633,11397,missing
1785858634,11402,missing
1785858634,11400,missing
1785858635,11405,missing
1785858635,11408,missing
1785858635,11416,ok
1785858635,11411,missing
1785858635,11407,missing
1785858635,11406,missing
1785858635,11414,ok
1785858636,11410,missing
1785858636,11413,missing
1785858636,11412,missing
1785858636,11420,ok
1785858636,11409,missing
1785858636,11425,ok
1785858637,11415,missing
1785858637,11417,missing
1785858637,11430,ok
1785858637,11403,missing
1785858638,11418,missing
1785858638,11435,ok
1785858639,11421,missing
1785858639,11424,missing
1785858639,11423,missing
1785858639,11428,missing
1785858639,11422,missing
1785858639,11429,missing
1785858639,11427,missing
1785858639,11431,missing
1785858639,11440,ok
1785858640,11433,missing
1785858640,11432,missing
1785858640,11441,ok
1785858641,11436,missing
1785858642,11419,missing
1785858642,11437,missing
1785858642,11434,missing
1785858642,11442,ok
1785858642,11438,missing
1785858643,11445,missing
1785858643,11446,missing
1785858643,11439,missing
1785858643,11443,missing
1785858643,11426,missing
1785858643,11444,missing
1785858643,11447,missing
1785858643,11461,ok
1785858644,11459,ok
1785858644,11450,missing
1785858644,11451,missing
1785858644,11462,ok
1785858644,11448,missing
1785858644,11449,missing
1785858645,11463,ok
1785858645,11454,missing
1785858645,11453,missing
1785858646,11457,missing
1785858646,11458,missing
1785858646,11452,missing
1785858646,11455,missing
1785858646,11473,ok
1785858647,11460,missing
1785858647,11464,missing
1785858647,11466,missing
1785858647,11467,missing
1785858648,11469,missing
1785858648,11465,missing
1785858648,11471,missing
1785858648,11456,missing
1785858648,11468,missing
1785858648,11472,missing
1785858649,11483,ok
1785858649,11477,missing
1785858649,11475,missing
1785858649,11476,missing
1785858650,11489,ok
1785858650,11479,missing
1785858650,11470,missing
1785858650,11474,missing
1785858650,11478,missing
1785858650,11493,ok
1785858650,11480,missing
1785858651,11481,missing
1785858651,11494,ok
1785858651,11495,ok
1785858651,11485,missing
1785858651,11484,missing
1785858652,11499,ok
1785858652,11502,ok
1785858652,11488,missing
1785858652,11496,ok
1785858652,11487,missing
1785858652,11486,missing
1785858653,11503,ok
1785858653,11482,missing
1785858653,11491,missing
1785858653,11492,missing
1785858653,11504,ok
1785858653,11490,missing
1785858654,11497,missing
1785858654,11498,missing
1785858654,11517,ok
1785858654,11501,missing
1785858655,11500,missing
1785858655,11505,missing
1785858655,11515,ok
1785858655,11506,missing
1785858655,11507,missing
1785858655,11510,missing
1785858656,11509,missing
1785858656,11508,missing
1785858656,11520,ok
1785858656,11521,ok
1785858656,11526,ok
1785858656,11514,missing
1785858657,11512,missing
1785858657,11528,ok
1785858657,11511,missing
1785858657,11513,missing
1785858657,11516,missing
1785858657,11519,missing
1785858658,11518,missing
1785858658,11522,missing
1785858658,11523,missing
1785858658,11524,missing
1785858659,11537,ok
1785858659,11525,missing
1785858659,11529,missing
1785858659,11530,missing
1785858659,11527,missing
1785858660,11543,ok
1785858660,11536,missing
1785858660,11531,missing
1785858660,11532,missing
1785858660,11533,missing
1785858660,11534,missing
1785858661,11538,missing
1785858661,11539,missing
1785858661,11548,ok
1785858662,11535,missing
1785858662,11541,missing
1785858662,11542,missing
1785858663,11544,missing
1785858663,11540,missing
1785858663,11546,missing
1785858663,11557,ok
1785858664,11547,missing
1785858664,11545,missing
1785858664,11550,missing
1785858664,11549,missing
1785858664,11562,ok
1785858664,11552,missing
1785858664,11555,missing
1785858664,11561,ok
1785858664,11560,ok
1785858665,11556,missing
1785858665,11554,missing
1785858665,11551,missing
1785858665,11570,ok
1785858665,11558,missing
1785858666,11559,missing
1785858666,11577,ok
1785858666,11553,missing
1785858666,11563,missing
1785858667,11574,ok
1785858667,11567,missing
1785858667,11566,missing
1785858667,11568,missing
1785858667,11571,missing
1785858668,11565,missing
1785858668,11585,ok
1785858668,11584,ok
1785858668,11573,missing
1785858668,11575,missing
1785858668,11586,ok
1785858669,11572,missing
1785858669,11576,missing
1785858669,11578,missing
1785858669,11588,ok
1785858670,11581,missing
1785858670,11594,ok
1785858670,11569,missing
1785858670,11580,missing
1785858670,11598,ok
1785858670,11579,missing
1785858671,11582,missing
1785858671,11587,missing
1785858671,11564,missing
1785858672,11589,missing
1785858672,11583,missing
1785858672,11593,missing
1785858672,11590,missing
1785858672,11596,missing
1785858673,11592,missing
1785858673,11595,missing
1785858673,11599,missing
1785858674,11611,ok
1785858674,11601,missing
1785858674,11591,missing
1785858674,11603,missing
1785858674,11600,missing
1785858674,11597,missing
1785858674,11602,missing
1785858675,11613,ok
1785858675,11606,missing
1785858675,11608,missing
1785858675,11605,missing
1785858675,11616,ok
1785858675,11604,missing
1785858676,11609,missing
1785858676,11607,missing
1785858676,11625,ok
1785858677,11627,ok
1785858677,11612,missing
1785858677,11622,ok
1785858677,11610,missing
1785858677,11628,ok
1785858677,11619,missing
1785858678,11620,missing
1785858678,11614,missing
1785858678,11618,missing
1785858678,11615,missing
1785858678,11621,missing
1785858678,11630,ok
1785858678,11634,ok
1785858679,11623,missing
1785858679,11617,missing
1785858679,11624,missing
1785858679,11626,missing
1785858679,11629,missing
1785858680,11632,missing
1785858680,11633,missing
1785858681,11646,ok
1785858681,11631,missing
1785858681,11636,missing
1785858681,11637,missing
1785858681,11638,missing
1785858681,11635,missing
1785858681,11641,missing
1785858682,11640,missing
1785858682,11655,ok
1785858682,11643,missing
1785858682,11642,missing
1785858682,11654,ok
1785858682,11639,missing
1785858683,11644,missing
1785858683,11645,missing
1785858683,11648,missing
1785858684,11650,missing
1785858684,11647,missing
1785858684,11649,missing
1785858685,11656,missing
1785858685,11653,missing
1785858685,11651,missing
1785858685,11657,missing
1785858685,11652,missing
1785858686,11661,missing
1785858686,11662,missing
1785858686,11658,missing
1785858686,11663,missing
1785858686,11660,missing
1785858687,11659,missing
1785858687,11664,missing
1785858687,11667,missing
1785858687,11665,missing
1785858688,11666,missing
1785858688,11669,ok
1785858688,11671,missing
1785858688,11670,missing
1785858688,11680,ok
1785858689,11673,missing
1785858689,11675,missing
1785858689,11668,missing
1785858689,11676,missing
1785858689,11678,missing
1785858689,11674,missing
1785858689,11672,missing
1785858690,11677,missing
1785858690,11694,ok
1785858690,11679,missing
1785858691,11683,missing
1785858691,11681,missing
1785858692,11686,missing
1785858692,11685,missing
1785858692,11682,missing
1785858692,11687,missing
1785858692,11688,missing
1785858692,11691,missing
1785858693,11690,missing
1785858693,11689,missing
1785858693,11701,ok
1785858693,11692,missing
1785858694,11695,missing
1785858694,11697,missing
1785858694,11696,missing
1785858694,11693,missing
1785858694,11684,missing
1785858694,11698,missing
1785858695,11699,missing
1785858695,11712,ok
1785858695,11700,missing
1785858695,11704,missing
1785858696,11716,ok
1785858696,11706,missing
1785858696,11703,missing
1785858696,11705,missing
1785858696,11709,missing
1785858696,11707,missing
1785858697,11702,missing
1785858697,11708,missing
1785858697,11710,missing
1785858697,11728,ok
1785858697,11723,ok
1785858697,11713,missing
1785858697,11727,ok
1785858698,11715,missing
1785858698,11714,missing
1785858698,11718,missing
1785858698,11717,missing
1785858699,11734,ok
1785858699,11711,missing
1785858699,11719,missing
1785858699,11722,missing
1785858699,11721,missing
1785858700,11720,missing
1785858700,11726,missing
1785858700,11725,missing
1785858700,11724,missing
1785858701,11729,missing
1785858701,11730,missing
1785858701,11731,missing
1785858701,11745,ok
1785858701,11733,missing
1785858702,11732,missing
1785858702,11747,ok
1785858702,11737,missing
1785858702,11735,missing
1785858702,11739,missing
1785858702,11750,ok
1785858702,11738,missing
1785858703,11736,missing
1785858703,11749,ok
1785858703,11757,ok
1785858703,11740,missing
1785858704,11743,missing
1785858704,11744,missing
1785858704,11752,ok
1785858704,11746,missing
1785858704,11756,ok
1785858704,11742,missing
1785858705,11741,missing
1785858705,11766,ok
1785858705,11748,missing
1785858705,11751,missing
1785858705,11765,ok
1785858705,11755,missing
1785858705,11753,missing
1785858706,11764,ok
1785858706,11772,ok
1785858706,11754,missing
1785858707,11761,missing
1785858707,11759,missing
1785858708,11768,missing
1785858708,11763,missing
1785858708,11770,missing
1785858708,11758,missing
1785858708,11767,missing
1785858708,11762,missing
1785858708,11769,missing
1785858708,11773,missing
1785858709,11774,missing
1785858709,11775,missing
1785858709,11771,missing
1785858709,11776,missing
1785858710,11777,missing
1785858710,11760,missing
1785858710,11789,ok
1785858710,11779,missing
1785858710,11778,missing
1785858711,11791,ok
1785858711,11780,missing
1785858711,11782,missing
1785858711,11783,missing
1785858711,11784,missing
1785858712,11798,ok
1785858712,11788,missing
1785858712,11786,missing
1785858712,11790,missing
1785858712,11785,missing
1785858713,11781,missing
1785858713,11787,missing
1785858713,11793,missing
1785858713,11794,missing
1785858713,11792,missing
1785858714,11810,ok
1785858714,11797,missing
1785858715,11801,missing
1785858715,11796,missing
1785858715,11795,missing
1785858715,11799,missing
1785858715,11800,missing
1785858715,11815,ok
1785858716,11803,missing
1785858716,11808,missing
1785858716,11805,missing
1785858716,11806,missing
1785858716,11802,missing
1785858716,11809,missing
1785858716,11807,missing
1785858717,11812,missing
1785858717,11804,missing
1785858717,11811,missing
1785858718,11814,missing
1785858718,11816,missing
1785858719,11813,missing
1785858719,11819,missing
1785858719,11818,missing
1785858719,11832,ok
1785858719,11822,missing
1785858719,11823,missing
1785858720,11821,missing
1785858720,11824,missing
1785858720,11825,missing
1785858720,11820,missing
1785858720,11828,missing
1785858720,11826,missing
1785858721,11817,missing
1785858721,11827,missing
1785858721,11829,missing
1785858722,11830,missing
1785858722,11833,missing
1785858722,11831,missing
1785858723,11834,missing
1785858723,11838,missing
1785858723,11835,missing
1785858723,11836,missing
1785858723,11848,ok
1785858723,11837,missing
1785858723,11849,ok
1785858723,11839,missing
1785858723,11850,ok
1785858724,11843,missing
1785858724,11840,missing
1785858724,11856,ok
1785858724,11842,missing
1785858724,11844,missing
1785858725,11859,ok
1785858725,11846,missing
1785858725,11860,ok
1785858725,11855,ok
1785858725,11862,ok
1785858725,11861,ok
1785858725,11841,missing
1785858725,11845,missing
1785858726,11865,ok
1785858726,11867,ok
1785858726,11847,missing
1785858726,11852,missing
1785858726,11869,ok
1785858726,11853,missing
1785858726,11864,ok
1785858727,11870,ok
1785858727,11854,missing
1785858727,11857,missing
1785858727,11858,missing
1785858727,11876,ok
1785858727,11851,missing
1785858727,11880,ok
1785858727,11877,ok
1785858728,11866,missing
1785858728,11863,missing
1785858729,11884,ok
1785858729,11873,missing
1785858729,11868,missing
1785858729,11888,ok
1785858729,11872,missing
1785858730,11879,missing
1785858730,11881,missing
1785858730,11874,missing
1785858730,11882,missing
1785858730,11885,missing
1785858730,11871,missing
1785858730,11878,missing
1785858731,11875,missing
1785858731,11887,missing
1785858732,11883,missing
1785858733,11890,missing
1785858733,11889,missing
1785858733,11892,missing
1785858733,11896,missing
1785858733,11894,missing
1785858733,11886,missing
1785858734,11898,missing
1785858734,11897,missing
1785858734,11899,missing
1785858734,11893,missing
1785858734,11907,ok
1785858734,11891,missing
1785858734,11895,missing
1785858734,11905,ok
1785858734,11900,missing
1785858735,11902,missing
1785858735,11903,missing
1785858735,11910,ok
1785858735,11901,missing
1785858736,11904,missing
1785858737,11918,ok
1785858737,11908,missing
1785858737,11906,missing
1785858737,11914,missing
1785858737,11909,missing
1785858737,11911,missing
1785858737,11912,missing
1785858738,11919,missing
1785858738,11925,ok
1785858738,11913,missing
1785858738,11920,missing
1785858738,11917,missing
1785858739,11921,missing
1785858739,11915,missing
1785858739,11916,missing
1785858740,11922,missing
1785858740,11923,missing
1785858740,11938,ok
1785858740,11924,missing
1785858741,11926,missing
1785858741,11930,missing
1785858741,11927,missing
1785858741,11928,missing
1785858741,11942,ok
1785858741,11931,missing
1785858741,11929,missing
1785858741,11933,missing
1785858741,11944,ok
1785858742,11946,ok
1785858742,11935,missing
1785858742,11936,missing
1785858742,11934,missing
1785858742,11937,missing
1785858742,11932,missing
1785858743,11952,ok
1785858743,11940,missing
1785858743,11941,missing
1785858744,11943,missing
1785858744,11939,missing
1785858744,11960,ok
1785858744,11947,missing
1785858744,11948,missing
1785858744,11945,missing
1785858744,11950,missing
1785858745,11957,ok
1785858745,11955,missing
1785858745,11954,missing
1785858746,11953,missing
1785858746,11949,missing
1785858746,11958,missing
1785858746,11972,ok
1785858747,11968,ok
1785858747,11956,missing
1785858747,11959,missing
1785858747,11951,missing
1785858747,11962,missing
1785858747,11964,missing
1785858747,11965,missing
1785858748,11961,missing
1785858748,11963,missing
1785858749,11969,missing
1785858749,11966,missing
1785858749,11967,missing
1785858749,11970,missing
1785858749,11971,missing
1785858750,11973,missing
1785858750,11974,missing
1785858750,11975,missing
1785858750,11976,missing
1785858751,11979,missing
1785858751,11978,missing
1785858751,11981,missing
1785858751,11980,missing
1785858751,11977,missing
1785858751,11995,ok
1785858752,11984,missing
1785858752,11983,missing
1785858752,11988,missing
1785858752,11987,missing
1785858753,11985,missing
1785858753,11998,ok
1785858753,11982,missing
1785858753,11986,missing
1785858753,11989,missing
1785858754,11992,missing
1785858754,11990,missing
1785858754,12003,ok
1785858754,11994,missing
1785858754,12007,ok
1785858754,11996,missing
1785858754,11991,missing
1785858754,11993,missing
1785858755,11999,missing
1785858755,12000,missing
1785858755,11997,missing
1785858755,12015,ok
1785858756,12001,missing
1785858756,12002,missing
1785858756,12005,missing
1785858757,12019,ok
1785858757,12004,missing
1785858757,12008,missing
1785858757,12020,ok
1785858757,12010,missing
1785858758,12012,missing
1785858758,12006,missing
1785858758,12009,missing
1785858758,12014,missing
1785858758,12013,missing
1785858758,12011,missing
1785858758,12016,missing
1785858759,12032,ok
1785858759,12033,ok
1785858759,12018,missing
1785858759,12028,ok
1785858759,12017,missing
1785858759,12022,missing
1785858760,12021,missing
1785858760,12023,missing
1785858760,12037,ok
1785858761,12026,missing
1785858761,12027,missing
1785858761,12024,missing
1785858761,12029,missing
1785858761,12030,missing
1785858761,12031,missing
1785858761,12034,missing
1785858762,12047,ok
1785858762,12025,missing
1785858762,12036,missing
1785858762,12046,ok
1785858762,12038,missing
1785858762,12039,missing
1785858763,12035,missing
1785858763,12050,ok
1785858763,12040,missing
1785858763,12054,ok
1785858763,12055,ok
1785858764,12042,missing
1785858764,12043,missing
1785858764,12041,missing
1785858764,12058,ok
1785858764,12045,missing
1785858764,12060,ok
1785858765,12044,missing
1785858765,12061,ok
1785858765,12048,missing
1785858765,12051,missing
1785858765,12053,missing
1785858766,12056,missing
1785858766,12049,missing
1785858766,12052,missing
1785858767,12057,missing
1785858767,12072,ok
1785858767,12063,missing
1785858767,12059,missing
1785858767,12066,missing
1785858767,12062,missing
1785858767,12067,missing
1785858767,12065,missing
1785858768,12077,ok
1785858768,12076,ok
1785858768,12064,missing
1785858768,12068,missing
1785858768,12069,missing
1785858768,12070,missing
1785858768,12071,missing
1785858769,12086,ok
1785858769,12088,ok
1785858769,12073,missing
1785858770,12075,missing
1785858770,12074,missing
1785858770,12079,missing
1785858770,12082,missing
1785858771,12083,missing
1785858771,12078,missing
1785858771,12085,missing
1785858771,12084,missing
1785858771,12081,missing
1785858771,12087,missing
1785858771,12080,missing
1785858771,12097,ok
1785858772,12101,ok
1785858772,12090,missing
1785858772,12092,missing
1785858772,12089,missing
1785858772,12091,missing
1785858773,12093,missing
1785858773,12094,missing
1785858773,12095,missing
1785858774,12098,missing
1785858774,12096,missing
1785858775,12102,missing
1785858775,12100,missing
1785858775,12099,missing
1785858775,12103,missing
1785858775,12106,missing
1785858775,12118,ok
1785858776,12105,missing
1785858776,12108,missing
1785858776,12107,missing
1785858776,12121,ok
1785858776,12112,missing
1785858776,12110,missing
1785858776,12111,missing
1785858776,12109,missing
1785858777,12126,ok
1785858777,12125,ok
1785858777,12114,missing
1785858778,12127,ok
1785858778,12132,ok
1785858778,12115,missing
1785858778,12104,missing
1785858778,12113,missing
1785858778,12116,missing
1785858778,12134,ok
1785858779,12130,ok
1785858779,12120,missing
1785858779,12119,missing
1785858779,12123,missing
1785858779,12135,ok
1785858779,12138,ok
1785858779,12141,ok
1785858780,12122,missing
1785858780,12117,missing
1785858780,12136,ok
1785858780,12124,missing
1785858780,12128,missing
1785858780,12140,ok
1785858781,12148,ok
1785858781,12131,missing
1785858781,12143,ok
1785858781,12152,ok
1785858781,12133,missing
1785858781,12129,missing
1785858781,12137,missing
1785858782,12153,ok
1785858782,12139,missing
1785858783,12145,missing
1785858783,12142,missing
1785858783,12146,missing
1785858783,12144,missing
1785858783,12160,ok
1785858783,12149,missing
1785858783,12147,missing
1785858783,12161,ok
1785858784,12150,missing
1785858784,12151,missing
1785858784,12155,missing
1785858784,12162,ok
1785858784,12154,missing
1785858785,12156,missing
1785858785,12169,ok
1785858785,12157,missing
1785858786,12158,missing
1785858786,12163,missing
1785858786,12176,ok
1785858786,12165,missing
1785858786,12159,missing
1785858787,12170,missing
1785858787,12164,missing
1785858787,12166,missing
1785858787,12168,missing
1785858787,12178,ok
1785858787,12172,missing
1785858787,12173,missing
1785858787,12171,missing
1785858788,12181,ok
1785858788,12167,missing
1785858788,12174,missing
1785858788,12177,missing
1785858789,12187,ok
1785858789,12188,ok
1785858789,12179,missing
1785858789,12175,missing
1785858790,12182,ok
1785858790,12180,missing
1785858790,12183,missing
1785858790,12185,missing
1785858791,12190,missing
1785858791,12200,ok
1785858791,12184,missing
1785858791,12191,missing
1785858791,12189,missing
1785858791,12193,missing
1785858791,12186,missing
1785858792,12192,missing
1785858792,12209,ok
1785858792,12195,missing
1785858793,12198,missing
1785858793,12197,missing
1785858793,12212,ok
1785858793,12199,missing
1785858793,12196,missing
1785858794,12201,missing
1785858794,12202,missing
1785858794,12215,ok
1785858794,12194,missing
1785858794,12207,missing
1785858794,12203,missing
1785858794,12208,missing
1785858794,12204,missing
1785858795,12206,missing
1785858795,12205,missing
1785858795,12210,missing
1785858796,12226,ok
1785858797,12213,missing
1785858797,12229,ok
1785858797,12211,missing
1785858797,12216,missing
1785858797,12214,missing
1785858797,12230,ok
1785858797,12218,missing
1785858797,12219,missing
1785858798,12223,missing
1785858798,12217,missing
1785858798,12221,missing
1785858798,12225,missing
1785858798,12222,missing
1785858798,12220,missing
1785858799,12224,missing
1785858799,12227,missing
1785858799,12238,ok
1785858799,12228,missing
1785858801,12234,missing
1785858801,12235,missing
1785858801,12233,missing
1785858801,12231,missing
1785858801,12239,missing
1785858802,12237,missing
1785858802,12240,missing
1785858802,12232,missing
1785858802,12241,missing
1785858802,12244,missing
1785858802,12249,ok
1785858802,12242,missing
1785858802,12236,missing
1785858802,12250,ok
1785858802,12243,missing
1785858803,12247,missing
1785858803,12245,missing
1785858803,12263,ok
1785858804,12248,missing
1785858804,12251,ok
1785858804,12264,ok
1785858805,12254,missing
1785858805,12266,ok
1785858805,12255,missing
1785858805,12252,missing
1785858805,12257,missing
1785858805,12256,missing
1785858806,12260,missing
1785858806,12271,ok
1785858806,12259,missing
1785858806,12272,ok
1785858806,12261,missing
1785858806,12262,missing
1785858807,12246,missing
1785858807,12275,ok
1785858807,12277,ok
1785858807,12273,ok
1785858807,12265,missing
1785858807,12267,missing
1785858807,12253,missing
1785858807,12258,missing
1785858807,12278,ok
1785858808,12268,missing
1785858809,12276,missing
1785858809,12270,missing
1785858809,12269,missing
1785858809,12274,missing
1785858810,12282,missing
1785858810,12284,missing
1785858810,12286,missing
1785858811,12295,ok
1785858811,12279,missing
1785858811,12281,missing
1785858811,12285,missing
1785858811,12283,missing
1785858811,12290,missing
1785858811,12289,missing
1785858811,12287,missing
1785858811,12300,ok
1785858812,12288,missing
1785858812,12280,missing
1785858812,12294,missing
1785858813,12291,missing
1785858813,12293,missing
1785858814,12298,missing
1785858814,12301,missing
1785858814,12296,missing
1785858814,12292,missing
1785858814,12304,missing
1785858814,12297,missing
1785858814,12299,missing
1785858815,12305,missing
1785858815,12302,missing
1785858815,12303,missing
1785858815,12313,ok
1785858815,12314,ok
1785858816,12308,missing
1785858816,12306,missing
1785858816,12307,missing
1785858816,12310,missing
1785858816,12309,missing
1785858816,12324,ok
1785858816,12311,missing
1785858817,12312,missing
1785858817,12315,missing
1785858817,12316,missing
1785858818,12318,missing
1785858818,12319,missing
1785858818,12322,missing
1785858818,12323,missing
1785858819,12321,missing
1785858819,12325,missing
1785858819,12327,missing
1785858819,12320,missing
1785858820,12326,missing
1785858820,12317,missing
1785858820,12328,missing
1785858820,12331,missing
1785858821,12329,missing
1785858821,12330,missing
1785858821,12342,ok
1785858821,12332,missing
1785858821,12333,missing
1785858821,12335,missing
1785858821,12334,missing
1785858822,12337,missing
1785858822,12338,missing
1785858822,12346,ok
1785858823,12340,missing
1785858823,12336,missing
1785858823,12339,missing
1785858823,12343,missing
1785858823,12344,missing
1785858824,12345,missing
1785858824,12341,missing
1785858824,12350,missing
1785858824,12349,missing
1785858824,12347,missing
1785858824,12348,missing
1785858825,12351,missing
1785858825,12352,missing
1785858825,12353,missing
1785858825,12366,ok
1785858825,12354,missing
1785858825,12365,ok
1785858826,12364,ok
1785858826,12356,missing
1785858826,12355,missing
1785858826,12357,missing
1785858827,12361,missing
1785858827,12362,missing
1785858827,12360,missing
1785858827,12363,missing
1785858827,12359,missing
1785858827,12358,missing
1785858828,12368,missing
1785858828,12369,missing
1785858829,12367,missing
1785858829,12370,missing
1785858829,12371,missing
1785858829,12373,missing
1785858829,12379,ok
1785858830,12374,missing
1785858830,12375,missing
1785858830,12372,missing
1785858830,12378,missing
1785858830,12389,ok
1785858830,12391,ok
1785858831,12377,missing
1785858831,12382,missing
1785858831,12381,missing
1785858831,12380,missing
1785858831,12395,ok
1785858831,12393,ok
1785858832,12376,missing
1785858832,12397,ok
1785858832,12386,missing
1785858832,12384,missing
1785858832,12399,ok
1785858832,12383,missing
1785858832,12388,missing
1785858833,12392,ok
1785858833,12385,missing
1785858833,12387,missing
1785858833,12390,missing
1785858833,12407,ok
1785858834,12394,missing
1785858834,12398,missing
1785858834,12401,missing
1785858835,12400,missing
1785858835,12402,missing
1785858835,12396,missing
1785858836,12403,missing
1785858836,12404,missing
1785858836,12406,missing
1785858836,12411,missing
1785858836,12409,missing
1785858836,12405,missing
1785858837,12408,missing
1785858837,12423,ok
1785858837,12412,missing
1785858837,12414,missing
1785858837,12413,missing
1785858838,12415,missing
1785858838,12410,missing
1785858838,12416,missing
1785858838,12424,ok
1785858838,12418,missing
1785858838,12419,missing
1785858839,12417,missing
1785858839,12420,missing
1785858839,12421,missing
1785858839,12422,missing
1785858840,12436,ok
1785858840,12432,ok
1785858840,12427,missing
1785858840,12425,missing
1785858840,12429,missing
1785858841,12430,missing
1785858841,12426,missing
1785858841,12431,missing
1785858841,12435,missing
1785858841,12433,missing
1785858841,12428,missing
1785858842,12434,missing
1785858842,12437,missing
1785858842,12438,missing
1785858843,12440,missing
1785858843,12441,missing
1785858843,12442,missing
1785858844,12439,missing
1785858844,12444,missing
1785858844,12443,missing
1785858844,12456,ok
1785858844,12445,missing
1785858844,12447,missing
1785858845,12448,missing
1785858845,12449,missing
1785858845,12450,missing
1785858845,12451,missing
1785858845,12453,missing
1785858846,12446,missing
1785858847,12457,missing
1785858847,12455,missing
1785858847,12452,missing
1785858847,12460,missing
1785858848,12459,missing
1785858848,12458,missing
1785858848,12465,missing
1785858848,12461,missing
1785858848,12462,missing
1785858848,12454,missing
1785858848,12464,missing
1785858848,12466,missing
1785858849,12463,missing
1785858849,12467,missing
1785858849,12468,missing
1785858850,12479,ok
1785858850,12470,missing
1785858850,12471,missing
1785858851,12473,missing
1785858851,12475,missing
1785858851,12476,missing
1785858851,12472,missing
1785858852,12481,missing
1785858852,12478,missing
1785858852,12474,missing
1785858852,12482,missing
1785858852,12480,missing
1785858852,12477,missing
1785858852,12488,ok
1785858852,12484,missing
1785858853,12483,missing
1785858853,12485,missing
1785858854,12486,missing
1785858854,12487,missing
1785858854,12489,missing
1785858855,12492,missing
1785858855,12490,missing
1785858855,12469,missing
1785858855,12495,missing
1785858855,12491,missing
1785858855,12498,missing
1785858855,12494,missing
1785858855,12496,missing
1785858856,12500,missing
1785858856,12493,missing
1785858856,12497,missing
1785858857,12499,missing
1785858857,12509,ok
1785858857,12501,missing
1785858857,12515,ok
1785858858,12505,missing
1785858858,12504,missing
1785858858,12503,missing
1785858858,12507,missing
1785858858,12506,missing
1785858858,12502,missing
1785858859,12510,missing
1785858859,12508,missing
1785858859,12514,missing
1785858860,12528,ok
1785858860,12511,missing
1785858860,12513,missing
1785858861,12516,missing
1785858861,12519,missing
1785858861,12518,missing
1785858861,12517,missing
1785858861,12512,missing
1785858861,12521,missing
1785858862,12524,missing
1785858862,12536,ok
1785858862,12520,missing
1785858862,12526,missing
1785858862,12522,missing
1785858862,12527,missing
1785858863,12525,missing
1785858863,12529,missing
1785858864,12533,missing
1785858864,12535,missing
1785858864,12530,missing
1785858864,12532,missing
1785858864,12534,missing
1785858865,12531,missing
1785858865,12539,missing
1785858865,12540,missing
1785858865,12542,missing
1785858866,12541,missing
1785858866,12537,missing
1785858866,12543,missing
1785858866,12538,missing
1785858866,12544,missing
1785858867,12545,missing
1785858867,12554,ok
1785858867,12546,missing
1785858867,12547,missing
1785858867,12548,missing
1785858868,12561,ok
1785858868,12549,missing
1785858868,12553,missing
1785858868,12551,missing
1785858869,12556,missing
1785858869,12560,ok
1785858869,12557,missing
1785858869,12550,missing
1785858869,12523,missing
1785858869,12552,missing
1785858869,12568,ok
1785858870,12572,ok
1785858870,12555,missing
1785858870,12558,missing
1785858870,12569,ok
1785858870,12563,missing
1785858870,12562,missing
1785858871,12575,ok
1785858871,12559,missing
1785858871,12577,ok
1785858872,12567,missing
1785858872,12565,missing
1785858872,12570,missing
1785858872,12571,missing
1785858872,12566,missing
1785858872,12584,ok
1785858873,12574,missing
1785858873,12576,ok
1785858873,12578,missing
1785858873,12573,missing
1785858874,12579,missing
1785858874,12580,missing
1785858874,12564,missing
1785858874,12582,missing
1785858875,12581,missing
1785858875,12583,missing
1785858875,12585,missing
1785858875,12586,missing
1785858875,12599,ok
1785858876,12589,missing
1785858876,12587,missing
1785858876,12588,missing
1785858876,12590,missing
1785858876,12592,missing
1785858876,12600,ok
1785858876,12593,missing
1785858877,12595,missing
1785858877,12594,missing
1785858877,12597,missing
1785858877,12596,missing
1785858877,12591,missing
1785858878,12611,ok
1785858878,12598,missing
1785858878,12613,ok
1785858878,12601,missing
1785858879,12603,missing
1785858879,12604,missing
1785858879,12605,missing
1785858879,12607,missing
1785858879,12608,missing
1785858880,12606,missing
1785858880,12609,missing
1785858880,12619,ok
1785858881,12612,missing
1785858881,12626,ok
1785858881,12610,missing
1785858881,12617,missing
1785858881,12615,missing
1785858881,12616,missing
1785858881,12614,missing
1785858882,12618,missing
1785858882,12631,ok
1785858882,12621,missing
1785858882,12623,missing
1785858883,12620,missing
1785858883,12624,missing
1785858883,12625,missing
1785858884,12622,missing
1785858884,12627,missing
1785858884,12628,missing
1785858884,12629,missing
1785858884,12630,missing
1785858884,12633,missing
1785858885,12632,missing
1785858885,12635,missing
1785858885,12602,missing
1785858885,12647,ok
1785858886,12634,missing
1785858886,12649,ok
1785858886,12637,missing
1785858886,12636,missing
1785858886,12638,missing
1785858887,12639,missing
1785858887,12644,missing
1785858887,12651,ok
1785858887,12643,missing
1785858887,12641,missing
1785858887,12657,ok
1785858888,12640,missing
1785858888,12642,missing
1785858888,12646,missing
1785858888,12659,ok
1785858889,12645,missing
1785858889,12652,missing
1785858889,12650,missing
1785858889,12656,missing
1785858889,12653,missing
1785858889,12654,missing
1785858890,12655,missing
1785858890,12668,ok
1785858891,12661,missing
1785858891,12662,missing
1785858891,12658,missing
1785858891,12660,missing
1785858891,12671,ok
1785858891,12663,missing
1785858891,12665,missing
1785858892,12666,missing
1785858892,12648,missing
1785858892,12669,missing
1785858892,12681,ok
1785858893,12672,missing
1785858893,12679,ok
1785858893,12673,missing
1785858893,12664,missing
1785858894,12670,missing
1785858894,12667,missing
1785858894,12675,missing
1785858895,12677,missing
1785858895,12678,missing
1785858895,12674,missing
1785858895,12691,ok
1785858895,12676,missing
1785858895,12680,missing
1785858895,12682,missing
1785858895,12683,missing
1785858896,12684,missing
1785858896,12685,missing
1785858896,12688,missing
1785858896,12686,missing
1785858897,12698,ok
1785858897,12690,missing
1785858897,12687,missing
1785858897,12689,missing
1785858897,12705,ok
1785858898,12692,missing
1785858898,12693,missing
1785858898,12696,missing
1785858898,12694,missing
1785858899,12699,missing
1785858899,12712,ok
1785858899,12702,missing
1785858899,12695,missing
1785858899,12700,missing
1785858900,12703,missing
1785858900,12701,missing
1785858900,12697,missing
1785858900,12706,missing
1785858901,12707,missing
1785858901,12704,missing
1785858901,12710,missing
1785858901,12711,missing
1785858901,12709,missing
1785858902,12713,missing
1785858902,12708,missing
1785858902,12725,ok
1785858903,12718,missing
1785858903,12719,missing
1785858903,12720,missing
1785858903,12717,missing
1785858903,12715,missing
1785858903,12714,missing
1785858903,12716,missing
1785858904,12734,ok
1785858904,12722,missing
1785858904,12732,ok
1785858904,12724,missing
1785858904,12726,missing
1785858904,12727,missing
1785858904,12721,missing
1785858905,12742,ok
1785858905,12729,missing
1785858905,12723,missing
1785858905,12730,missing
1785858906,12731,missing
1785858906,12735,missing
1785858906,12736,missing
1785858907,12728,missing
1785858907,12745,ok
1785858907,12733,missing
1785858907,12738,missing
1785858907,12746,ok
1785858907,12739,missing
1785858908,12744,missing
1785858908,12737,missing
1785858908,12740,missing
1785858908,12750,ok
1785858908,12743,missing
1785858908,12747,missing
1785858908,12760,ok
1785858909,12741,missing
1785858909,12748,missing
1785858910,12749,missing
1785858910,12766,ok
1785858910,12765,ok
1785858910,12754,missing
1785858910,12755,missing
1785858910,12751,missing
1785858910,12752,missing
1785858911,12753,missing
1785858911,12758,missing
1785858911,12759,missing
1785858911,12757,missing
1785858911,12756,missing
1785858912,12761,missing
1785858912,12763,missing
1785858913,12762,missing
1785858913,12764,missing
1785858913,12777,ok
1785858914,12773,missing
1785858914,12771,missing
1785858914,12769,missing
1785858914,12783,ok
1785858914,12768,missing
1785858914,12772,missing
1785858914,12776,missing
1785858914,12775,missing
1785858914,12770,missing
1785858914,12778,missing
1785858915,12788,ok
1785858915,12774,missing
1785858915,12792,ok
1785858915,12779,missing
1785858916,12795,ok
1785858916,12794,ok
1785858916,12781,missing
1785858916,12780,missing
1785858916,12782,missing
1785858917,12784,missing
1785858917,12789,missing
1785858917,12767,missing
1785858917,12786,missing
1785858918,12791,missing
1785858918,12787,missing
1785858919,12796,missing
1785858919,12790,missing
1785858919,12808,ok
1785858919,12798,missing
1785858919,12797,missing
1785858919,12800,missing
1785858919,12785,missing
1785858920,12793,missing
1785858920,12802,missing
1785858920,12801,missing
1785858920,12803,missing
1785858920,12799,missing
1785858920,12812,ok
1785858921,12805,missing
1785858921,12806,missing
1785858921,12810,ok
1785858921,12818,ok
1785858921,12813,ok
1785858921,12804,missing
1785858921,12823,ok
1785858922,12807,missing
1785858922,12811,missing
1785858923,12814,missing
1785858923,12809,missing
1785858923,12815,missing
1785858923,12816,missing
1785858924,12821,missing
1785858924,12820,missing
1785858925,12827,missing
1785858925,12822,missing
1785858925,12824,missing
1785858925,12828,missing
1785858925,12826,missing
1785858926,12819,missing
1785858926,12837,ok
1785858926,12831,missing
1785858926,12825,missing
1785858926,12829,missing
1785858926,12830,missing
1785858926,12832,missing
1785858926,12840,ok
1785858927,12834,missing
1785858927,12843,ok
1785858927,12833,missing
1785858927,12846,ok
1785858927,12835,missing
1785858927,12847,ok
1785858927,12850,ok
1785858927,12852,ok
1785858928,12836,missing
1785858928,12853,ok
1785858928,12856,ok
1785858928,12817,ok
1785858929,12838,missing
1785858929,12841,missing
1785858929,12842,missing
1785858929,12849,missing
1785858930,12844,missing
1785858930,12848,missing
1785858930,12845,missing
1785858931,12865,ok
1785858931,12839,missing
1785858931,12851,missing
1785858931,12857,missing
1785858931,12855,missing
1785858931,12854,missing
1785858932,12870,ok
1785858932,12859,missing
1785858932,12869,ok
1785858932,12858,missing
1785858932,12860,missing
1785858933,12863,missing
1785858933,12864,missing
1785858933,12867,missing
1785858933,12862,missing
1785858933,12866,missing
1785858933,12879,ok
1785858934,12868,missing
1785858934,12871,missing
1785858934,12872,missing
1785858935,12873,missing
1785858935,12875,missing
1785858935,12874,missing
1785858936,12876,missing
1785858936,12877,missing
1785858936,12881,missing
1785858936,12880,missing
1785858936,12883,missing
1785858937,12893,ok
1785858937,12885,missing
1785858937,12878,missing
1785858937,12884,missing
1785858937,12882,missing
1785858937,12889,ok
1785858937,12886,missing
1785858938,12887,missing
1785858939,12892,missing
1785858939,12890,missing
1785858940,12861,missing
1785858940,12891,missing
1785858940,12897,missing
1785858940,12895,missing
1785858940,12898,missing
1785858940,12899,missing
1785858940,12896,missing
1785858940,12894,missing
1785858940,12900,missing
1785858940,12888,missing
1785858941,12902,missing
1785858941,12904,missing
1785858941,12903,missing
1785858941,12901,missing
1785858941,12911,ok
1785858942,12906,missing
1785858942,12905,missing
1785858943,12922,ok
1785858943,12912,missing
1785858943,12907,missing
1785858944,12909,missing
1785858944,12916,missing
1785858944,12913,missing
1785858944,12914,missing
1785858944,12915,missing
1785858944,12918,missing
1785858945,12920,missing
1785858945,12910,missing
1785858945,12908,missing
1785858945,12926,ok
1785858945,12917,missing
1785858945,12931,ok
1785858945,12921,missing
1785858945,12930,ok
1785858945,12919,missing
1785858946,12923,missing
1785858946,12934,ok
1785858946,12924,missing
1785858946,12936,ok
1785858947,12927,missing
1785858947,12928,missing
1785858947,12933,ok
1785858948,12925,missing
1785858948,12929,missing
1785858948,12935,missing
1785858948,12932,missing
1785858948,12937,missing
1785858948,12938,missing
1785858948,12941,missing
1785858949,12939,missing
1785858949,12942,missing
1785858949,12956,ok
1785858950,12943,missing
1785858950,12953,ok
1785858950,12945,missing
1785858950,12947,missing
1785858950,12940,missing
1785858951,12944,missing
1785858951,12948,missing
1785858951,12960,ok
1785858951,12951,missing
1785858951,12950,missing
1785858951,12946,missing
1785858952,12952,missing
1785858952,12954,missing
1785858952,12955,missing
1785858953,12970,ok
1785858953,12957,missing
1785858953,12963,ok
1785858953,12949,missing
1785858953,12959,missing
1785858953,12964,ok
1785858954,12958,missing
1785858954,12961,missing
1785858954,12962,missing
1785858954,12973,ok
1785858954,12967,missing
1785858954,12965,missing
1785858955,12968,missing
1785858955,12969,missing
1785858955,12979,ok
1785858955,12972,missing
1785858955,12966,missing
1785858955,12971,missing
1785858956,12989,ok
1785858956,12974,missing
1785858956,12976,missing
1785858957,12977,missing
1785858957,12975,missing
1785858957,12991,ok
1785858957,12982,missing
1785858957,12978,missing
1785858957,12980,missing
1785858957,12993,ok
1785858958,12983,missing
1785858958,12981,missing
1785858958,12985,missing
1785858958,12986,missing
1785858958,12987,missing
1785858959,12990,missing
1785858959,12988,missing
1785858959,12984,missing
1785858959,13004,ok
1785858960,13009,ok
1785858960,12992,missing
1785858960,12995,missing
1785858961,12994,missing
1785858961,12998,missing
1785858961,12996,missing
1785858961,13002,missing
1785858961,12997,missing
1785858961,13003,missing
1785858961,13001,missing
1785858961,13005,missing
1785858961,13000,missing
1785858962,12999,missing
1785858962,13019,ok
1785858962,13008,missing
1785858962,13006,missing
1785858962,13017,ok
1785858963,13024,ok
1785858963,13025,ok
1785858964,13013,missing
1785858964,13015,missing
1785858964,13016,missing
1785858964,13012,missing
1785858964,13010,missing
1785858964,13011,missing
1785858964,13007,missing
1785858965,13018,missing
1785858965,13021,missing
1785858965,13014,missing
1785858965,13023,missing
1785858965,13020,missing
1785858965,13026,missing
1785858966,13037,ok
1785858966,13022,missing
1785858966,13027,missing
1785858967,13036,ok
1785858967,13030,missing
1785858967,13031,missing
1785858967,13041,ok
1785858967,13028,missing
1785858968,13029,missing
1785858968,13032,missing
1785858968,13034,missing
1785858968,13038,missing
1785858969,13035,missing
1785858969,13039,missing
1785858969,13050,ok
1785858969,13033,missing
1785858969,13042,missing
1785858970,13043,missing
1785858970,13040,missing
1785858970,13044,missing
1785858970,13045,missing
1785858971,13047,missing
1785858971,13059,ok
1785858971,13051,missing
1785858971,13061,ok
1785858971,13049,missing
1785858971,13052,missing
1785858972,13048,missing
1785858972,13054,missing
1785858972,13046,missing
1785858972,13053,missing
1785858972,13056,missing
1785858972,13065,ok
1785858972,13057,missing
1785858972,13055,missing
1785858973,13058,missing
1785858973,13067,ok
1785858973,13060,missing
1785858973,13072,ok
1785858974,13064,missing
1785858974,13063,missing
1785858974,13068,missing
1785858975,13062,missing
1785858975,13081,ok
1785858975,13066,missing
1785858975,13073,missing
1785858975,13074,missing
1785858975,13070,missing
1785858975,13071,missing
1785858976,13082,ok
1785858976,13085,ok
1785858976,13075,missing
1785858976,13077,missing
1785858976,13076,missing
1785858976,13069,missing
1785858976,13080,missing
1785858977,13087,ok
1785858977,13079,missing
1785858977,13078,missing
1785858978,13099,ok
1785858978,13084,missing
1785858978,13083,missing
1785858979,13088,missing
1785858979,13086,missing
1785858979,13096,ok
1785858979,13089,missing
1785858979,13091,missing
1785858980,13090,missing
1785858980,13093,missing
1785858980,13095,missing
1785858980,13094,missing
1785858980,13103,ok
1785858980,13097,missing
1785858980,13098,missing
1785858981,13110,ok
1785858981,13109,ok
1785858981,13092,missing
1785858981,13100,missing
1785858981,13101,missing
1785858982,13102,missing
1785858982,13117,ok
1785858982,13115,ok
1785858982,13105,missing
1785858982,13106,missing
1785858982,13104,missing
1785858982,13116,ok
1785858983,13107,missing
1785858983,13111,missing
1785858983,13108,missing
1785858983,13122,ok
1785858983,13126,ok
1785858984,13113,missing
1785858984,13130,ok
1785858984,13114,missing
1785858984,13128,ok
1785858984,13119,missing
1785858985,13118,missing
1785858985,13131,ok
1785858985,13112,missing
1785858985,13121,missing
1785858985,13134,ok
1785858985,13123,missing
1785858985,13125,missing
1785858985,13120,missing
1785858986,13140,ok
1785858986,13129,missing
1785858987,13127,missing
1785858987,13133,missing
1785858987,13124,missing
1785858987,13145,ok
1785858987,13132,missing
1785858988,13136,missing
1785858988,13149,ok
1785858988,13135,missing
1785858988,13137,missing
1785858988,13142,missing
1785858988,13139,missing
1785858989,13143,missing
1785858989,13141,missing
1785858989,13138,missing
1785858990,13146,missing
1785858990,13160,ok
1785858990,13157,ok
1785858990,13144,missing
1785858991,13151,missing
1785858991,13150,missing
1785858991,13147,missing
1785858991,13154,missing
1785858991,13152,missing
1785858991,13156,missing
1785858991,13155,missing
1785858992,13153,missing
1785858992,13170,ok
1785858992,13148,missing
1785858993,13159,missing
1785858993,13158,missing
1785858993,13162,missing
1785858993,13161,missing
1785858993,13164,missing
1785858994,13165,missing
1785858994,13167,missing
1785858994,13163,missing
1785858994,13168,missing
1785858994,13166,missing
1785858995,13178,ok
1785858995,13173,missing
1785858995,13185,ok
1785858995,13184,ok
1785858995,13175,missing
1785858995,13171,missing
1785858996,13186,ok
1785858996,13172,missing
1785858996,13182,ok
1785858996,13177,missing
1785858996,13179,missing
1785858997,13192,ok
1785858997,13176,missing
1785858997,13174,missing
1785858998,13180,missing
1785858998,13183,missing
1785858998,13181,missing
1785858998,13169,missing
1785858999,13188,missing
1785858999,13189,missing
1785858999,13187,missing
1785858999,13199,ok
1785858999,13191,missing
1785859000,13205,ok
1785859000,13201,ok
1785859000,13206,ok
1785859000,13196,missing
1785859000,13193,missing
1785859000,13197,missing
1785859000,13195,missing
1785859000,13194,missing
1785859001,13210,ok
1785859001,13190,missing
1785859001,13207,ok
1785859001,13212,ok
1785859001,13200,missing
1785859002,13214,ok
1785859002,13202,missing
1785859002,13219,ok
1785859002,13203,missing
1785859002,13221,ok
1785859002,13204,missing
1785859002,13223,ok
1785859003,13209,missing
1785859003,13208,missing
1785859003,13213,missing
1785859004,13198,missing
1785859004,13217,missing
1785859004,13215,missing
1785859004,13218,missing
1785859005,13211,missing
1785859005,13220,missing
1785859005,13216,missing
1785859005,13224,missing
1785859006,13233,ok
1785859006,13234,ok
1785859006,13225,missing
1785859006,13226,missing
1785859006,13222,missing
1785859006,13237,ok
1785859006,13227,missing
1785859006,13229,missing
1785859006,13238,ok
1785859006,13236,ok
1785859006,13230,missing
1785859007,13228,missing
1785859007,13232,missing
1785859008,13235,ok
1785859008,13231,missing
1785859008,13239,missing
1785859008,13248,ok
1785859009,13252,ok
1785859009,13240,missing
1785859009,13241,missing
1785859009,13245,missing
1785859009,13256,ok
1785859009,13247,missing
1785859010,13249,missing
1785859010,13243,missing
1785859010,13244,missing
1785859010,13242,missing
1785859010,13250,missing
1785859010,13251,missing
1785859011,13246,missing
1785859011,13263,ok
1785859011,13265,ok
1785859011,13254,missing
1785859012,13253,missing
1785859012,13255,missing
1785859013,13261,missing
1785859013,13260,missing
1785859013,13259,missing
1785859013,13267,missing
1785859013,13262,missing
1785859013,13258,missing
1785859014,13264,missing
1785859014,13266,missing
1785859014,13268,missing
1785859014,13269,missing
1785859015,13270,missing
1785859015,13271,missing
1785859015,13282,ok
1785859015,13274,missing
1785859016,13272,missing
1785859016,13273,missing
1785859016,13257,missing
1785859016,13275,missing
1785859017,13278,missing
1785859017,13277,missing
1785859017,13279,missing
1785859017,13280,missing
1785859017,13276,missing
1785859017,13284,missing
1785859018,13283,missing
1785859018,13281,missing
1785859018,13297,ok
1785859018,13298,ok
1785859018,13285,missing
1785859018,13286,missing
1785859018,13288,missing
1785859019,13287,missing
1785859019,13289,missing
1785859019,13306,ok
1785859019,13304,ok
1785859019,13303,ok
1785859020,13290,missing
1785859020,13291,missing
1785859021,13292,missing
1785859021,13295,missing
1785859021,13293,missing
1785859021,13299,missing
1785859021,13294,missing
1785859021,13296,missing
1785859021,13300,missing
1785859022,13302,missing
1785859022,13318,ok
1785859022,13305,missing
1785859022,13301,missing
1785859022,13307,missing
1785859022,13316,ok
1785859023,13309,missing
1785859023,13310,missing
1785859024,13312,missing
1785859024,13314,missing
1785859024,13311,missing
1785859024,13327,ok
1785859024,13308,missing
1785859025,13317,missing
1785859025,13313,missing
1785859025,13332,ok
1785859025,13323,missing
1785859026,13320,missing
1785859026,13315,missing
1785859026,13324,missing
1785859026,13321,missing
1785859026,13322,missing
1785859026,13326,missing
1785859026,13325,missing
1785859026,13319,ok
1785859027,13329,missing
1785859027,13328,missing
1785859028,13331,missing
1785859028,13330,missing
1785859028,13333,missing
1785859028,13334,missing
1785859029,13337,missing
1785859029,13340,missing
1785859029,13341,missing
1785859029,13335,missing
1785859029,13336,missing
1785859029,13342,missing
1785859029,13344,missing
1785859029,13338,missing
1785859029,13339,missing
1785859030,13349,ok
1785859030,13353,ok
1785859030,13343,missing
1785859030,13345,missing
1785859031,13355,ok
1785859031,13347,missing
1785859031,13362,ok
1785859031,13359,ok
1785859031,13363,ok
1785859031,13346,missing
1785859032,13348,missing
1785859032,13365,ok
1785859032,13364,ok
1785859032,13366,ok
1785859032,13350,missing
1785859032,13351,missing
1785859032,13354,missing
1785859033,13370,ok
1785859033,13372,ok
1785859033,13360,missing
1785859033,13356,missing
1785859033,13368,ok
1785859033,13374,ok
1785859033,13361,missing
1785859033,13352,missing
1785859033,13376,ok
1785859033,13358,missing
1785859034,13357,missing
1785859034,13378,ok
1785859035,13367,missing
1785859035,13388,ok
1785859035,13369,missing
1785859035,13375,missing
1785859035,13371,missing
1785859036,13373,missing
1785859036,13379,missing
1785859036,13377,missing
1785859036,13383,missing
1785859037,13380,missing
1785859037,13384,missing
1785859037,13387,missing
1785859037,13386,missing
1785859037,13382,missing
1785859037,13381,missing
1785859037,13396,ok
1785859037,13385,missing
1785859037,13397,ok
1785859038,13395,ok
1785859038,13389,missing
1785859038,13400,ok
1785859038,13390,missing
1785859038,13404,ok
1785859038,13407,ok
1785859039,13392,missing
1785859039,13393,missing
1785859039,13391,missing
1785859039,13394,missing
1785859040,13414,ok
1785859040,13398,missing
1785859040,13399,missing
1785859041,13406,missing
1785859041,13403,missing
1785859041,13402,missing
1785859041,13419,ok
1785859041,13415,ok
1785859042,13408,missing
1785859042,13401,missing
1785859042,13422,ok
1785859042,13412,missing
1785859042,13413,missing
1785859042,13411,missing
1785859042,13409,missing
1785859042,13428,ok
1785859042,13425,ok
1785859042,13427,ok
1785859043,13416,missing
1785859043,13405,missing
1785859043,13417,missing
1785859043,13431,ok
1785859044,13410,missing
1785859044,13420,missing
1785859044,13421,missing
1785859045,13423,missing
1785859045,13430,missing
1785859045,13432,missing
1785859045,13433,missing
1785859045,13424,missing
1785859046,13426,missing
1785859046,13418,missing
1785859046,13434,missing
1785859046,13429,missing
1785859046,13446,ok
1785859046,13435,missing
1785859047,13444,ok
1785859047,13445,ok
1785859047,13437,missing
1785859047,13449,ok
1785859047,13438,missing
1785859047,13440,missing
1785859047,13439,missing
1785859047,13436,missing
1785859048,13450,ok
1785859049,13441,missing
1785859049,13448,missing
1785859049,13442,missing
1785859049,13443,missing
1785859049,13447,missing
1785859050,13455,missing
1785859050,13451,missing
1785859050,13463,ok
1785859050,13457,missing
1785859050,13459,missing
1785859051,13452,missing
1785859051,13458,missing
1785859051,13453,missing
1785859051,13454,missing
1785859051,13461,missing
1785859051,13460,missing
1785859051,13456,missing
1785859052,13476,ok
1785859052,13474,ok
1785859053,13465,missing
1785859053,13462,missing
1785859053,13464,missing
1785859054,13466,missing
1785859054,13471,missing
1785859054,13469,missing
1785859054,13473,missing
1785859054,13470,missing
1785859054,13467,missing
1785859054,13472,missing
1785859055,13475,missing
1785859055,13477,missing
1785859055,13478,missing
1785859055,13468,missing
1785859056,13480,missing
1785859056,13479,missing
1785859056,13481,missing
1785859057,13482,missing
1785859057,13483,missing
1785859057,13484,missing
1785859057,13488,missing
1785859057,13485,missing
1785859057,13486,missing
1785859058,13496,ok
1785859058,13487,missing
1785859058,13489,missing
1785859058,13492,missing
1785859058,13491,missing
1785859058,13493,missing
1785859059,13504,ok
1785859059,13490,missing
1785859059,13503,ok
1785859059,13494,missing
1785859059,13508,ok
1785859060,13497,missing
1785859060,13495,missing
1785859060,13498,missing
1785859060,13500,missing
1785859060,13507,ok
1785859060,13501,missing
1785859060,13510,ok
1785859061,13502,missing
1785859061,13499,missing
1785859061,13509,ok
1785859061,13506,missing
1785859061,13505,missing
1785859062,13522,ok
1785859062,13526,ok
1785859062,13513,missing
1785859063,13512,missing
1785859063,13515,missing
1785859063,13527,ok
1785859063,13511,missing
1785859063,13514,missing
1785859064,13517,missing
1785859064,13519,missing
1785859064,13520,missing
1785859064,13516,missing
1785859064,13532,ok
1785859064,13518,missing
1785859064,13523,missing
1785859065,13525,missing
1785859065,13521,missing
1785859065,13524,missing
1785859065,13528,missing
1785859066,13529,missing
1785859067,13534,missing
1785859067,13533,missing
1785859067,13530,missing
1785859067,13531,missing
1785859067,13539,missing
1785859067,13535,missing
1785859067,13540,missing
1785859068,13542,missing
1785859068,13536,missing
1785859068,13537,missing
1785859068,13550,ok
1785859068,13538,missing
1785859068,13543,missing
1785859069,13551,ok
1785859069,13544,missing
1785859069,13557,ok
1785859069,13545,missing
1785859069,13546,missing
1785859069,13541,missing
1785859070,13562,ok
1785859070,13549,missing
1785859070,13548,missing
1785859071,13553,missing
1785859071,13555,missing
1785859071,13547,missing
1785859071,13554,missing
1785859072,13559,missing
1785859072,13552,missing
1785859072,13556,missing
1785859072,13561,missing
1785859072,13558,missing
1785859072,13560,missing
1785859073,13564,missing
1785859073,13563,missing
1785859073,13568,ok
1785859073,13565,missing
1785859073,13566,missing
1785859073,13567,missing
1785859074,13570,missing
1785859075,13571,missing
1785859075,13569,missing
1785859075,13572,missing
1785859075,13573,missing
1785859075,13575,missing
1785859076,13589,ok
1785859076,13578,missing
1785859076,13579,missing
1785859076,13577,missing
1785859076,13581,missing
1785859076,13582,missing
1785859076,13574,missing
1785859076,13580,missing
1785859077,13584,missing
1785859077,13583,missing
1785859078,13585,missing
1785859078,13587,missing
1785859078,13576,missing
1785859078,13588,missing
1785859078,13599,ok
1785859079,13586,missing
1785859079,13605,ok
1785859079,13591,missing
1785859080,13598,missing
1785859080,13590,missing
1785859080,13593,missing
1785859080,13606,ok
1785859080,13597,missing
1785859080,13594,missing
1785859080,13592,missing
1785859080,13595,missing
1785859080,13608,ok
1785859081,13600,missing
1785859081,13611,ok
1785859081,13617,ok
1785859082,13616,ok
1785859082,13602,missing
1785859082,13604,missing
1785859082,13596,missing
1785859082,13615,ok
1785859082,13603,missing
1785859082,13607,missing
1785859082,13601,missing
1785859083,13609,missing
1785859083,13625,ok
1785859083,13613,missing
1785859083,13628,ok
1785859084,13612,missing
1785859084,13614,missing
1785859084,13610,missing
1785859084,13618,missing
1785859085,13619,missing
1785859085,13622,missing
1785859085,13620,missing
1785859085,13623,missing
1785859085,13624,missing
1785859085,13621,missing
1785859086,13627,missing
1785859087,13626,missing
1785859087,13631,missing
1785859087,13629,missing
1785859087,13634,missing
1785859087,13633,missing
1785859088,13632,missing
1785859088,13630,missing
1785859088,13644,ok
1785859088,13636,missing
1785859088,13635,missing
1785859088,13638,missing
1785859088,13642,missing
1785859088,13637,missing
1785859089,13648,ok
1785859089,13641,missing
1785859089,13639,missing
1785859089,13640,missing
1785859090,13659,ok
1785859090,13653,ok
1785859090,13643,missing
1785859091,13645,missing
1785859091,13660,ok
1785859091,13646,missing
1785859091,13649,missing
1785859091,13650,missing
1785859091,13651,missing
1785859091,13652,missing
1785859091,13647,missing
1785859092,13657,missing
1785859092,13654,missing
1785859092,13658,missing
1785859092,13656,missing
1785859093,13655,missing
1785859093,13661,missing
1785859093,13662,missing
1785859093,13663,missing
1785859093,13669,ok
1785859094,13664,missing
1785859094,13667,missing
1785859094,13665,missing
1785859094,13668,missing
1785859095,13671,missing
1785859095,13666,missing
1785859095,13670,missing
1785859095,13673,missing
1785859096,13674,missing
1785859096,13675,missing
1785859096,13672,missing
1785859096,13687,ok
1785859096,13677,missing
1785859096,13678,missing
1785859097,13676,missing
1785859097,13679,missing
1785859097,13689,ok
1785859097,13680,missing
1785859097,13682,missing
1785859097,13688,ok
1785859098,13683,missing
1785859098,13696,ok
1785859098,13681,missing
1785859098,13684,missing
1785859099,13690,missing
1785859099,13693,missing
1785859100,13686,missing
1785859100,13685,missing
1785859100,13695,missing
1785859100,13694,missing
1785859100,13692,missing
1785859100,13697,missing
1785859100,13691,missing
1785859101,13699,missing
1785859101,13700,missing
1785859101,13701,missing
1785859101,13703,missing
1785859101,13702,missing
1785859102,13698,missing
1785859102,13704,missing
1785859102,13717,ok
1785859103,13707,missing
1785859103,13708,missing
1785859103,13705,missing
1785859103,13709,missing
1785859103,13710,missing
1785859103,13711,missing
1785859103,13706,missing
1785859104,13714,missing
1785859104,13713,missing
1785859104,13712,missing
1785859104,13715,missing
1785859104,13722,ok
1785859104,13716,missing
1785859105,13718,missing
1785859105,13719,missing
1785859105,13721,missing
1785859106,13734,ok
1785859106,13720,missing
1785859106,13725,missing
1785859106,13723,missing
1785859107,13724,missing
1785859107,13727,missing
1785859107,13728,missing
1785859108,13732,missing
1785859108,13733,missing
1785859108,13729,missing
1785859108,13726,missing
1785859108,13730,missing
1785859108,13731,missing
1785859108,13743,ok
1785859109,13736,missing
1785859109,13749,ok
1785859109,13735,missing
1785859109,13751,ok
1785859109,13737,missing
1785859110,13738,missing
1785859110,13741,missing
1785859110,13742,missing
1785859110,13739,missing
1785859111,13740,missing
1785859111,13744,missing
1785859111,13748,missing
1785859111,13747,missing
1785859111,13745,missing
1785859111,13746,missing
1785859112,13750,missing
1785859112,13752,missing
1785859112,13753,missing
1785859113,13755,missing
1785859113,13769,ok
1785859113,13756,missing
1785859113,13757,missing
1785859113,13760,missing
1785859114,13754,missing
1785859114,13758,missing
1785859114,13772,ok
1785859114,13761,missing
1785859115,13763,missing
1785859115,13766,missing
1785859115,13765,missing
1785859115,13759,missing
1785859115,13764,missing
1785859115,13767,missing
1785859115,13762,missing
1785859116,13780,ok
1785859116,13768,missing
1785859116,13771,missing
1785859116,13782,ok
1785859116,13775,ok
1785859117,13770,missing
1785859117,13774,missing
1785859117,13789,ok
1785859117,13773,missing
1785859118,13776,missing
1785859118,13792,ok
1785859118,13779,missing
1785859118,13778,missing
1785859118,13777,missing
1785859118,13784,missing
1785859119,13785,missing
1785859119,13781,missing
1785859119,13795,ok
1785859119,13786,missing
1785859119,13788,missing
1785859119,13799,ok
1785859120,13790,missing
1785859120,13796,ok
1785859120,13791,missing
1785859120,13783,missing
1785859120,13801,ok
1785859120,13797,ok
1785859120,13787,missing
1785859121,13808,ok
1785859122,13794,missing
1785859122,13800,missing
1785859122,13814,ok
1785859122,13798,missing
1785859122,13802,missing
1785859122,13803,missing
1785859122,13805,missing
1785859122,13804,missing
1785859123,13806,missing
1785859123,13810,missing
1785859123,13822,ok
1785859124,13813,missing
1785859124,13807,missing
1785859124,13809,missing
1785859124,13793,missing
1785859124,13812,missing
1785859124,13825,ok
1785859125,13828,ok
1785859125,13811,missing
1785859125,13827,ok
1785859125,13824,ok
1785859125,13818,missing
1785859125,13816,missing
1785859125,13817,missing
1785859126,13819,missing
1785859126,13815,missing
1785859126,13821,missing
1785859126,13823,missing
1785859126,13835,ok
1785859126,13820,missing
1785859127,13826,missing
1785859127,13839,ok
1785859128,13829,missing
1785859128,13831,missing
1785859128,13834,missing
1785859129,13836,missing
1785859129,13837,missing
1785859129,13833,missing
1785859129,13832,missing
1785859129,13840,missing
1785859129,13847,ok
1785859129,13838,missing
1785859129,13830,missing
1785859129,13849,ok
1785859129,13842,missing
1785859130,13844,missing
1785859130,13843,missing
1785859130,13854,ok
1785859130,13841,missing
1785859131,13846,missing
1785859131,13845,missing
1785859132,13848,missing
1785859132,13865,ok
1785859132,13850,missing
1785859132,13851,missing
1785859133,13858,missing
1785859133,13856,missing
1785859133,13852,missing
1785859133,13853,missing
1785859133,13855,missing
1785859133,13862,missing
1785859134,13859,missing
1785859134,13861,missing
1785859134,13860,missing
1785859134,13867,ok
1785859134,13857,missing
1785859134,13864,missing
1785859134,13863,missing
1785859134,13875,ok
1785859135,13879,ok
1785859135,13881,ok
1785859136,13868,missing
1785859136,13871,missing
1785859136,13866,missing
1785859136,13872,missing
1785859136,13870,missing
1785859136,13873,missing
1785859136,13885,ok
1785859136,13869,missing
1785859136,13884,ok
1785859137,13876,missing
1785859137,13888,ok
1785859137,13874,missing
1785859138,13883,missing
1785859138,13877,missing
1785859138,13878,missing
1785859138,13880,missing
1785859138,13882,missing
1785859140,13887,missing
1785859140,13893,missing
1785859140,13894,missing
1785859140,13889,missing
1785859140,13886,missing
1785859140,13892,missing
1785859140,13896,missing
1785859140,13890,missing
1785859140,13891,missing
1785859140,13904,ok
1785859141,13895,missing
1785859141,13898,missing
1785859141,13897,missing
1785859141,13899,missing
1785859142,13900,missing
1785859142,13912,ok
1785859142,13901,missing
1785859142,13902,missing
1785859143,13907,missing
1785859143,13918,ok
1785859143,13920,ok
1785859143,13908,missing
1785859143,13906,missing
1785859144,13911,missing
1785859144,13903,missing
1785859144,13909,missing
1785859144,13913,missing
1785859144,13915,missing
1785859144,13910,missing
1785859144,13905,missing
1785859145,13916,missing
1785859146,13919,missing
1785859146,13914,missing
1785859146,13917,missing
1785859147,13923,missing
1785859147,13924,missing
1785859147,13922,missing
1785859147,13925,missing
1785859147,13928,missing
1785859147,13921,missing
1785859147,13929,missing
1785859147,13927,missing
1785859148,13932,missing
1785859148,13933,missing
1785859148,13931,missing
1785859148,13930,missing
1785859148,13926,missing
1785859149,13940,ok
1785859149,13934,missing
1785859150,13937,missing
1785859150,13941,missing
1785859150,13942,missing
1785859151,13938,missing
1785859151,13935,missing
1785859151,13943,missing
1785859151,13944,missing
1785859151,13948,missing
1785859151,13947,missing
1785859151,13936,missing
1785859151,13945,missing
1785859152,13939,missing
1785859152,13949,missing
1785859152,13946,missing
1785859153,13951,missing
1785859153,13962,ok
1785859153,13950,missing
1785859154,13952,missing
1785859154,13953,missing
1785859154,13965,ok
1785859154,13961,ok
1785859154,13955,missing
1785859154,13954,missing
1785859154,13956,missing
1785859154,13958,missing
1785859154,13959,missing
1785859155,13970,ok
1785859155,13969,ok
1785859155,13967,ok
1785859155,13964,missing
1785859155,13960,missing
1785859155,13963,missing
1785859156,13957,missing
1785859157,13972,missing
1785859157,13966,missing
1785859157,13973,missing
1785859157,13968,missing
1785859158,13974,missing
1785859158,13971,missing
1785859158,13979,missing
1785859158,13976,missing
1785859158,13977,missing
1785859158,13975,missing
1785859159,13989,ok
1785859159,13986,ok
1785859159,13983,missing
1785859159,13984,missing
1785859159,13980,missing
1785859159,13981,missing
1785859159,13978,missing
1785859159,13990,ok
1785859159,13982,missing
1785859161,13985,missing
1785859161,13988,missing
1785859161,13991,missing
1785859162,13992,missing
1785859162,13993,missing
1785859162,13996,missing
1785859162,13997,missing
1785859162,13987,missing
1785859162,13995,missing
1785859163,13998,missing
1785859163,13999,missing
1785859163,14001,missing
1785859163,14002,missing
1785859163,14003,missing
1785859163,14000,missing
1785859163,14013,ok
1785859163,13994,missing
1785859164,14014,ok
1785859164,14004,missing
1785859165,14007,missing
1785859165,14005,missing
1785859165,14006,missing
1785859165,14008,missing
1785859166,14012,missing
1785859166,14024,ok
1785859166,14009,missing
1785859166,14017,missing
1785859166,14010,missing
1785859166,14015,missing
1785859166,14020,missing
1785859167,14016,missing
1785859167,14019,missing
1785859167,14018,missing
1785859167,14011,missing
1785859167,14029,ok
1785859167,14021,missing
1785859168,14022,missing
1785859168,14034,ok
1785859169,14023,missing
1785859169,14025,missing
1785859169,14027,missing
1785859170,14026,missing
1785859170,14028,missing
1785859170,14030,missing
1785859170,14035,missing
1785859170,14037,missing
1785859170,14033,missing
1785859170,14038,missing
1785859171,14036,missing
1785859171,14032,missing
1785859171,14048,ok
1785859171,14047,ok
1785859171,14050,ok
1785859172,14040,missing
1785859172,14031,missing
1785859173,14043,missing
1785859173,14042,missing
1785859173,14041,missing
1785859173,14039,missing
1785859173,14044,missing
1785859173,14045,missing
1785859173,14046,missing
1785859174,14053,missing
1785859174,14060,ok
1785859174,14049,missing
1785859174,14052,missing
1785859174,14055,missing
1785859174,14051,missing
1785859175,14058,missing
1785859175,14056,missing
1785859175,14054,missing
1785859175,14071,ok
1785859175,14057,missing
1785859176,14075,ok
1785859176,14061,missing
1785859176,14059,missing
1785859177,14077,ok
1785859177,14062,missing
1785859177,14067,missing
1785859177,14078,ok
1785859177,14068,missing
1785859177,14066,missing
1785859177,14064,missing
1785859177,14063,missing
1785859178,14065,missing
1785859178,14069,missing
1785859178,14070,missing
1785859179,14072,missing
1785859179,14076,missing
1785859179,14074,missing
1785859179,14073,missing
1785859180,14081,missing
1785859181,14079,missing
1785859181,14088,missing
1785859181,14085,missing
1785859181,14083,missing
1785859181,14084,missing
1785859181,14086,missing
1785859182,14090,missing
1785859182,14082,missing
1785859182,14098,ok
1785859182,14097,ok
1785859182,14087,missing
1785859182,14096,ok
1785859182,14091,missing
1785859182,14093,missing
1785859182,14092,missing
1785859182,14089,missing
1785859183,14080,missing
1785859183,14105,ok
1785859184,14094,missing
1785859184,14112,ok
1785859184,14095,missing
1785859184,14100,missing
1785859185,14101,missing
1785859185,14106,missing
1785859185,14102,missing
1785859185,14103,missing
1785859186,14104,missing
1785859186,14099,missing
1785859186,14111,missing
1785859186,14108,missing
1785859186,14109,missing
1785859186,14110,missing
1785859186,14107,missing
1785859187,14121,ok
1785859187,14114,ok
1785859187,14115,missing
1785859187,14125,ok
1785859188,14117,missing
1785859188,14113,missing
1785859188,14118,missing
1785859188,14116,missing
1785859189,14133,ok
1785859189,14122,missing
1785859189,14124,missing
1785859189,14120,missing
1785859189,14126,missing
1785859189,14123,missing
1785859190,14128,missing
1785859190,14130,missing
1785859190,14140,ok
1785859190,14127,missing
1785859190,14129,missing
1785859190,14119,missing
1785859191,14141,ok
1785859191,14132,missing
1785859191,14143,ok
1785859191,14135,missing
1785859191,14134,missing
1785859192,14147,ok
1785859192,14136,missing
1785859192,14139,missing
1785859192,14145,ok
1785859192,14137,missing
1785859193,14142,missing
1785859193,14138,missing
1785859193,14131,missing
1785859194,14146,missing
1785859194,14144,missing
1785859194,14151,missing
1785859195,14149,missing
1785859195,14152,missing
1785859195,14161,ok
1785859195,14148,missing
1785859195,14163,ok
1785859195,14154,missing
1785859195,14156,missing
1785859195,14150,missing
1785859195,14157,missing
1785859196,14153,missing
1785859196,14158,missing
1785859196,14165,ok
1785859196,14159,missing
1785859197,14172,ok
1785859197,14162,missing
1785859197,14160,missing
1785859199,14173,missing
1785859199,14169,missing
1785859199,14164,missing
1785859199,14155,missing
1785859199,14166,missing
1785859199,14168,missing
1785859200,14171,missing
1785859200,14170,missing
1785859200,14174,missing
1785859200,14177,missing
1785859200,14181,ok
1785859200,14176,missing
1785859200,14167,missing
1785859200,14178,missing
1785859200,14175,missing
1785859200,14179,missing
1785859201,14193,ok
1785859201,14192,ok
1785859202,14191,ok
1785859202,14180,missing
1785859202,14183,missing
1785859202,14185,missing
1785859203,14200,ok
1785859203,14184,missing
1785859203,14188,missing
1785859203,14182,missing
1785859203,14186,missing
1785859203,14202,ok
1785859204,14189,missing
1785859204,14187,missing
1785859204,14203,ok
1785859204,14190,missing
1785859204,14195,missing
1785859204,14197,missing
1785859204,14196,missing
1785859205,14198,missing
1785859205,14215,ok
1785859205,14194,missing
1785859205,14199,missing
1785859206,14201,missing
1785859207,14205,missing
1785859207,14204,missing
1785859207,14209,missing
1785859207,14207,missing
1785859207,14220,ok
1785859208,14214,missing
1785859208,14212,missing
1785859208,14213,missing
1785859208,14210,missing
1785859208,14211,missing
1785859208,14216,missing
1785859208,14222,ok
1785859208,14206,missing
1785859209,14208,missing
1785859209,14218,missing
1785859209,14227,ok
1785859209,14229,ok
1785859209,14219,missing
1785859210,14217,missing
1785859210,14221,missing
1785859210,14224,missing
1785859211,14225,missing
1785859211,14226,missing
1785859211,14232,missing
1785859212,14231,missing
1785859212,14235,missing
1785859212,14244,ok
1785859212,14233,missing
1785859212,14234,missing
1785859212,14228,missing
1785859213,14230,missing
1785859213,14236,missing
1785859213,14238,missing
1785859213,14223,missing
1785859213,14237,missing
1785859213,14248,ok
1785859214,14240,missing
1785859214,14239,missing
1785859214,14252,ok
1785859214,14242,missing
1785859215,14254,ok
1785859215,14245,missing
1785859215,14241,missing
1785859215,14243,missing
1785859216,14249,missing
1785859216,14246,missing
1785859216,14251,missing
1785859216,14247,missing
1785859216,14264,ok
1785859217,14257,missing
1785859217,14256,missing
1785859217,14250,missing
1785859217,14255,missing
1785859218,14253,missing
1785859218,14259,missing
1785859218,14258,missing
1785859218,14260,missing
1785859218,14262,missing
1785859218,14269,ok
1785859219,14261,missing
1785859219,14265,missing
1785859219,14267,missing
1785859219,14266,missing
1785859220,14275,ok
1785859220,14271,missing
1785859221,14263,missing
1785859221,14268,missing
1785859221,14273,ok
1785859221,14270,missing
1785859221,14286,ok
1785859221,14278,missing
1785859221,14272,missing
1785859222,14276,missing
1785859222,14279,missing
1785859222,14274,missing
1785859222,14277,missing
1785859222,14288,ok
1785859223,14291,ok
1785859223,14290,ok
1785859223,14283,missing
1785859223,14280,missing
1785859223,14282,missing
1785859223,14281,missing
1785859223,14289,ok
1785859223,14285,missing
1785859224,14299,ok
1785859224,14287,missing
1785859225,14284,missing
1785859225,14295,missing
1785859226,14292,missing
1785859226,14298,missing
1785859226,14297,missing
1785859226,14301,missing
1785859226,14294,missing
1785859227,14304,missing
1785859227,14311,ok
1785859227,14293,missing
1785859227,14310,ok
1785859227,14300,missing
1785859227,14307,missing
1785859227,14303,missing
1785859228,14306,missing
1785859228,14317,ok
1785859228,14305,missing
1785859228,14308,missing
1785859229,14309,missing
1785859229,14296,missing
1785859229,14322,ok
1785859229,14312,missing
1785859230,14313,missing
1785859230,14315,missing
1785859231,14319,missing
1785859231,14321,missing
1785859231,14320,missing
1785859231,14314,missing
1785859231,14318,missing
1785859231,14328,ok
1785859232,14324,missing
1785859232,14325,missing
1785859232,14323,missing
1785859233,14327,missing
1785859233,14302,missing
1785859233,14329,missing
1785859233,14316,missing
1785859234,14330,missing
1785859234,14334,missing
1785859234,14340,ok
1785859234,14335,missing
1785859234,14332,missing
1785859234,14326,missing
1785859235,14331,missing
1785859235,14337,missing
1785859235,14336,missing
1785859235,14333,missing
1785859235,14347,ok
1785859235,14338,missing
1785859236,14342,ok
1785859236,14349,ok
1785859236,14341,missing
1785859236,14339,missing
1785859237,14344,missing
1785859237,14343,missing
1785859238,14345,missing
1785859238,14357,ok
1785859238,14348,missing
1785859238,14346,missing
1785859238,14352,missing
1785859238,14355,missing
1785859239,14350,missing
1785859239,14356,missing
1785859239,14353,missing
1785859239,14358,missing
1785859239,14366,ok
1785859239,14359,missing
1785859240,14354,missing
1785859240,14367,ok
1785859240,14360,missing
1785859240,14361,missing
1785859241,14351,missing
1785859241,14362,missing
1785859241,14364,missing
1785859242,14363,missing
1785859242,14370,missing
1785859242,14365,missing
1785859242,14371,missing
1785859242,14368,missing
1785859243,14380,ok
1785859243,14382,ok
1785859243,14374,missing
1785859243,14373,missing
1785859243,14383,ok
1785859243,14385,ok
1785859243,14369,missing
1785859243,14372,missing
1785859243,14376,missing
1785859244,14375,missing
1785859244,14378,missing
1785859244,14377,missing
1785859244,14392,ok
1785859245,14379,missing
1785859245,14381,missing
1785859245,14384,missing
1785859246,14386,missing
1785859246,14387,missing
1785859246,14389,missing
1785859246,14393,missing
1785859246,14400,ok
1785859247,14394,missing
1785859247,14391,missing
1785859247,14390,missing
1785859247,14406,ok
1785859247,14410,ok
1785859247,14409,ok
1785859247,14396,missing
1785859248,14395,missing
1785859248,14399,missing
1785859248,14397,missing
1785859249,14398,missing
1785859249,14414,ok
1785859249,14402,missing
1785859249,14401,missing
1785859250,14404,missing
1785859250,14405,missing
1785859250,14407,missing
1785859250,14403,missing
1785859250,14421,ok
1785859250,14412,ok
1785859251,14408,missing
1785859251,14411,missing
1785859251,14413,missing
1785859252,14417,missing
1785859252,14416,missing
1785859252,14429,ok
1785859252,14418,missing
1785859252,14415,missing
1785859253,14420,missing
1785859253,14419,missing
1785859253,14425,missing
1785859253,14426,missing
1785859253,14433,ok
1785859253,14422,missing
1785859253,14427,missing
1785859253,14423,missing
1785859253,14424,missing
1785859254,14436,ok
1785859254,14438,ok
1785859254,14428,missing
1785859255,14432,missing
1785859255,14447,ok
1785859255,14430,missing
1785859255,14431,missing
1785859256,14435,missing
1785859256,14449,ok
1785859256,14434,missing
1785859256,14451,ok
1785859256,14437,missing
1785859257,14439,missing
1785859257,14454,ok
1785859257,14455,ok
1785859257,14443,missing
1785859257,14442,missing
1785859257,14444,missing
1785859257,14441,missing
1785859257,14440,missing
1785859258,14462,ok
1785859258,14446,missing
1785859258,14458,ok
1785859258,14445,missing
1785859259,14448,missing
1785859259,14452,missing
1785859259,14460,ok
1785859259,14450,missing
1785859259,14453,missing
1785859260,14457,missing
1785859260,14473,ok
1785859260,14469,ok
1785859260,14459,missing
1785859261,14456,missing
1785859261,14461,missing
1785859261,14464,missing
1785859261,14388,missing
1785859261,14477,ok
1785859261,14463,missing
1785859262,14465,missing
1785859262,14468,missing
1785859262,14480,ok
1785859262,14483,ok
1785859262,14471,missing
1785859262,14466,missing
1785859262,14472,missing
1785859262,14470,missing
1785859263,14485,ok
1785859263,14467,missing
1785859263,14486,ok
1785859263,14474,missing
1785859264,14488,ok
1785859264,14478,missing
1785859264,14475,missing
1785859264,14476,missing
1785859264,14479,missing
1785859265,14482,missing
1785859265,14484,missing
1785859265,14481,missing
1785859266,14503,ok
1785859266,14487,missing
1785859266,14490,missing
1785859266,14491,missing
1785859266,14492,missing
1785859266,14493,missing
1785859266,14495,missing
1785859267,14494,missing
1785859267,14489,missing
1785859267,14496,missing
1785859267,14505,ok
1785859267,14497,missing
1785859267,14504,ok
1785859268,14500,missing
1785859268,14499,missing
1785859268,14498,missing
1785859268,14502,missing
1785859268,14501,missing
1785859269,14507,missing
1785859269,14506,missing
1785859269,14509,missing
1785859270,14521,ok
1785859270,14510,missing
1785859270,14511,missing
1785859270,14508,missing
1785859270,14514,missing
1785859271,14515,missing
1785859271,14526,ok
1785859271,14512,missing
1785859271,14516,missing
1785859271,14513,missing
1785859272,14519,missing
1785859272,14517,missing
1785859272,14520,missing
1785859272,14518,missing
1785859272,14522,missing
1785859273,14523,missing
1785859273,14524,ok
1785859273,14539,ok
1785859273,14536,ok
1785859273,14527,missing
1785859274,14525,missing
1785859274,14531,missing
1785859274,14528,missing
1785859275,14544,ok
1785859275,14534,missing
1785859275,14532,missing
1785859275,14535,missing
1785859275,14541,ok
1785859275,14533,missing
1785859275,14537,missing
1785859276,14550,ok
1785859276,14530,missing
1785859276,14538,missing
1785859276,14553,ok
1785859276,14542,missing
1785859276,14551,ok
1785859277,14529,missing
1785859277,14543,missing
1785859277,14552,ok
1785859277,14540,missing
1785859277,14545,missing
1785859278,14556,ok
1785859278,14547,missing
1785859278,14549,missing
1785859279,14554,missing
1785859279,14548,missing
1785859279,14568,ok
1785859280,14559,missing
1785859280,14569,ok
1785859280,14555,missing
1785859280,14546,missing
1785859280,14557,missing
1785859280,14558,missing
1785859280,14560,missing
1785859281,14572,ok
1785859281,14561,missing
1785859281,14578,ok
1785859281,14573,ok
1785859281,14566,missing
1785859282,14563,missing
1785859282,14567,missing
1785859283,14562,missing
1785859283,14564,ok
1785859283,14571,missing
1785859283,14575,missing
1785859283,14574,missing
1785859284,14577,missing
1785859284,14570,missing
1785859284,14565,missing
1785859284,14579,missing
1785859284,14581,missing
1785859285,14583,missing
1785859285,14576,missing
1785859285,14582,missing
1785859285,14580,missing
1785859285,14590,ok
1785859286,14587,missing
1785859286,14585,missing
1785859286,14584,missing
1785859286,14597,ok
1785859286,14586,missing
1785859286,14589,missing
1785859287,14591,missing
1785859287,14600,ok
1785859288,14593,missing
1785859288,14595,missing
1785859288,14588,missing
1785859288,14592,missing
1785859288,14599,missing
1785859288,14594,missing
1785859289,14598,missing
1785859289,14607,ok
1785859289,14596,missing
1785859289,14613,ok
1785859289,14601,missing
1785859289,14616,ok
1785859290,14605,missing
1785859290,14604,missing
1785859290,14606,missing
1785859290,14621,ok
1785859291,14618,ok
1785859291,14609,missing
1785859291,14622,ok
1785859291,14610,missing
1785859291,14603,missing
1785859292,14624,ok
1785859292,14608,missing
1785859292,14627,ok
1785859292,14611,missing
1785859292,14615,missing
1785859292,14628,ok
1785859292,14614,missing
1785859292,14612,missing
1785859293,14617,missing
1785859293,14620,missing
1785859293,14619,missing
1785859294,14602,ok
1785859294,14634,ok
1785859295,14629,missing
1785859295,14623,missing
1785859295,14630,missing
1785859295,14633,missing
1785859295,14631,missing
1785859295,14625,missing
1785859295,14632,missing
1785859295,14626,missing
1785859296,14635,missing
1785859296,14637,missing
1785859296,14649,ok
1785859296,14646,ok
1785859296,14638,missing
1785859296,14639,missing
1785859297,14636,missing
1785859297,14640,missing
1785859297,14641,missing
1785859298,14642,missing
1785859298,14645,missing
1785859298,14644,missing
1785859298,14659,ok
1785859299,14650,missing
1785859299,14651,missing
1785859299,14647,missing
1785859299,14648,missing
1785859299,14653,missing
1785859300,14657,missing
1785859300,14655,missing
1785859300,14643,missing
1785859300,14652,missing
1785859301,14656,missing
1785859301,14654,missing
1785859301,14658,missing
1785859302,14662,missing
1785859302,14661,missing
1785859302,14664,missing
1785859302,14663,missing
1785859302,14660,missing
1785859302,14665,missing
1785859303,14680,ok
1785859303,14666,missing
1785859303,14667,missing
1785859303,14668,missing
1785859303,14671,missing
1785859304,14669,missing
1785859304,14683,ok
1785859304,14672,missing
1785859304,14673,missing
1785859305,14684,ok
1785859305,14674,missing
1785859305,14670,missing
1785859305,14675,missing
1785859305,14688,ok
1785859305,14676,missing
1785859305,14678,missing
1785859306,14693,ok
1785859306,14681,missing
1785859306,14677,missing
1785859306,14679,missing
1785859306,14682,missing
1785859306,14698,ok
1785859306,14690,ok
1785859307,14694,ok
1785859307,14686,missing
1785859307,14685,missing
1785859307,14704,ok
1785859308,14687,missing
1785859308,14707,ok
1785859308,14705,ok
1785859308,14691,missing
1785859309,14689,missing
1785859309,14697,missing
1785859309,14692,missing
1785859309,14699,missing
1785859309,14696,missing
1785859310,14703,missing
1785859310,14701,missing
1785859310,14702,missing
1785859310,14695,missing
1785859310,14706,missing
1785859311,14708,missing
1785859311,14710,missing
1785859311,14719,ok
1785859311,14711,missing
1785859311,14722,ok
1785859311,14700,missing
1785859312,14709,missing
1785859312,14725,ok
1785859313,14728,ok
1785859313,14712,missing
1785859313,14714,missing
1785859313,14713,missing
1785859313,14717,missing
1785859313,14716,missing
1785859313,14720,missing
1785859314,14718,missing
1785859314,14715,missing
1785859315,14724,missing
1785859315,14723,missing
1785859315,14726,missing
1785859315,14721,missing
1785859315,14729,missing
1785859316,14731,missing
1785859316,14727,missing
1785859316,14730,missing
1785859316,14736,missing
1785859316,14732,missing
1785859317,14737,missing
1785859317,14735,missing
1785859317,14751,ok
1785859317,14738,missing
1785859317,14748,ok
1785859318,14734,missing
1785859318,14740,missing
1785859319,14742,missing
1785859319,14743,missing
1785859319,14733,missing
1785859319,14741,missing
1785859319,14744,missing
1785859319,14756,ok
1785859319,14755,ok
1785859320,14749,missing
1785859320,14745,missing
1785859320,14746,missing
1785859320,14747,missing
1785859320,14760,ok
1785859320,14750,missing
1785859320,14752,missing
1785859321,14765,ok
1785859321,14768,ok
1785859321,14769,ok
1785859322,14754,missing
1785859322,14753,missing
1785859322,14757,missing
1785859322,14762,missing
1785859322,14763,missing
1785859323,14759,missing
1785859323,14773,ok
1785859323,14776,ok
1785859323,14764,missing
1785859323,14761,missing
1785859324,14770,missing
1785859324,14771,missing
1785859324,14782,ok
1785859324,14767,missing
1785859324,14766,missing
1785859325,14785,ok
1785859325,14788,ok
1785859325,14772,missing
1785859326,14777,missing
1785859326,14779,missing
1785859326,14778,missing
1785859326,14775,missing
1785859327,14780,missing
1785859327,14791,ok
1785859327,14783,missing
1785859327,14781,missing
1785859328,14794,ok
1785859328,14787,missing
1785859328,14784,missing
1785859328,14789,missing
1785859329,14796,ok
1785859329,14786,missing
1785859329,14774,missing
1785859329,14739,ok
1785859329,14790,missing
1785859329,14792,missing
1785859330,14758,missing
1785859330,14806,ok
1785859331,14795,missing
1785859331,14810,ok
1785859331,14809,ok
1785859331,14798,missing
1785859331,14800,missing
1785859331,14799,missing
1785859331,14797,missing
1785859331,14808,ok
1785859331,14802,missing
1785859332,14805,ok
1785859332,14793,missing
1785859332,14801,missing
1785859332,14804,missing
1785859332,14819,ok
1785859332,14807,missing
1785859333,14803,missing
1785859334,14811,missing
1785859334,14813,missing
1785859334,14814,missing
1785859334,14816,missing
1785859334,14818,missing
1785859334,14817,missing
1785859335,14815,missing
1785859335,14820,missing
1785859335,14812,missing
1785859335,14828,ok
1785859335,14821,missing
1785859336,14823,missing
1785859336,14825,missing
1785859336,14826,missing
1785859336,14822,missing
1785859336,14824,missing
1785859337,14836,ok
1785859337,14827,missing
1785859337,14831,ok
1785859337,14843,ok
1785859338,14830,missing
1785859338,14834,missing
1785859338,14829,missing
1785859338,14837,missing
1785859339,14833,missing
1785859339,14838,missing
1785859339,14840,missing
1785859339,14839,missing
1785859340,14842,missing
1785859340,14835,missing
1785859340,14844,missing
1785859340,14845,missing
1785859341,14848,missing
1785859341,14846,missing
1785859341,14841,missing
1785859341,14858,ok
1785859341,14849,missing
1785859342,14859,ok
1785859342,14847,missing
1785859342,14851,missing
1785859342,14832,missing
1785859342,14863,ok
1785859342,14850,missing
1785859343,14853,missing
1785859343,14854,missing
1785859343,14860,ok
1785859343,14867,ok
1785859343,14855,missing
1785859343,14856,missing
1785859344,14873,ok
1785859344,14852,missing
1785859345,14876,ok
1785859345,14857,missing
1785859345,14866,missing
1785859345,14862,missing
1785859345,14872,ok
1785859345,14868,missing
1785859346,14864,missing
1785859346,14861,missing
1785859346,14869,missing
1785859346,14870,missing
1785859346,14865,missing
1785859347,14871,missing
1785859347,14884,ok
1785859347,14875,missing
1785859347,14877,ok
1785859347,14879,ok
1785859348,14874,missing
1785859348,14878,missing
1785859349,14881,missing
1785859349,14883,missing
1785859349,14880,missing
1785859350,14888,missing
1785859350,14891,missing
1785859350,14889,missing
1785859350,14886,missing
1785859350,14892,missing
1785859350,14890,missing
1785859350,14887,missing
1785859351,14882,missing
1785859351,14885,missing
1785859351,14893,missing
1785859352,14895,missing
1785859352,14894,missing
1785859352,14896,missing
1785859353,14910,ok
1785859353,14899,missing
1785859353,14897,missing
1785859353,14900,missing
1785859353,14912,ok
1785859353,14898,missing
1785859353,14901,missing
1785859354,14905,missing
1785859354,14916,ok
1785859354,14907,missing
1785859354,14909,missing
1785859355,14903,missing
1785859355,14919,ok
1785859355,14918,ok
1785859355,14923,ok
1785859356,14911,missing
1785859356,14908,missing
1785859356,14917,ok
1785859356,14904,missing
1785859356,14914,missing
1785859356,14906,missing
1785859357,14920,missing
1785859357,14913,missing
1785859357,14921,missing
1785859358,14915,missing
1785859358,14902,missing
1785859358,14927,missing
1785859358,14922,missing
1785859359,14935,ok
1785859359,14924,missing
1785859359,14928,missing
1785859359,14926,missing
1785859360,14932,missing
1785859360,14925,missing
1785859360,14940,ok
1785859360,14933,missing
1785859360,14930,missing
1785859360,14929,missing
1785859360,14946,ok
1785859361,14945,ok
1785859361,14936,missing
1785859361,14937,missing
1785859362,14938,missing
1785859362,14950,ok
1785859362,14942,missing
1785859362,14939,missing
1785859363,14941,missing
1785859363,14943,missing
1785859363,14957,ok
1785859363,14947,missing
1785859363,14944,missing
1785859364,14949,missing
1785859364,14952,missing
1785859364,14948,missing
1785859364,14954,ok
1785859364,14958,ok
1785859365,14931,missing
1785859365,14965,ok
1785859365,14934,missing
1785859365,14953,missing
1785859365,14951,missing
1785859366,14955,missing
1785859366,14959,missing
1785859366,14956,missing
1785859366,14961,missing
1785859367,14970,ok
1785859367,14962,missing
1785859367,14977,ok
1785859367,14972,ok
1785859367,14968,missing
1785859368,14966,missing
1785859368,14960,missing
1785859368,14967,missing
1785859368,14964,missing
1785859368,14981,ok
1785859368,14978,ok
1785859369,14974,missing
1785859369,14969,missing
1785859369,14971,missing
1785859370,14975,missing
1785859370,14973,missing
1785859371,14963,missing
1785859371,14990,ok
1785859371,14979,missing
1785859371,14983,missing
1785859371,14976,missing
1785859371,14982,missing
1785859371,14980,missing
1785859371,14984,missing
1785859372,14988,missing
1785859372,14985,missing
1785859372,14986,missing
1785859372,14987,missing
1785859373,14989,missing
1785859373,15005,ok
1785859373,14993,missing
1785859374,14992,missing
1785859374,14997,missing
1785859374,14999,missing
1785859375,15000,missing
1785859375,14994,missing
1785859375,15003,missing
1785859375,14995,missing
1785859375,14996,missing
1785859375,15001,missing
1785859376,15002,missing
1785859376,15004,missing
1785859376,14998,missing
1785859376,15006,missing
1785859377,14991,missing
1785859377,15007,missing
1785859378,15008,missing
1785859378,15009,missing
1785859378,15012,missing
1785859378,15019,ok
1785859378,15010,missing
1785859379,15011,missing
1785859379,15025,ok
1785859379,15016,missing
1785859379,15018,missing
1785859379,15026,ok
1785859379,15020,missing
1785859379,15014,missing
1785859379,15017,missing
1785859380,15015,missing
1785859380,15013,missing
1785859380,15035,ok
1785859380,15034,ok
1785859380,15021,missing
1785859381,15022,missing
1785859381,15037,ok
1785859381,15036,ok
1785859381,15041,ok
1785859382,15027,missing
1785859382,15040,ok
1785859382,15023,missing
1785859382,15024,missing
1785859382,15029,missing
1785859382,15038,ok
1785859382,15030,missing
1785859382,15028,missing
1785859383,15032,missing
1785859383,15033,missing
1785859384,15031,missing
1785859384,15054,ok
1785859384,15053,ok
1785859384,15039,missing
1785859384,15042,missing
1785859384,15043,missing
1785859385,15044,missing
1785859385,15047,missing
1785859385,15060,ok
1785859386,15049,missing
1785859386,15050,missing
1785859386,15046,missing
1785859386,15062,ok
1785859386,15052,missing
1785859387,15063,ok
1785859387,15055,missing
1785859387,15048,missing
1785859387,15057,missing
1785859388,15051,missing
1785859388,15045,missing
1785859388,15059,missing
1785859388,15071,ok
1785859388,15056,missing
1785859389,15058,missing
1785859389,15074,ok
1785859389,15061,missing
1785859389,15075,ok
1785859389,15065,missing
1785859389,15077,ok
1785859389,15068,missing
1785859389,15064,missing
1785859389,15073,ok
1785859389,15067,missing
1785859390,15081,ok
1785859390,15066,missing
1785859390,15072,ok
1785859390,15069,missing
1785859390,15078,ok
1785859391,15090,ok
1785859391,15070,missing
1785859391,15089,ok
1785859392,15076,ok
1785859392,15079,missing
1785859392,15084,missing
1785859392,15085,missing
1785859392,15087,missing
1785859393,15086,missing
1785859393,15082,missing
1785859393,15080,missing
1785859393,15083,missing
1785859393,15092,missing
1785859394,15094,missing
1785859394,15103,ok
1785859394,15093,missing
1785859395,15107,ok
1785859395,15095,missing
1785859395,15096,missing
1785859395,15110,ok
1785859396,15098,missing
1785859396,15106,ok
1785859396,15097,missing
1785859396,15113,ok
1785859397,15100,missing
1785859397,15102,missing
1785859397,15115,ok
1785859397,15099,missing
1785859397,15101,missing
1785859397,15105,missing
1785859397,15108,missing
1785859398,15104,missing
1785859398,15111,missing
1785859399,15109,missing
1785859399,15112,missing
1785859399,15116,missing
1785859399,15088,missing
1785859400,15114,missing
1785859400,15118,missing
1785859400,15128,ok
1785859400,15119,missing
1785859400,15130,ok
1785859401,15131,ok
1785859401,15122,missing
1785859401,15125,missing
1785859401,15129,ok
1785859401,15120,missing
1785859401,15117,missing
1785859401,15124,missing
1785859401,15121,missing
1785859402,15134,ok
1785859402,15127,ok
1785859402,15123,missing
1785859403,15140,ok
1785859403,15144,ok
1785859404,15135,missing
1785859404,15148,ok
1785859404,15132,missing
1785859404,15126,missing
1785859404,15141,ok
1785859405,15138,missing
1785859405,15142,missing
1785859405,15133,missing
1785859405,15139,missing
1785859405,15136,missing
1785859405,15137,missing
1785859406,15145,missing
1785859406,15146,missing
1785859406,15147,missing
1785859406,15143,missing
1785859407,15158,ok
1785859407,15163,ok
1785859407,15150,missing
1785859408,15151,missing
1785859408,15149,missing
1785859408,15155,missing
1785859409,15152,missing
1785859409,15167,ok
1785859409,15161,missing
1785859409,15159,missing
1785859409,15157,missing
1785859409,15166,ok
1785859410,15172,ok
1785859410,15170,ok
1785859410,15091,ok
1785859410,15173,ok
1785859410,15154,missing
1785859410,15169,ok
1785859411,15165,missing
1785859411,15162,missing
1785859411,15153,missing
1785859411,15160,missing
1785859411,15179,ok
1785859411,15174,ok
1785859411,15168,missing
1785859412,15164,missing
1785859412,15183,ok
1785859413,15171,missing
1785859413,15176,missing
1785859413,15178,missing
1785859413,15177,missing
1785859413,15188,ok
1785859414,15180,missing
1785859414,15175,missing
1785859414,15184,missing
1785859414,15156,missing
1785859414,15182,missing
1785859414,15181,missing
1785859414,15196,ok
1785859414,15195,ok
1785859415,15193,ok
1785859415,15186,missing
1785859415,15201,ok
1785859416,15185,missing
1785859416,15187,missing
1785859416,15205,ok
1785859417,15209,ok
1785859417,15197,missing
1785859417,15204,ok
1785859417,15192,missing
1785859417,15190,missing
1785859418,15200,missing
1785859418,15191,missing
1785859418,15202,missing
1785859418,15198,missing
1785859418,15199,missing
1785859419,15215,ok
1785859419,15207,missing
1785859419,15208,missing
1785859419,15206,missing
1785859419,15194,missing
1785859420,15222,ok
1785859420,15211,missing
1785859421,15203,missing
1785859421,15212,missing
1785859421,15214,missing
1785859421,15210,missing
1785859421,15224,ok
1785859421,15216,missing
1785859421,15217,missing
1785859422,15232,ok
1785859422,15218,missing
1785859422,15219,missing
1785859423,15221,missing
1785859423,15220,missing
1785859423,15233,ok
1785859423,15234,ok
1785859423,15235,ok
1785859424,15226,missing
1785859424,15223,missing
1785859424,15228,missing
1785859424,15229,missing
1785859424,15240,ok
1785859424,15225,missing
1785859425,15238,ok
1785859425,15227,missing
1785859425,15230,missing
1785859426,15244,ok
1785859426,15236,missing
1785859426,15237,missing
1785859427,15241,missing
1785859427,15239,missing
1785859427,15243,missing
1785859427,15189,missing
1785859428,15242,missing
1785859428,15257,ok
1785859428,15248,missing
1785859428,15247,missing
1785859428,15245,missing
1785859428,15253,ok
1785859428,15246,missing
1785859429,15250,missing
1785859429,15251,missing
1785859429,15258,ok
1785859430,15252,missing
1785859430,15231,missing
1785859430,15249,missing
1785859430,15255,missing
1785859430,15254,missing
1785859431,15213,ok
1785859431,15256,missing
1785859431,15260,missing
1785859431,15261,missing
1785859431,15259,missing
1785859431,15273,ok
1785859432,15263,missing
1785859432,15264,missing
1785859432,15262,missing
1785859433,15266,missing
1785859433,15265,missing
1785859433,15267,missing
1785859433,15268,missing
1785859433,15271,missing
1785859434,15269,missing
1785859434,15270,missing
1785859434,15282,ok
1785859435,15281,ok
1785859435,15275,missing
1785859435,15286,ok
1785859435,15277,missing
1785859435,15276,missing
1785859436,15280,missing
1785859436,15285,missing
1785859436,15283,missing
1785859436,15291,ok
1785859437,15287,missing
1785859437,15297,ok
1785859437,15288,missing
1785859438,15284,missing
1785859438,15299,ok
1785859438,15274,missing
1785859438,15278,missing
1785859438,15292,missing
1785859439,15293,missing
1785859439,15289,missing
1785859439,15279,missing
1785859439,15294,missing
1785859439,15290,missing
1785859439,15304,ok
1785859440,15295,missing
1785859440,15296,missing
1785859440,15310,ok
1785859440,15308,ok
1785859441,15298,missing
1785859441,15314,ok
1785859441,15302,missing
1785859441,15301,missing
1785859441,15305,missing
1785859442,15315,ok
1785859442,15318,ok
1785859442,15306,missing
1785859442,15303,missing
1785859442,15300,missing
1785859443,15311,missing
1785859443,15307,missing
1785859443,15309,missing
1785859443,15322,ok
1785859443,15312,missing
1785859443,15325,ok
1785859444,15316,missing
1785859444,15331,ok
1785859444,15313,missing
1785859445,15319,missing
1785859445,15330,ok
1785859445,15321,missing
1785859445,15329,ok
1785859445,15336,ok
1785859445,15317,missing
1785859446,15324,missing
1785859446,15323,missing
1785859447,15328,missing
1785859447,15327,missing
1785859447,15333,missing
1785859447,15345,ok
1785859448,15334,missing
1785859448,15335,missing
1785859448,15332,missing
1785859448,15337,missing
1785859448,15339,missing
1785859448,15338,missing
1785859449,15350,ok
1785859450,15326,missing
1785859450,15352,ok
1785859450,15344,missing
1785859450,15342,missing
1785859450,15346,missing
1785859450,15341,missing
1785859450,15343,missing
1785859450,15340,missing
1785859451,15354,ok
1785859451,15349,missing
1785859451,15355,ok
1785859451,15351,ok
1785859451,15347,missing
1785859451,15348,missing
1785859452,15320,missing
1785859453,15353,missing
1785859453,15356,missing
1785859453,15358,missing
1785859454,15361,missing
1785859454,15357,missing
1785859454,15364,missing
1785859454,15362,missing
1785859454,15367,missing
1785859454,15371,ok
1785859454,15360,missing
1785859455,15365,missing
1785859455,15363,missing
1785859455,15372,ok
1785859455,15359,missing
1785859455,15373,ok
1785859455,15377,ok
1785859455,15368,missing
1785859456,15369,missing
1785859456,15385,ok
1785859457,15366,missing
1785859457,15386,ok
1785859458,15379,missing
1785859458,15374,missing
1785859458,15376,missing
1785859458,15383,missing
1785859458,15384,missing
1785859458,15375,missing
1785859458,15378,missing
1785859459,15381,missing
1785859459,15380,missing
1785859459,15382,missing
1785859459,15391,ok
1785859459,15390,ok
1785859459,15387,missing
1785859460,15396,ok
1785859460,15388,missing
1785859460,15389,missing
1785859461,15403,ok
1785859461,15393,missing
1785859462,15397,missing
1785859462,15394,missing
1785859462,15398,missing
1785859462,15392,missing
1785859462,15395,missing
1785859462,15401,missing
1785859463,15272,ok
1785859463,15400,missing
1785859463,15405,missing
1785859463,15399,missing
1785859463,15404,missing
1785859463,15402,missing
1785859464,15416,ok
1785859464,15418,ok
1785859464,15411,ok
1785859464,15406,missing
1785859465,15417,ok
1785859465,15408,missing
1785859465,15419,ok
1785859465,15407,missing
1785859465,15410,missing
1785859465,15412,missing
1785859466,15409,missing
1785859466,15415,missing
1785859467,15421,missing
1785859468,15414,missing
1785859468,15423,missing
1785859468,15426,missing
1785859468,15413,missing
1785859468,15427,missing
1785859468,15422,missing
1785859468,15420,missing
1785859468,15429,missing
1785859469,15435,ok
1785859469,15428,missing
1785859469,15424,missing
1785859469,15425,missing
1785859469,15441,ok
1785859470,15431,missing
1785859470,15432,missing
1785859470,15446,ok
1785859470,15430,missing
1785859471,15434,missing
1785859471,15433,missing
1785859471,15450,ok
1785859472,15439,missing
1785859472,15437,missing
1785859472,15442,missing
1785859472,15443,missing
1785859472,15440,missing
1785859472,15451,ok
1785859473,15436,missing
1785859473,15453,ok
1785859473,15438,missing
1785859473,15459,ok
1785859473,15447,missing
1785859474,15445,missing
1785859474,15448,missing
1785859474,15460,ok
1785859474,15462,ok
1785859474,15444,missing
1785859474,15452,missing
1785859474,15449,missing
1785859475,15455,missing
1785859475,15457,missing
1785859475,15454,missing
1785859475,15458,missing
1785859476,15471,ok
1785859476,15456,missing
1785859476,15461,missing
1785859476,15472,ok
1785859477,15465,missing
1785859477,15475,ok
1785859477,15467,missing
1785859477,15463,missing
1785859477,15469,missing
1785859478,15466,missing
1785859478,15470,missing
1785859478,15464,missing
1785859478,15473,ok
1785859478,15482,ok
1785859479,15468,missing
1785859479,15483,ok
1785859479,15476,missing
1785859479,15489,ok
1785859479,15477,missing
1785859479,15479,missing
1785859480,15478,missing
1785859480,15492,ok
1785859480,15494,ok
1785859480,15474,missing
1785859480,15481,missing
1785859480,15480,missing
1785859481,15484,missing
1785859481,15496,ok
1785859481,15486,missing
1785859481,15487,missing
1785859482,15488,missing
1785859482,15490,missing
1785859482,15491,missing
1785859482,15503,ok
1785859483,15485,missing
1785859483,15493,missing
1785859484,15495,missing
1785859484,15509,ok
1785859484,15499,missing
1785859484,15497,missing
1785859484,15502,missing
1785859484,15504,missing
1785859485,15501,missing
1785859485,15500,missing
1785859485,15516,ok
1785859485,15505,missing
1785859485,15498,missing
1785859486,15506,missing
1785859486,15508,missing
1785859486,15370,ok
1785859486,15507,missing
1785859486,15510,missing
1785859487,15518,ok
1785859487,15515,missing
1785859487,15513,missing
1785859487,15511,missing
1785859487,15512,missing
1785859487,15514,missing
1785859488,15517,missing
1785859488,15519,missing
1785859488,15521,missing
1785859488,15520,missing
1785859489,15522,missing
1785859489,15523,missing
1785859490,15525,missing
1785859490,15528,missing
1785859490,15527,missing
1785859490,15529,missing
1785859491,15526,missing
1785859491,15540,ok
1785859491,15531,missing
1785859491,15530,missing
1785859491,15534,missing
1785859492,15545,ok
1785859492,15536,missing
1785859492,15533,missing
1785859492,15532,missing
1785859493,15537,missing
1785859493,15547,ok
1785859493,15524,missing
1785859493,15539,missing
1785859493,15538,missing
1785859493,15535,missing
1785859494,15541,missing
1785859494,15542,missing
1785859495,15548,missing
1785859495,15544,missing
1785859495,15552,missing
1785859495,15543,missing
1785859495,15550,missing
1785859496,15549,missing
1785859496,15564,ok
1785859496,15551,missing
1785859497,15555,missing
1785859497,15558,missing
1785859497,15556,missing
1785859497,15553,missing
1785859497,15554,missing
1785859498,15546,missing
1785859498,15560,missing
1785859498,15569,ok
1785859498,15557,missing
1785859498,15559,missing
1785859498,15561,missing
1785859499,15562,missing
1785859499,15563,missing
1785859499,15566,missing
1785859500,15567,missing
1785859500,15581,ok
1785859500,15570,missing
1785859500,15572,missing
1785859501,15568,missing
1785859501,15565,missing
1785859501,15573,missing
1785859501,15577,missing
1785859501,15575,missing
1785859501,15574,missing
1785859502,15576,missing
1785859502,15582,missing
1785859502,15590,ok
1785859502,15580,missing
1785859502,15578,missing
1785859503,15579,missing
1785859503,15584,missing
1785859503,15585,missing
1785859503,15586,missing
1785859504,15583,missing
1785859504,15598,ok
1785859504,15596,ok
1785859505,15588,missing
1785859505,15587,missing
1785859505,15592,missing
1785859505,15601,ok
1785859505,15602,ok
1785859505,15589,missing
1785859505,15594,missing
1785859506,15595,missing
1785859506,15597,missing
1785859506,15593,missing
1785859506,15606,ok
1785859506,15571,missing
1785859506,15591,missing
1785859506,15611,ok
1785859506,15599,missing
1785859507,15603,missing
1785859507,15613,ok
1785859507,15609,ok
1785859508,15612,ok
1785859508,15600,missing
1785859508,15621,ok
1785859509,15605,missing
1785859509,15607,missing
1785859509,15610,missing
1785859509,15608,missing
1785859509,15604,missing
1785859509,15623,ok
1785859509,15616,missing
1785859509,15617,missing
1785859510,15618,missing
1785859510,15619,missing
1785859510,15615,missing
1785859510,15632,ok
1785859510,15628,ok
1785859511,15636,ok
1785859511,15620,missing
1785859511,15635,ok
1785859511,15634,ok
1785859511,15624,missing
1785859511,15614,missing
1785859511,15637,ok
1785859512,15643,ok
1785859512,15625,missing
1785859512,15622,missing
1785859512,15639,ok
1785859512,15629,missing
1785859512,15630,missing
1785859512,15631,missing
1785859513,15633,missing
1785859513,15626,missing
1785859513,15627,missing
1785859514,15638,missing
1785859514,15640,missing
1785859514,15641,missing
1785859514,15654,ok
1785859515,15645,missing
1785859515,15642,missing
1785859515,15657,ok
1785859515,15644,missing
1785859515,15648,missing
1785859516,15646,missing
1785859516,15647,missing
1785859516,15662,ok
1785859516,15651,missing
1785859517,15655,missing
1785859517,15667,ok
1785859517,15649,missing
1785859517,15664,ok
1785859517,15656,missing
1785859517,15650,missing
1785859518,15653,missing
1785859518,15659,missing
1785859518,15661,missing
1785859518,15665,ok
1785859518,15660,missing
1785859518,15669,ok
1785859518,15658,missing
1785859518,15670,ok
1785859518,15679,ok
1785859519,15652,missing
1785859519,15682,ok
1785859519,15663,missing
1785859520,15666,missing
1785859520,15671,missing
1785859520,15668,missing
1785859521,15673,missing
1785859521,15675,missing
1785859521,15685,ok
1785859521,15672,missing
1785859521,15678,missing
1785859521,15676,missing
1785859521,15680,missing
1785859522,15681,missing
1785859522,15689,ok
1785859522,15674,missing
1785859522,15690,ok
1785859522,15677,missing
1785859522,15684,missing
1785859522,15683,missing
1785859522,15686,missing
1785859523,15687,ok
1785859524,15688,missing
1785859524,15691,missing
1785859525,15698,missing
1785859525,15694,missing
1785859525,15700,missing
1785859525,15695,missing
1785859525,15702,missing
1785859525,15703,missing
1785859525,15699,missing
1785859526,15704,missing
1785859526,15692,missing
1785859526,15693,missing
1785859526,15697,missing
1785859526,15696,missing
1785859526,15710,ok
1785859526,15711,ok
1785859526,15705,missing
1785859527,15701,missing
1785859527,15713,ok
1785859527,15716,ok
1785859527,15712,ok
1785859527,15707,missing
1785859528,15706,missing
1785859528,15718,ok
1785859529,15722,ok
1785859529,15720,ok
1785859529,15726,ok
1785859529,15709,missing
1785859529,15708,missing
1785859529,15714,missing
1785859529,15729,ok
1785859529,15719,missing
1785859530,15728,ok
1785859530,15715,missing
1785859530,15730,ok
1785859530,15717,missing
1785859530,15725,missing
1785859530,15721,missing
1785859530,15737,ok
1785859530,15724,missing
1785859531,15740,ok
1785859531,15723,missing
1785859531,15738,ok
1785859531,15739,ok
1785859531,15745,ok
1785859531,15727,missing
1785859531,15736,ok
1785859532,15735,ok
1785859532,15751,ok
1785859532,15733,missing
1785859532,15732,missing
1785859532,15731,missing
1785859533,15734,missing
1785859533,15753,ok
1785859533,15756,ok
1785859534,15742,missing
1785859534,15759,ok
1785859534,15744,missing
1785859534,15746,missing
1785859534,15749,missing
1785859534,15743,missing
1785859534,15760,ok
1785859535,15748,missing
1785859535,15750,missing
1785859535,15747,missing
1785859535,15752,missing
1785859535,15755,missing
1785859536,15754,missing
1785859536,15758,missing
1785859536,15757,missing
1785859537,15769,ok
1785859537,15741,ok
1785859537,15775,ok
1785859537,15766,missing
1785859538,15767,ok
1785859538,15777,ok
1785859538,15763,missing
1785859538,15761,missing
1785859538,15778,ok
1785859538,15774,ok
1785859538,15762,missing
1785859538,15768,missing
1785859538,15764,missing
1785859538,15765,missing
1785859539,15770,missing
1785859539,15779,ok
1785859539,15771,missing
1785859539,15782,ok
1785859539,15787,ok
1785859539,15773,missing
1785859540,15790,ok
1785859540,15792,ok
1785859540,15795,ok
1785859540,15781,ok
1785859541,15776,missing
1785859541,15783,missing
1785859541,15800,ok
1785859541,15785,missing
1785859542,15789,missing
1785859542,15772,missing
1785859542,15797,ok
1785859542,15784,missing
1785859542,15780,missing
1785859542,15786,missing
1785859542,15788,missing
1785859542,15791,missing
1785859543,15793,missing
1785859543,15794,missing
1785859543,15804,ok
1785859543,15806,ok
1785859543,15796,missing
1785859544,15799,missing
1785859544,15807,ok
1785859544,15814,ok
1785859544,15798,missing
1785859544,15815,ok
1785859545,15802,missing
1785859545,15801,missing
1785859545,15808,missing
1785859545,15821,ok
1785859545,15810,missing
1785859546,15811,missing
1785859546,15803,missing
1785859546,15805,missing
1785859546,15812,missing
1785859546,15813,missing
1785859547,15816,missing
1785859547,15809,missing
1785859547,15832,ok
1785859547,15824,ok
1785859547,15818,missing
1785859547,15819,missing
1785859548,15817,missing
1785859548,15828,ok
1785859548,15831,ok
1785859548,15830,ok
1785859548,15820,missing
1785859548,15822,missing
1785859549,15840,ok
1785859549,15825,missing
1785859549,15826,missing
1785859549,15827,missing
1785859549,15823,missing
1785859549,15842,ok
1785859550,15829,missing
1785859550,15833,missing
1785859550,15834,missing
1785859551,15837,missing
1785859551,15839,missing
1785859551,15836,missing
1785859551,15838,missing
1785859552,15835,missing
1785859552,15851,ok
1785859552,15841,missing
1785859552,15844,missing
1785859552,15852,ok
1785859552,15845,missing
1785859552,15854,ok
1785859553,15847,missing
1785859553,15859,ok
1785859553,15848,missing
1785859553,15849,missing
1785859553,15843,missing
1785859554,15850,missing
1785859554,15846,missing
1785859554,15853,missing
1785859555,15868,ok
1785859555,15869,ok
1785859555,15863,ok
1785859555,15857,missing
1785859555,15856,missing
1785859555,15871,ok
1785859555,15870,ok
1785859555,15855,missing
1785859556,15872,ok
1785859556,15875,ok
1785859556,15862,missing
1785859556,15877,ok
1785859556,15866,missing
1785859556,15867,missing
1785859556,15860,missing
1785859556,15865,missing
1785859557,15864,missing
1785859557,15858,missing
1785859557,15885,ok
1785859557,15887,ok
1785859557,15879,ok
1785859558,15861,missing
1785859558,15886,ok
1785859558,15874,missing
1785859558,15873,missing
1785859559,15891,ok
1785859559,15892,ok
1785859559,15876,missing
1785859559,15878,missing
1785859559,15880,missing
1785859560,15882,missing
1785859560,15883,missing
1785859560,15884,missing
1785859560,15881,missing
1785859560,15888,missing
1785859561,15889,missing
1785859561,15897,ok
1785859561,15905,ok
1785859561,15906,ok
1785859561,15901,ok
1785859561,15890,missing
1785859562,15895,missing
1785859562,15893,missing
1785859562,15896,missing
1785859562,15894,missing
1785859562,15899,missing
1785859562,15898,missing
1785859563,15900,missing
1785859563,15902,missing
1785859564,15904,missing
1785859564,15903,missing
1785859564,15912,missing
1785859565,15909,missing
1785859565,15907,missing
1785859565,15914,missing
1785859565,15911,missing
1785859565,15916,missing
1785859565,15915,missing
1785859566,15918,missing
1785859566,15910,missing
1785859566,15917,missing
1785859566,15913,missing
1785859566,15924,ok
1785859566,15925,ok
1785859567,15931,ok
1785859567,15929,ok
1785859567,15927,ok
1785859567,15920,missing
1785859567,15930,ok
1785859567,15908,missing
1785859567,15919,missing
1785859568,15939,ok
1785859568,15923,missing
1785859569,15926,missing
1785859569,15922,missing
1785859569,15928,missing
1785859570,15933,missing
1785859570,15936,missing
1785859570,15932,missing
1785859570,15934,missing
1785859570,15938,missing
1785859570,15935,missing
1785859571,15937,missing
1785859571,15941,missing
1785859571,15921,ok
1785859571,15940,missing
1785859571,15942,missing
1785859572,15943,missing
1785859572,15944,missing
1785859572,15949,ok
1785859572,15945,missing
1785859573,15950,missing
1785859573,15946,missing
1785859573,15959,ok
1785859573,15947,missing
1785859573,15951,missing
1785859574,15953,missing
1785859574,15952,missing
1785859574,15948,missing
1785859574,15955,missing
1785859575,15965,ok
1785859575,15970,ok
1785859575,15968,ok
1785859575,15969,ok
1785859575,15957,missing
1785859575,15956,missing
1785859576,15961,missing
1785859576,15960,missing
1785859576,15954,missing
1785859576,15958,missing
1785859576,15975,ok
1785859576,15962,missing
1785859576,15973,ok
1785859577,15966,missing
1785859577,15964,missing
1785859577,15984,ok
1785859577,15963,missing
1785859578,15967,missing
1785859578,15988,ok
1785859578,15971,missing
1785859579,15974,missing
1785859579,15978,missing
1785859579,15972,missing
1785859579,15980,missing
1785859579,15979,missing
1785859579,15976,missing
1785859579,15989,ok
1785859580,15977,missing
1785859580,15981,missing
1785859580,15983,missing
1785859580,15991,ok
1785859580,15982,missing
1785859580,15992,ok
1785859580,15986,missing
1785859581,15987,missing
1785859581,16001,ok
1785859581,16002,ok
1785859582,16003,ok
1785859582,15990,missing
1785859582,15985,missing
1785859582,15993,missing
1785859582,15995,missing
1785859582,16006,ok
1785859582,15998,missing
1785859582,15996,missing
1785859583,15999,missing
1785859583,16000,missing
1785859583,15994,missing
1785859584,15997,missing
1785859584,16012,ok
1785859584,16005,missing
1785859584,16007,missing
1785859585,16004,missing
1785859585,16008,missing
1785859585,16023,ok
1785859586,16013,missing
1785859586,16011,missing
1785859586,16009,missing
1785859586,16010,missing
1785859586,16016,missing
1785859586,16014,missing
1785859586,16026,ok
1785859587,16017,missing
1785859587,16015,missing
1785859587,16022,missing
1785859587,16018,missing
1785859587,16029,ok
1785859587,16030,ok
1785859587,16021,missing
1785859588,16020,missing
1785859589,16025,missing
1785859589,16019,missing
1785859589,16024,missing
1785859589,16027,missing
1785859590,16033,missing
1785859590,16031,missing
1785859590,16035,missing
1785859590,16032,missing
1785859590,16034,missing
1785859590,16037,missing
1785859590,16028,missing
1785859590,16038,missing
1785859591,16041,missing
1785859591,16040,missing
1785859591,16048,ok
1785859591,16039,missing
1785859591,16036,missing
1785859591,16051,ok
1785859592,16055,ok
1785859592,16056,ok
1785859592,16042,missing
1785859593,16044,missing
1785859593,16045,missing
1785859593,16046,missing
1785859594,16047,missing
1785859594,16052,missing
1785859594,16043,missing
1785859594,16060,ok
1785859594,16054,missing
1785859594,16053,missing
1785859594,16063,ok
1785859595,16058,missing
1785859595,16050,missing
1785859595,16049,missing
1785859595,16057,missing
1785859595,16069,ok
1785859595,16061,missing
1785859596,16059,missing
1785859596,16064,missing
1785859596,16062,missing
1785859597,16066,missing
1785859597,16065,missing
1785859597,16068,missing
1785859597,16071,missing
1785859598,16067,missing
1785859598,16081,ok
1785859598,16074,missing
1785859598,16073,missing
1785859599,16075,missing
1785859599,16072,missing
1785859599,16070,missing
1785859599,16077,missing
1785859600,16078,missing
1785859600,16090,ok
1785859600,16080,missing
1785859600,16079,missing
1785859600,16082,missing
1785859601,16076,missing
1785859601,16087,missing
1785859601,16085,missing
1785859601,16083,missing
1785859601,16084,missing
1785859602,16089,missing
1785859602,16088,missing
1785859602,16096,ok
1785859602,16091,missing
1785859603,16086,missing
1785859603,16093,missing
1785859603,16094,missing
1785859603,16092,missing
1785859604,16095,missing
1785859604,16099,missing
1785859604,16108,ok
1785859604,16097,missing
1785859604,16098,missing
1785859605,16101,missing
1785859605,16103,missing
1785859605,16100,missing
1785859605,16104,missing
1785859605,16106,missing
1785859606,16102,missing
1785859606,16105,missing
1785859606,16107,missing
1785859606,16119,ok
1785859606,16112,ok
1785859606,16114,ok
1785859606,16111,missing
1785859606,16117,ok
1785859607,16109,missing
1785859608,16110,missing
1785859608,16130,ok
1785859608,16115,missing
1785859608,16113,missing
1785859609,16116,missing
1785859609,16131,ok
1785859609,16121,missing
1785859609,16122,missing
1785859609,16123,missing
1785859609,16124,missing
1785859609,16127,missing
1785859609,16118,missing
1785859610,16120,missing
1785859610,16128,missing
1785859610,16126,missing
1785859610,16129,missing
1785859610,16125,missing
1785859611,16133,missing
1785859612,16147,ok
1785859612,16136,missing
1785859612,16134,missing
1785859612,16135,missing
1785859612,16132,missing
1785859613,16140,missing
1785859613,16139,missing
1785859613,16150,ok
1785859613,16141,missing
1785859613,16143,missing
1785859613,16137,missing
1785859613,16138,missing
1785859613,16145,missing
1785859614,16144,missing
1785859614,16146,missing
1785859614,16148,ok
1785859615,16142,missing
1785859615,16164,ok
1785859616,16153,missing
1785859616,16152,missing
1785859616,16163,ok
1785859616,16157,missing
1785859616,16156,missing
1785859616,16151,missing
1785859616,16155,missing
1785859616,16149,missing
1785859616,16154,missing
1785859617,16160,missing
1785859617,16158,missing
1785859617,16159,missing
1785859617,16161,missing
1785859617,16170,ok
1785859617,16162,missing
1785859617,16174,ok
1785859618,16166,ok
1785859618,16179,ok
1785859619,16165,missing
1785859619,16169,missing
1785859619,16182,ok
1785859619,16168,missing
1785859619,16171,missing
1785859619,16167,missing
1785859620,16173,missing
1785859620,16172,missing
1785859620,16178,missing
1785859620,16176,missing
1785859620,16177,missing
1785859621,16180,missing
1785859621,16183,missing
1785859622,16175,missing
1785859622,16186,missing
1785859623,16189,missing
1785859623,16181,missing
1785859623,16185,missing
1785859623,16192,missing
1785859623,16184,missing
1785859623,16188,missing
1785859623,16187,missing
1785859623,16193,missing
1785859623,16194,missing
1785859624,16191,missing
1785859624,16190,missing
1785859624,16208,ok
1785859624,16199,ok
1785859625,16195,missing
1785859625,16196,missing
1785859625,16211,ok
1785859626,16197,missing
1785859626,16198,missing
1785859626,16205,missing
1785859626,16202,missing
1785859627,16204,missing
1785859627,16201,missing
1785859627,16206,missing
1785859627,16207,missing
1785859627,16203,missing
1785859627,16209,missing
1785859628,16212,missing
1785859628,16221,ok
1785859628,16214,missing
1785859628,16210,missing
1785859629,16200,missing
1785859629,16225,ok
1785859629,16226,ok
1785859629,16228,ok
1785859629,16213,missing
1785859630,16217,missing
1785859630,16219,missing
1785859630,16218,missing
1785859630,16224,ok
1785859630,16223,missing
1785859631,16220,missing
1785859631,16229,ok
1785859631,16216,missing
1785859631,16222,missing
1785859631,16227,missing
1785859631,16237,ok
1785859632,16241,ok
1785859632,16232,missing
1785859633,16234,missing
1785859633,16215,missing
1785859633,16244,ok
1785859633,16236,missing
1785859633,16230,missing
1785859633,16238,missing
1785859633,16231,missing
1785859633,16239,missing
1785859634,16233,missing
1785859634,16242,missing
1785859634,16253,ok
1785859634,16245,missing
1785859635,16235,missing
1785859635,16246,missing
1785859635,16243,missing
1785859636,16240,missing
1785859636,16248,missing
1785859636,16260,ok
1785859636,16250,missing
1785859636,16249,missing
1785859637,16252,missing
1785859637,16263,ok
1785859637,16254,missing
1785859637,16265,ok
1785859637,16251,missing
1785859637,16255,missing
1785859637,16247,missing
1785859637,16257,missing
1785859638,16259,missing
1785859638,16258,missing
1785859638,16272,ok
1785859639,16261,missing
1785859639,16256,missing
1785859639,16262,missing
1785859639,16266,missing
1785859640,16267,missing
1785859640,16280,ok
1785859640,16264,missing
1785859640,16269,missing
1785859640,16281,ok
1785859640,16274,missing
1785859641,16273,missing
1785859641,16270,missing
1785859641,16286,ok
1785859641,16271,missing
1785859641,16277,missing
1785859642,16268,missing
1785859642,16275,missing
1785859642,16278,missing
1785859642,16291,ok
1785859642,16289,ok
1785859643,16279,missing
1785859643,16283,missing
1785859643,16276,missing
1785859643,16284,missing
1785859644,16282,missing
1785859644,16298,ok
1785859644,16287,missing
1785859644,16285,missing
1785859644,16288,missing
1785859644,16292,missing
1785859644,16290,missing
1785859645,16293,missing
1785859645,16294,missing
1785859645,16305,ok
1785859645,16304,ok
1785859645,16295,missing
1785859645,16297,missing
1785859645,16296,missing
1785859646,16311,ok
1785859647,16301,missing
1785859647,16302,missing
1785859647,16312,ok
1785859647,16306,missing
1785859647,16299,missing
1785859647,16303,missing
1785859648,16308,missing
1785859648,16307,missing
1785859648,16300,missing
1785859649,16323,ok
1785859649,16322,ok
1785859649,16317,missing
1785859649,16316,missing
1785859649,16313,missing
1785859649,16310,missing
1785859650,16309,missing
1785859650,16314,missing
1785859651,16321,missing
1785859651,16318,missing
1785859651,16332,ok
1785859651,16324,missing
1785859651,16315,missing
1785859651,16319,missing
1785859651,16325,missing
1785859652,16327,missing
1785859652,16328,missing
1785859652,16320,missing
1785859652,16326,missing
1785859653,16329,missing
1785859653,16331,missing
1785859653,16334,missing
1785859654,16330,missing
1785859654,16333,missing
1785859654,16344,ok
1785859654,16345,ok
1785859654,16338,missing
1785859655,16335,missing
1785859655,16341,missing
1785859655,16336,missing
1785859655,16337,missing
1785859655,16342,missing
1785859655,16350,ok
1785859655,16339,missing
1785859655,16343,missing
1785859656,16352,ok
1785859656,16340,missing
1785859656,16361,ok
1785859656,16347,missing
1785859657,16360,ok
1785859657,16359,ok
1785859657,16349,missing
1785859657,16358,ok
1785859657,16348,missing
1785859657,16346,missing
1785859657,16368,ok
1785859657,16363,ok
1785859658,16351,missing
1785859658,16353,missing
1785859658,16367,ok
1785859658,16355,missing
1785859659,16356,missing
1785859659,16354,missing
1785859659,16374,ok
1785859659,16357,missing
1785859659,16369,ok
1785859659,16362,missing
1785859659,16380,ok
1785859660,16364,missing
1785859660,16378,ok
1785859660,16365,missing
1785859661,16370,missing
1785859661,16373,missing
1785859661,16376,missing
1785859661,16372,missing
1785859661,16375,missing
1785859661,16371,missing
1785859662,16366,missing
1785859662,16377,missing
1785859662,16382,missing
1785859662,16392,ok
1785859662,16383,missing
1785859663,16384,missing
1785859663,16379,missing
1785859663,16393,ok
1785859664,16387,missing
1785859664,16399,ok
1785859664,16388,missing
1785859664,16386,missing
1785859665,16390,missing
1785859665,16391,missing
1785859665,16381,missing
1785859665,16385,missing
1785859665,16389,missing
1785859665,16394,missing
1785859665,16405,ok
1785859665,16403,ok
1785859665,16395,missing
1785859665,16406,ok
1785859666,16397,missing
1785859666,16400,missing
1785859666,16398,missing
1785859667,16396,missing
1785859667,16401,missing
1785859667,16411,ok
1785859667,16418,ok
1785859668,16404,missing
1785859669,16420,ok
1785859669,16417,ok
1785859669,16413,missing
1785859669,16402,missing
1785859669,16412,missing
1785859669,16408,missing
1785859669,16409,missing
1785859669,16414,missing
1785859669,16407,missing
1785859670,16416,missing
1785859670,16415,missing
1785859670,16410,ok
1785859671,16422,missing
1785859671,16419,missing
1785859672,16421,missing
1785859672,16423,missing
1785859672,16428,missing
1785859672,16424,missing
1785859672,16425,missing
1785859672,16426,missing
1785859672,16429,missing
1785859672,16432,missing
1785859673,16427,missing
1785859673,16437,ok
1785859673,16430,missing
1785859673,16434,missing
1785859673,16435,missing
1785859674,16431,missing
1785859674,16436,missing
1785859674,16447,ok
1785859674,16433,missing
1785859675,16439,missing
1785859676,16441,missing
1785859676,16444,missing
1785859676,16446,missing
1785859676,16448,missing
1785859676,16442,missing
1785859676,16443,missing
1785859677,16445,missing
1785859677,16449,missing
1785859677,16438,missing
1785859678,16454,missing
1785859678,16440,missing
1785859678,16451,missing
1785859678,16452,missing
1785859678,16453,missing
1785859679,16466,ok
1785859679,16455,missing
1785859679,16450,missing
1785859679,16457,missing
1785859680,16456,missing
1785859680,16458,missing
1785859680,16461,missing
1785859680,16459,missing
1785859680,16462,missing
1785859680,16460,missing
1785859680,16464,missing
1785859681,16465,missing
1785859682,16469,missing
1785859682,16463,missing
1785859682,16467,missing
1785859682,16483,ok
1785859683,16476,ok
1785859683,16470,missing
1785859683,16472,ok
1785859683,16473,missing
1785859683,16471,missing
1785859683,16468,missing
1785859684,16479,missing
1785859684,16480,missing
1785859684,16488,ok
1785859684,16486,ok
1785859684,16477,missing
1785859684,16474,missing
1785859684,16478,missing
1785859684,16475,missing
1785859684,16490,ok
1785859684,16481,missing
1785859685,16496,ok
1785859685,16482,missing
1785859686,16484,missing
1785859686,16485,missing
1785859687,16495,ok
1785859687,16491,missing
1785859687,16489,missing
1785859687,16494,missing
1785859687,16492,missing
1785859687,16501,ok
1785859687,16493,missing
1785859688,16498,missing
1785859688,16487,missing
1785859688,16505,ok
1785859688,16497,missing
1785859688,16499,missing
1785859688,16504,ok
1785859688,16500,missing
1785859688,16502,missing
1785859689,16503,missing
1785859690,16521,ok
1785859690,16506,missing
1785859690,16507,missing
1785859691,16508,missing
1785859691,16509,missing
1785859691,16510,missing
1785859691,16511,missing
1785859691,16513,missing
1785859691,16516,missing
1785859691,16512,missing
1785859692,16515,missing
1785859692,16517,missing
1785859692,16519,missing
1785859692,16518,missing
1785859693,16533,ok
1785859693,16514,missing
1785859693,16530,ok
1785859693,16520,missing
1785859693,16523,missing
1785859694,16522,missing
1785859694,16524,missing
1785859694,16525,missing
1785859694,16527,missing
1785859695,16542,ok
1785859695,16528,missing
1785859695,16531,missing
1785859695,16540,ok
1785859695,16532,missing
1785859695,16535,missing
1785859696,16529,missing
1785859696,16534,missing
1785859696,16537,missing
1785859696,16547,ok
1785859696,16536,missing
1785859697,16526,missing
1785859697,16543,missing
1785859697,16538,missing
1785859698,16539,missing
1785859698,16544,missing
1785859698,16546,missing
1785859698,16545,missing
1785859698,16548,missing
1785859699,16560,ok
1785859699,16550,missing
1785859699,16541,missing
1785859699,16557,ok
1785859699,16562,ok
1785859699,16553,missing
1785859700,16561,ok
1785859700,16551,missing
1785859700,16554,missing
1785859700,16549,missing
1785859700,16556,missing
1785859700,16555,missing
1785859700,16571,ok
1785859701,16565,ok
1785859701,16552,missing
1785859701,16573,ok
1785859701,16559,missing
1785859701,16569,ok
1785859701,16572,ok
1785859701,16578,ok
1785859702,16581,ok
1785859702,16564,missing
1785859702,16558,missing
1785859702,16567,missing
1785859703,16563,missing
1785859703,16566,missing
1785859703,16568,missing
1785859704,16570,missing
1785859704,16575,missing
1785859704,16576,missing
1785859704,16589,ok
1785859704,16580,missing
1785859705,16579,missing
1785859705,16583,missing
1785859705,16593,ok
1785859705,16577,missing
1785859705,16574,missing
1785859706,16584,missing
1785859706,16587,missing
1785859706,16586,missing
1785859706,16582,missing
1785859706,16585,missing
1785859706,16597,ok
1785859706,16592,ok
1785859706,16596,ok
1785859706,16588,missing
1785859707,16601,ok
1785859707,16590,ok
1785859707,16604,ok
1785859707,16600,ok
1785859707,16605,ok
1785859708,16602,ok
1785859708,16591,missing
1785859708,16594,missing
1785859708,16599,missing
1785859709,16595,missing
1785859709,16598,missing
1785859709,16603,missing
1785859709,16609,missing
1785859709,16620,ok
1785859710,16608,missing
1785859710,16607,missing
1785859710,16612,missing
1785859711,16624,ok
1785859711,16614,missing
1785859711,16613,missing
1785859711,16616,missing
1785859711,16611,missing
1785859711,16610,missing
1785859711,16606,missing
1785859711,16617,missing
1785859712,16628,ok
1785859712,16615,missing
1785859712,16619,missing
1785859712,16621,missing
1785859712,16634,ok
1785859713,16632,ok
1785859713,16623,missing
1785859713,16618,missing
1785859713,16622,missing
1785859714,16625,missing
1785859714,16626,missing
1785859714,16627,missing
1785859714,16640,ok
1785859714,16630,missing
1785859714,16629,missing
1785859715,16631,missing
1785859716,16635,missing
1785859716,16639,missing
1785859716,16636,missing
1785859716,16638,missing
1785859716,16633,missing
1785859716,16641,missing
1785859717,16637,missing
1785859717,16643,missing
1785859717,16642,missing
1785859717,16644,missing
1785859718,16646,missing
1785859718,16649,missing
1785859718,16645,missing
1785859718,16659,ok
1785859718,16647,missing
1785859718,16662,ok
1785859719,16648,missing
1785859719,16663,ok
1785859719,16650,missing
1785859719,16661,ok
1785859719,16664,ok
1785859719,16665,ok
1785859719,16654,missing
1785859719,16653,missing
1785859720,16651,missing
1785859720,16652,missing
1785859720,16671,ok
1785859720,16657,missing
1785859720,16656,missing
1785859721,16655,missing
1785859721,16673,ok
1785859721,16658,missing
1785859721,16660,missing
1785859722,16666,missing
1785859722,16668,missing
1785859722,16669,missing
1785859723,16670,missing
1785859723,16675,missing
1785859723,16677,missing
1785859723,16681,ok
1785859723,16667,missing
1785859723,16685,ok
1785859723,16676,missing
1785859724,16687,ok
1785859724,16688,ok
1785859724,16679,missing
1785859724,16689,ok
1785859724,16691,ok
1785859724,16692,ok
1785859724,16686,ok
1785859724,16683,missing
1785859724,16678,missing
1785859724,16682,missing
1785859725,16680,missing
1785859725,16674,missing
1785859725,16695,ok
1785859725,16690,ok
1785859725,16684,missing
1785859725,16672,missing
1785859725,16697,ok
1785859725,16705,ok
1785859725,16702,ok
1785859726,16707,ok
1785859726,16699,ok
1785859726,16709,ok
1785859726,16713,ok
1785859727,16693,missing
1785859727,16711,ok
1785859727,16714,ok
1785859727,16698,missing
1785859728,16696,missing
1785859728,16700,missing
1785859728,16717,ok
1785859728,16694,missing
1785859728,16703,missing
1785859728,16708,missing
1785859729,16701,ok
1785859729,16706,missing
1785859729,16726,ok
1785859729,16712,missing
1785859729,16704,missing
1785859730,16716,missing
1785859730,16715,missing
1785859731,16718,missing
1785859731,16720,missing
1785859732,16722,missing
1785859732,16710,missing
1785859732,16727,missing
1785859732,16735,ok
1785859732,16721,missing
1785859732,16719,missing
1785859732,16724,missing
1785859732,16728,missing
1785859732,16731,missing
1785859733,16729,missing
1785859733,16730,missing
1785859733,16737,ok
1785859734,16739,ok
1785859735,16734,missing
1785859735,16736,missing
1785859735,16723,missing
1785859735,16733,missing
1785859735,16741,missing
1785859735,16743,missing
1785859736,16742,missing
1785859736,16745,missing
1785859736,16740,missing
1785859736,16746,missing
1785859736,16750,ok
1785859736,16732,missing
1785859737,16744,missing
1785859737,16747,missing
1785859737,16758,ok
1785859737,16751,ok
1785859737,16754,ok
1785859738,16725,ok
1785859738,16748,missing
1785859738,16738,missing
1785859738,16765,ok
1785859738,16759,ok
1785859738,16763,ok
1785859738,16749,missing
1785859739,16764,ok
1785859739,16753,missing
1785859739,16752,missing
1785859739,16756,missing
1785859739,16766,ok
1785859739,16755,missing
1785859740,16760,missing
1785859740,16757,missing
1785859740,16773,ok
1785859741,16774,ok
1785859741,16767,missing
1785859741,16762,missing
1785859741,16779,ok
1785859741,16769,missing
1785859742,16772,missing
1785859742,16761,missing
1785859742,16770,missing
1785859742,16768,missing
1785859742,16783,ok
1785859742,16775,missing
1785859743,16776,missing
1785859743,16771,missing
1785859743,16789,ok
1785859743,16780,missing
1785859744,16777,missing
1785859744,16781,missing
1785859744,16782,missing
1785859745,16796,ok
1785859745,16784,missing
1785859745,16787,missing
1785859745,16778,missing
1785859745,16786,missing
1785859746,16788,missing
1785859746,16792,missing
1785859746,16793,missing
1785859746,16791,missing
1785859746,16790,missing
1785859746,16785,missing
1785859747,16795,missing
1785859747,16805,ok
1785859747,16794,missing
1785859747,16797,missing
1785859747,16798,missing
1785859748,16801,missing
1785859748,16799,missing
1785859748,16800,missing
1785859749,16816,ok
1785859749,16804,missing
1785859749,16802,missing
1785859749,16806,missing
1785859749,16809,missing
1785859750,16807,missing
1785859750,16803,missing
1785859750,16811,missing
1785859750,16820,ok
1785859750,16814,missing
1785859750,16823,ok
1785859750,16822,ok
1785859750,16808,missing
1785859750,16812,missing
1785859751,16810,missing
1785859751,16815,missing
1785859751,16813,missing
1785859751,16833,ok
1785859751,16817,missing
1785859752,16826,ok
1785859752,16819,missing
1785859753,16821,missing
1785859753,16824,ok
1785859753,16825,missing
1785859753,16827,missing
1785859754,16818,missing
1785859754,16832,missing
1785859754,16831,missing
1785859754,16828,missing
1785859754,16834,missing
1785859755,16829,missing
1785859755,16830,missing
1785859755,16837,missing
1785859755,16835,missing
1785859756,16839,missing
1785859757,16840,missing
1785859757,16843,missing
1785859757,16847,missing
1785859757,16844,missing
1785859757,16836,missing
1785859757,16841,missing
1785859758,16848,missing
1785859758,16850,missing
1785859758,16849,missing
1785859758,16846,missing
1785859758,16838,missing
1785859759,16852,missing
1785859759,16845,missing
1785859759,16851,missing
1785859759,16842,missing
1785859759,16864,ok
1785859759,16865,ok
1785859760,16861,ok
1785859760,16854,missing
1785859760,16853,missing
1785859760,16866,ok
1785859760,16856,missing
1785859761,16857,missing
1785859761,16855,missing
1785859761,16860,missing
1785859761,16859,missing
1785859761,16870,ok
1785859761,16858,missing
1785859762,16862,missing
1785859762,16872,ok
1785859762,16880,ok
1785859763,16863,missing
1785859763,16868,missing
1785859763,16871,missing
1785859763,16869,missing
1785859763,16867,missing
1785859763,16873,missing
1785859763,16874,missing
1785859764,16875,missing
1785859764,16876,missing
1785859764,16877,missing
1785859764,16878,missing
1785859765,16881,missing
1785859765,16890,ok
1785859765,16893,ok
1785859765,16884,missing
1785859765,16882,missing
1785859765,16879,missing
1785859766,16894,ok
1785859766,16895,ok
1785859766,16899,ok
1785859766,16883,missing
1785859766,16886,missing
1785859766,16888,missing
1785859766,16885,missing
1785859766,16897,ok
1785859766,16887,missing
1785859767,16891,missing
1785859767,16889,missing
1785859767,16892,missing
1785859768,16896,missing
1785859768,16911,ok
1785859768,16898,missing
1785859769,16900,missing
1785859769,16902,missing
1785859769,16906,missing
1785859769,16904,missing
1785859770,16910,missing
1785859770,16908,missing
1785859770,16907,missing
1785859770,16901,missing
1785859770,16905,missing
1785859771,16903,missing
1785859771,16909,missing
1785859771,16920,ok
1785859771,16913,missing
1785859771,16912,missing
1785859772,16915,missing
1785859772,16914,missing
1785859772,16916,missing
1785859773,16918,missing
1785859773,16917,missing
1785859773,16932,ok
1785859773,16921,missing
1785859773,16922,missing
1785859773,16923,missing
1785859774,16926,missing
1785859774,16927,missing
1785859774,16930,missing
1785859774,16928,missing
1785859775,16925,missing
1785859775,16929,missing
1785859775,16924,missing
1785859775,16919,missing
1785859775,16933,missing
1785859776,16935,missing
1785859776,16934,missing
1785859776,16931,missing
1785859776,16942,ok
1785859776,16946,ok
1785859777,16951,ok
1785859777,16937,missing
1785859777,16948,ok
1785859777,16936,missing
1785859777,16938,missing
1785859777,16940,missing
1785859777,16952,ok
1785859777,16954,ok
1785859778,16941,missing
1785859778,16939,missing
1785859778,16944,missing
1785859779,16950,missing
1785859780,16963,ok
1785859780,16953,missing
1785859780,16955,missing
1785859780,16957,missing
1785859781,16959,missing
1785859781,16945,missing
1785859781,16949,missing
1785859781,16958,missing
1785859782,16956,missing
1785859782,16967,ok
1785859782,16962,missing
1785859782,16964,missing
1785859782,16961,missing
1785859783,16960,missing
1785859783,16966,missing
1785859783,16947,missing
1785859784,16965,missing
1785859784,16968,missing
1785859784,16969,missing
1785859784,16972,missing
1785859785,16975,missing
1785859785,16971,missing
1785859785,16970,missing
1785859786,16973,missing
1785859786,16976,missing
1785859786,16977,missing
1785859786,16974,missing
1785859786,16978,missing
1785859787,16979,missing
1785859787,16981,missing
1785859787,16984,missing
1785859787,16983,missing
1785859788,16943,missing
1785859788,16982,missing
1785859789,16989,ok
1785859789,16986,missing
1785859789,16999,ok
1785859789,16985,missing
1785859789,16992,missing
1785859789,16988,missing
1785859789,16987,missing
1785859790,16990,missing
1785859790,16994,missing
1785859790,17001,ok
1785859790,16991,missing
1785859790,16995,missing
1785859791,16993,missing
1785859791,16980,missing
1785859791,16997,missing
1785859792,16998,missing
1785859792,17002,missing
1785859792,17005,missing
1785859792,16996,missing
1785859793,17006,missing
1785859793,17003,missing
1785859793,17019,ok
1785859794,17004,missing
1785859794,17007,missing
1785859794,17011,missing
1785859794,17000,missing
1785859794,17008,missing
1785859794,17018,ok
1785859795,17024,ok
1785859795,17020,ok
1785859795,17015,missing
1785859795,17012,missing
1785859795,17010,missing
1785859795,17013,missing
1785859796,17009,missing
1785859796,17023,ok
1785859796,17017,missing
1785859796,17014,missing
1785859796,17027,ok
1785859796,17016,missing
1785859797,17039,ok
1785859797,17025,missing
1785859798,17026,missing
1785859798,17022,missing
1785859798,17028,missing
1785859798,17021,missing
1785859798,17032,missing
1785859798,17037,ok
1785859799,17031,missing
1785859799,17030,missing
1785859799,17029,missing
1785859799,17035,missing
1785859800,17034,missing
1785859800,17038,missing
1785859800,17033,missing
1785859800,17048,ok
1785859800,17049,ok
1785859800,17041,missing
1785859801,17042,missing
1785859801,17055,ok
1785859801,17040,missing
1785859801,17044,missing
1785859802,17047,missing
1785859802,17060,ok
1785859802,17043,missing
1785859802,17045,missing
1785859802,17059,ok
1785859803,17050,missing
1785859803,17052,missing
1785859803,17054,missing
1785859803,17053,missing
1785859803,17051,missing
1785859803,17068,ok
1785859804,17057,missing
1785859804,17036,missing
1785859804,17056,missing
1785859804,17072,ok
1785859805,17058,missing
1785859805,17075,ok
1785859805,17061,missing
1785859806,17076,ok
1785859806,17078,ok
1785859806,17063,missing
1785859806,17079,ok
1785859806,17067,missing
1785859806,17062,missing
1785859807,17064,missing
1785859807,17066,missing
1785859807,17070,missing
1785859807,17080,ok
1785859807,17086,ok
1785859807,17084,ok
1785859808,17087,ok
1785859808,17074,missing
1785859808,17065,missing
1785859808,17073,missing
1785859808,17077,missing
1785859808,17088,ok
1785859808,17071,missing
1785859808,17090,ok
1785859808,17069,missing
1785859809,17098,ok
1785859809,17094,ok
1785859809,17092,ok
1785859810,17082,missing
1785859810,17081,missing
1785859810,17085,missing
1785859810,17083,missing
1785859810,17104,ok
1785859811,17089,missing
1785859811,17093,missing
1785859811,17100,missing
1785859811,17095,missing
1785859812,17096,missing
1785859812,17097,missing
1785859812,17107,ok
1785859812,17091,missing
1785859812,17099,missing
1785859812,17102,missing
1785859813,17101,missing
1785859813,17113,ok
1785859813,17106,missing
1785859814,17119,ok
1785859814,17110,missing
1785859814,17103,missing
1785859814,17105,missing
1785859815,17108,missing
1785859815,17111,missing
1785859815,17114,missing
1785859815,17115,missing
1785859816,17112,missing
1785859816,17116,missing
1785859816,17109,missing
1785859816,17117,missing
1785859816,17118,missing
1785859816,17126,ok
1785859816,17120,missing
1785859817,17136,ok
1785859817,17122,missing
1785859817,17134,ok
1785859818,17123,missing
1785859818,17121,missing
1785859818,17124,missing
1785859818,17125,missing
1785859819,17139,ok
1785859819,17128,missing
1785859819,17130,missing
1785859819,17046,missing
1785859819,17133,missing
1785859820,17129,missing
1785859820,17144,ok
1785859820,17135,missing
1785859820,17127,missing
1785859820,17132,missing
1785859820,17131,missing
1785859821,17137,missing
1785859821,17142,missing
1785859821,17138,missing
1785859822,17140,missing
1785859822,17146,missing
1785859822,17141,missing
1785859823,17145,missing
1785859823,17156,ok
1785859823,17158,ok
1785859823,17143,missing
1785859823,17147,missing
1785859823,17149,missing
1785859823,17152,missing
1785859823,17161,ok
1785859824,17148,missing
1785859824,17151,missing
1785859824,17160,ok
1785859824,17159,ok
1785859824,17163,ok
1785859824,17150,missing
1785859824,17154,missing
1785859825,17157,missing
1785859825,17153,missing
1785859825,17155,missing
1785859826,17167,ok
1785859826,17164,missing
1785859827,17170,missing
1785859827,17162,missing
1785859827,17166,missing
1785859827,17172,missing
1785859827,17171,missing
1785859828,17173,missing
1785859828,17176,missing
1785859828,17169,missing
1785859828,17168,missing
1785859828,17175,missing
1785859828,17177,missing
1785859829,17178,missing
1785859829,17165,missing
1785859829,17188,ok
1785859829,17174,missing
1785859830,17179,missing
1785859830,17181,missing
1785859831,17180,missing
1785859831,17182,missing
1785859831,17183,missing
1785859831,17184,missing
1785859831,17185,missing
1785859832,17190,missing
1785859832,17197,ok
1785859832,17193,missing
1785859832,17189,missing
1785859832,17201,ok
1785859832,17202,ok
1785859832,17194,missing
1785859833,17192,missing
1785859833,17191,missing
1785859833,17187,missing
1785859833,17196,missing
1785859833,17195,missing
1785859833,17204,ok
1785859834,17200,missing
1785859835,17198,missing
1785859835,17186,missing
1785859835,17207,missing
1785859836,17208,missing
1785859836,17206,missing
1785859836,17209,missing
1785859836,17205,missing
1785859836,17203,missing
1785859836,17199,missing
1785859837,17212,missing
1785859837,17211,missing
1785859837,17215,missing
1785859837,17210,missing
1785859838,17213,missing
1785859838,17216,missing
1785859838,17228,ok
1785859838,17214,missing
1785859839,17230,ok
1785859839,17229,ok
1785859839,17218,missing
1785859839,17222,missing
1785859839,17223,missing
1785859839,17220,missing
1785859840,17219,missing
1785859840,17217,missing
1785859840,17221,missing
1785859840,17233,ok
1785859840,17226,missing
1785859840,17225,missing
1785859840,17236,ok
1785859840,17232,ok
1785859841,17231,missing
1785859841,17227,ok
1785859841,17224,missing
1785859842,17235,missing
1785859842,17243,ok
1785859842,17238,missing
1785859842,17237,missing
1785859843,17234,missing
1785859843,17250,ok
1785859843,17241,missing
1785859843,17239,missing
1785859843,17240,ok
1785859843,17242,missing
1785859843,17255,ok
1785859844,17246,missing
1785859844,17244,missing
1785859845,17245,missing
1785859845,17247,missing
1785859845,17248,missing
1785859845,17249,missing
1785859846,17267,ok
1785859846,17251,missing
1785859846,17254,missing
1785859846,17252,missing
1785859846,17257,missing
1785859846,17258,missing
1785859847,17256,missing
1785859847,17262,missing
1785859847,17259,missing
1785859847,17253,missing
1785859847,17260,missing
1785859848,17264,missing
1785859848,17266,missing
1785859849,17278,ok
1785859849,17263,missing
1785859849,17268,missing
1785859849,17265,missing
1785859849,17280,ok
1785859850,17269,missing
1785859850,17274,missing
1785859850,17272,missing
1785859850,17270,missing
1785859850,17273,missing
1785859850,17271,missing
1785859851,17284,ok
1785859851,17283,ok
1785859851,17276,missing
1785859851,17285,ok
1785859851,17287,ok
1785859851,17279,missing
1785859851,17277,missing
1785859852,17275,missing
1785859852,17281,missing
1785859852,17282,missing
1785859852,17261,missing
1785859854,17290,missing
1785859854,17289,missing
1785859854,17286,missing
1785859854,17288,missing
1785859854,17293,missing
1785859854,17296,missing
1785859855,17298,missing
1785859855,17292,missing
1785859855,17297,missing
1785859855,17291,missing
1785859855,17303,ok
1785859855,17294,missing
1785859855,17307,ok
1785859855,17308,ok
1785859855,17304,ok
1785859856,17301,missing
1785859856,17300,missing
1785859856,17314,ok
1785859856,17312,ok
1785859856,17299,missing
1785859857,17302,missing
1785859858,17305,missing
1785859858,17309,missing
1785859858,17310,missing
1785859858,17306,missing
1785859858,17313,missing
1785859859,17317,missing
1785859859,17311,missing
1785859859,17315,missing
1785859859,17316,missing
1785859859,17326,ok
1785859860,17321,missing
1785859860,17320,missing
1785859860,17318,missing
1785859860,17322,missing
1785859860,17323,missing
1785859861,17319,missing
1785859861,17338,ok
1785859862,17325,missing
1785859862,17330,ok
1785859862,17327,missing
1785859862,17331,missing
1785859862,17324,missing
1785859862,17329,missing
1785859863,17334,missing
1785859863,17332,missing
1785859864,17346,ok
1785859864,17333,missing
1785859864,17336,missing
1785859864,17347,ok
1785859864,17337,missing
1785859864,17335,missing
1785859864,17340,missing
1785859865,17339,missing
1785859865,17351,ok
1785859865,17352,ok
1785859865,17350,ok
1785859865,17342,missing
1785859865,17353,ok
1785859865,17343,missing
1785859866,17345,missing
1785859866,17357,ok
1785859866,17344,missing
1785859866,17360,ok
1785859866,17363,ok
1785859866,17348,missing
1785859867,17358,ok
1785859867,17341,missing
1785859867,17328,missing
1785859868,17349,missing
1785859868,17354,missing
1785859868,17355,missing
1785859869,17362,missing
1785859869,17356,missing
1785859869,17359,missing
1785859869,17361,missing
1785859869,17365,missing
1785859870,17366,missing
1785859870,17370,missing
1785859870,17367,missing
1785859871,17368,missing
1785859871,17372,missing
1785859871,17373,missing
1785859871,17364,missing
1785859871,17382,ok
1785859871,17383,ok
1785859872,17374,missing
1785859872,17369,missing
1785859872,17377,missing
1785859872,17371,missing
1785859872,17388,ok
1785859873,17389,ok
1785859873,17375,missing
1785859873,17379,missing
1785859873,17380,missing
1785859873,17376,missing
1785859873,17378,missing
1785859874,17391,ok
1785859874,17384,missing
1785859874,17393,ok
1785859874,17396,ok
1785859875,17387,missing
1785859875,17381,missing
1785859875,17386,missing
1785859875,17390,missing
1785859876,17392,missing
1785859876,17405,ok
1785859877,17385,missing
1785859877,17398,missing
1785859877,17394,missing
1785859877,17400,missing
1785859877,17395,missing
1785859878,17410,ok
1785859878,17402,missing
1785859878,17397,missing
1785859878,17409,ok
1785859878,17404,missing
1785859878,17399,missing
1785859878,17401,missing
1785859878,17414,ok
1785859879,17406,missing
1785859879,17412,ok
1785859879,17411,ok
1785859879,17416,ok
1785859879,17407,missing
1785859879,17413,ok
1785859880,17422,ok
1785859880,17408,missing
1785859881,17417,missing
1785859881,17415,missing
1785859881,17418,missing
1785859882,17420,missing
1785859882,17423,missing
1785859882,17419,missing
1785859882,17424,missing
1785859883,17421,missing
1785859883,17435,ok
1785859883,17429,missing
1785859883,17425,missing
1785859883,17426,missing
1785859883,17428,missing
1785859883,17403,missing
1785859884,17432,ok
1785859884,17430,missing
1785859884,17439,ok
1785859885,17427,missing
1785859885,17431,missing
1785859885,17433,missing
1785859885,17434,missing
1785859885,17295,missing
1785859886,17436,missing
1785859886,17438,missing
1785859886,17442,missing
1785859886,17447,ok
1785859887,17443,missing
1785859887,17440,missing
1785859887,17446,missing
1785859887,17444,missing
1785859887,17445,missing
1785859887,17441,missing
1785859888,17451,ok
1785859888,17448,missing
1785859888,17462,ok
1785859888,17461,ok
1785859888,17458,ok
1785859889,17449,missing
1785859889,17460,ok
1785859889,17452,missing
1785859890,17454,missing
1785859890,17450,missing
1785859890,17456,missing
1785859890,17453,missing
1785859890,17455,missing
1785859890,17457,missing
1785859890,17459,missing
1785859891,17470,ok
1785859891,17468,ok
1785859891,17463,missing
1785859892,17479,ok
1785859892,17464,missing
1785859892,17469,missing
1785859893,17466,missing
1785859893,17465,missing
1785859893,17437,missing
1785859893,17478,ok
1785859893,17474,missing
1785859893,17481,ok
1785859893,17472,missing
1785859894,17471,missing
1785859894,17473,missing
1785859894,17477,missing
1785859894,17467,missing
1785859894,17476,missing
1785859894,17475,missing
1785859895,17491,ok
1785859895,17480,missing
1785859895,17488,ok
1785859895,17495,ok
1785859895,17492,ok
1785859895,17482,missing
1785859896,17483,missing
1785859896,17485,missing
1785859896,17487,missing
1785859897,17486,missing
1785859897,17490,missing
1785859897,17493,missing
1785859897,17484,missing
1785859897,17494,missing
1785859898,17502,ok
1785859898,17489,missing
1785859898,17496,missing
1785859898,17498,missing
1785859898,17501,missing
1785859899,17497,missing
1785859899,17514,ok
1785859899,17500,missing
1785859899,17503,missing
1785859900,17505,missing
1785859900,17513,ok
1785859900,17511,ok
1785859900,17506,missing
1785859900,17507,missing
1785859900,17520,ok
1785859901,17510,missing
1785859901,17504,missing
1785859901,17508,missing
1785859902,17515,missing
1785859902,17528,ok
1785859902,17522,ok
1785859902,17516,missing
1785859902,17512,missing
1785859903,17517,missing
1785859903,17518,missing
1785859903,17521,missing
1785859903,17532,ok
1785859903,17519,missing
1785859904,17524,missing
1785859904,17525,missing
1785859904,17534,ok
1785859904,17533,ok
1785859904,17527,missing
1785859904,17523,missing
1785859904,17526,missing
1785859904,17537,ok
1785859905,17509,missing
1785859905,17543,ok
1785859905,17499,missing
1785859906,17545,ok
1785859906,17530,missing
1785859906,17547,ok
1785859906,17529,missing
1785859906,17531,missing
1785859906,17535,missing
1785859907,17554,ok
1785859907,17538,missing
1785859907,17544,missing
1785859907,17551,ok
1785859908,17536,missing
1785859908,17549,missing
1785859908,17539,missing
1785859908,17546,missing
1785859908,17540,missing
1785859909,17542,missing
1785859909,17550,missing
1785859909,17548,missing
1785859909,17563,ok
1785859910,17565,ok
1785859910,17552,missing
1785859910,17541,missing
1785859911,17556,missing
1785859911,17555,missing
1785859911,17562,ok
1785859911,17570,ok
1785859911,17557,missing
1785859911,17558,missing
1785859911,17569,ok
1785859912,17553,missing
1785859912,17564,missing
1785859912,17574,ok
1785859912,17567,missing
1785859912,17566,missing
1785859912,17560,missing
1785859912,17568,ok
1785859913,17561,missing
1785859913,17559,missing
1785859913,17571,missing
1785859914,17583,ok
1785859914,17575,missing
1785859915,17577,missing
1785859915,17576,missing
1785859915,17578,missing
1785859915,17572,missing
1785859915,17573,missing
1785859915,17588,ok
1785859915,17579,missing
1785859915,17580,ok
1785859915,17594,ok
1785859915,17591,ok
1785859916,17581,missing
1785859916,17598,ok
1785859916,17585,missing
1785859916,17584,missing
1785859916,17582,missing
1785859917,17586,missing
1785859917,17587,missing
1785859917,17589,missing
1785859917,17599,ok
1785859918,17593,missing
1785859918,17592,missing
1785859918,17609,ok
1785859918,17597,missing
1785859918,17596,missing
1785859919,17611,ok
1785859919,17601,missing
1785859919,17600,missing
1785859919,17603,missing
1785859919,17604,missing
1785859920,17590,missing
1785859920,17602,missing
1785859920,17616,ok
1785859920,17618,ok
1785859920,17606,missing
1785859920,17605,missing
1785859920,17607,missing
1785859921,17595,missing
1785859921,17610,missing
1785859921,17612,missing
1785859922,17615,missing
1785859923,17617,missing
1785859923,17614,missing
1785859923,17622,missing
1785859923,17613,missing
1785859924,17625,missing
1785859924,17619,missing
1785859924,17626,missing
1785859924,17620,missing
1785859924,17624,missing
1785859924,17627,missing
1785859924,17621,missing
1785859925,17629,missing
1785859925,17623,missing
1785859925,17628,missing
1785859926,17631,missing
1785859927,17634,missing
1785859927,17632,missing
1785859927,17638,missing
1785859927,17636,missing
1785859927,17630,missing
1785859927,17641,missing
1785859928,17639,missing
1785859928,17640,missing
1785859928,17635,missing
1785859929,17643,missing
1785859929,17637,missing
1785859929,17633,missing
1785859929,17644,missing
1785859930,17645,missing
1785859930,17642,missing
1785859930,17646,missing
1785859931,17650,missing
1785859931,17652,missing
1785859931,17649,missing
1785859931,17653,missing
1785859931,17648,missing
1785859932,17656,ok
1785859932,17655,missing
1785859932,17608,missing
1785859932,17662,ok
1785859932,17654,missing
1785859933,17657,missing
1785859933,17663,ok
1785859933,17668,ok
1785859933,17651,missing
1785859933,17647,missing
1785859933,17658,missing
1785859933,17661,missing
1785859934,17675,ok
1785859934,17660,missing
1785859934,17659,missing
1785859934,17669,ok
1785859935,17676,ok
1785859935,17665,missing
1785859935,17664,missing
1785859935,17671,ok
1785859936,17667,missing
1785859936,17670,missing
1785859936,17672,missing
1785859936,17666,missing
1785859936,17673,missing
1785859937,17689,ok
1785859937,17688,ok
1785859937,17678,missing
1785859937,17679,missing
1785859937,17674,missing
1785859937,17680,missing
1785859937,17687,ok
1785859938,17677,missing
1785859938,17683,missing
1785859938,17681,missing
1785859938,17684,missing
1785859939,17682,missing
1785859939,17685,missing
1785859939,17703,ok
1785859939,17700,ok
1785859940,17686,missing
1785859940,17692,missing
1785859941,17696,ok
1785859941,17691,missing
1785859941,17694,missing
1785859941,17698,missing
1785859941,17690,missing
1785859941,17693,missing
1785859941,17699,missing
1785859941,17695,missing
1785859942,17697,missing
1785859942,17702,missing
1785859942,17713,ok
1785859942,17717,ok
1785859943,17705,missing
1785859943,17715,ok
1785859943,17707,missing
1785859943,17701,missing
1785859943,17704,missing
1785859944,17719,ok
1785859944,17706,missing
1785859944,17723,ok
1785859945,17712,missing
1785859945,17714,missing
1785859945,17709,missing
1785859945,17710,missing
1785859945,17708,missing
1785859945,17711,missing
1785859945,17718,missing
1785859945,17730,ok
1785859945,17729,ok
1785859946,17731,ok
1785859946,17734,ok
1785859946,17720,missing
1785859946,17721,missing
1785859947,17737,ok
1785859947,17716,missing
1785859948,17727,missing
1785859948,17725,missing
1785859948,17728,missing
1785859948,17726,missing
1785859948,17722,missing
1785859948,17732,missing
1785859948,17735,missing
1785859949,17724,missing
1785859949,17744,ok
1785859949,17739,missing
1785859949,17736,missing
1785859950,17733,missing
1785859950,17740,missing
1785859950,17742,missing
1785859950,17741,missing
1785859950,17743,missing
1785859951,17738,missing
1785859951,17747,missing
1785859952,17749,missing
1785859952,17745,missing
1785859952,17748,missing
1785859952,17746,missing
1785859953,17750,missing
1785859953,17751,missing
1785859953,17754,missing
1785859953,17752,missing
1785859954,17753,missing
1785859954,17756,missing
1785859954,17757,missing
1785859954,17759,missing
1785859954,17755,missing
1785859954,17769,ok
1785859955,17758,missing
1785859955,17761,missing
1785859955,17760,missing
1785859955,17763,missing
1785859955,17765,missing
1785859956,17762,missing
1785859956,17764,missing
1785859956,17766,missing
1785859956,17767,missing
1785859957,17768,missing
1785859958,17770,missing
1785859958,17773,missing
1785859958,17772,missing
1785859958,17771,missing
1785859958,17774,missing
1785859959,17775,missing
1785859959,17777,missing
1785859959,17776,missing
1785859959,17779,missing
1785859959,17780,missing
1785859959,17782,missing
1785859959,17781,missing
1785859959,17778,missing
1785859960,17784,missing
1785859960,17793,ok
1785859960,17783,missing
1785859961,17799,ok
1785859961,17788,missing
1785859961,17787,missing
1785859961,17785,missing
1785859962,17786,missing
1785859962,17790,missing
1785859962,17794,missing
1785859962,17804,ok
1785859963,17798,missing
1785859963,17791,missing
1785859963,17796,missing
1785859963,17792,missing
1785859963,17807,ok
1785859963,17797,missing
1785859963,17795,missing
1785859964,17789,missing
1785859964,17801,missing
1785859964,17800,missing
1785859964,17816,ok
1785859964,17803,missing
1785859965,17802,missing
1785859965,17815,ok
1785859965,17808,ok
1785859965,17806,missing
1785859966,17805,missing
1785859966,17821,ok
1785859966,17823,ok
1785859966,17825,ok
1785859966,17812,missing
1785859966,17813,missing
1785859967,17811,missing
1785859967,17814,missing
1785859967,17817,missing
1785859967,17818,missing
1785859968,17810,missing
1785859968,17822,missing
1785859968,17820,missing
1785859968,17809,missing
1785859969,17819,missing
1785859969,17824,missing
1785859969,17826,missing
1785859969,17827,missing
1785859969,17828,missing
1785859969,17837,ok
1785859970,17840,ok
1785859970,17832,missing
1785859970,17831,missing
1785859970,17839,ok
1785859970,17830,missing
1785859971,17835,missing
1785859971,17833,missing
1785859971,17844,ok
1785859971,17841,ok
1785859971,17847,ok
1785859971,17829,missing
1785859971,17834,missing
1785859972,17842,missing
1785859972,17838,missing
1785859972,17836,missing
1785859972,17856,ok
1785859973,17845,missing
1785859973,17846,missing
1785859973,17843,missing
1785859973,17855,ok
1785859973,17849,missing
1785859973,17848,missing
1785859974,17850,missing
1785859974,17851,missing
1785859974,17865,ok
1785859975,17863,ok
1785859975,17868,ok
1785859975,17869,ok
1785859975,17852,missing
1785859976,17859,missing
1785859976,17871,ok
1785859976,17862,missing
1785859976,17861,missing
1785859976,17858,missing
1785859977,17867,missing
1785859977,17864,missing
1785859977,17854,missing
1785859978,17866,missing
1785859978,17879,ok
1785859978,17878,ok
1785859978,17853,missing
1785859978,17873,missing
1785859978,17872,missing
1785859979,17874,missing
1785859979,17860,missing
1785859979,17870,missing
1785859979,17876,missing
1785859980,17875,missing
1785859980,17857,ok
1785859980,17889,ok
1785859980,17882,missing
1785859980,17891,ok
1785859981,17881,missing
1785859981,17877,missing
1785859981,17880,missing
1785859981,17895,ok
1785859981,17884,missing
1785859981,17897,ok
1785859982,17893,ok
1785859982,17883,missing
1785859982,17886,missing
1785859982,17887,missing
1785859982,17890,missing
1785859983,17888,missing
1785859983,17892,missing
1785859984,17898,ok
1785859984,17894,missing
1785859984,17896,missing
1785859984,17899,missing
1785859985,17900,missing
1785859985,17902,missing
1785859985,17906,missing
1785859985,17904,missing
1785859986,17903,missing
1785859986,17908,missing
1785859986,17905,missing
1785859986,17885,missing
1785859986,17918,ok
1785859986,17907,missing
1785859986,17909,missing
1785859987,17920,ok
1785859987,17910,missing
1785859987,17913,missing
1785859987,17911,missing
1785859988,17901,missing
1785859988,17923,ok
1785859988,17914,missing
1785859988,17915,missing
1785859989,17912,missing
1785859989,17916,missing
1785859989,17921,ok
1785859989,17931,ok
1785859989,17917,missing
1785859989,17930,ok
1785859989,17919,missing
1785859989,17936,ok
1785859990,17922,missing
1785859990,17925,missing
1785859990,17924,missing
1785859991,17942,ok
1785859991,17927,missing
1785859992,17932,missing
1785859992,17933,missing
1785859992,17928,missing
1785859992,17929,missing
1785859992,17937,missing
1785859993,17948,ok
1785859993,17938,missing
1785859993,17950,ok
1785859993,17926,missing
1785859993,17941,missing
1785859993,17934,missing
1785859994,17939,missing
1785859994,17944,missing
1785859994,17953,ok
1785859994,17945,missing
1785859994,17946,missing
1785859994,17940,missing
1785859994,17956,ok
1785859994,17943,missing
1785859994,17935,missing
1785859995,17963,ok
1785859996,17951,missing
1785859996,17947,missing
1785859996,17960,ok
1785859996,17949,missing
1785859996,17969,ok
1785859997,17952,missing
1785859997,17955,missing
1785859997,17958,missing
1785859997,17954,missing
1785859997,17962,missing
1785859998,17965,missing
1785859998,17966,missing
1785859998,17964,missing
1785859998,17957,missing
1785859998,17961,missing
1785859999,17980,ok
1785859999,17968,missing
1785859999,17959,missing
1785859999,17970,missing
1785859999,17972,ok
1785860000,17971,missing
1785860000,17987,ok
1785860000,17967,missing
1785860000,17973,missing
1785860001,17974,missing
1785860001,17975,missing
1785860001,17976,missing
1785860001,17981,missing
1785860001,17991,ok
1785860002,17990,ok
1785860002,17978,missing
1785860002,17983,missing
1785860002,17992,ok
1785860002,17982,missing
1785860002,17977,missing
1785860002,17984,missing
1785860003,17979,missing
1785860003,17986,missing
1785860003,17996,ok
1785860003,17988,missing
1785860003,17999,ok
1785860004,17985,missing
1785860005,18007,ok
1785860005,17995,missing
1785860005,17989,missing
1785860005,17993,missing
1785860006,18001,missing
1785860006,17997,missing
1785860006,18012,ok
1785860006,18003,missing
1785860006,18011,ok
1785860006,18002,missing
1785860006,18000,missing
1785860006,18008,missing
1785860007,17998,missing
1785860007,17994,missing
1785860007,18005,missing
1785860007,18006,missing
1785860008,18009,missing
1785860008,18010,missing
1785860008,18013,missing
1785860009,18014,missing
1785860009,18015,missing
1785860009,18017,missing
1785860009,18004,missing
1785860010,18016,missing
1785860010,18029,ok
1785860010,18018,missing
1785860010,18020,missing
1785860010,18032,ok
1785860010,18021,missing
1785860011,18024,missing
1785860011,18025,missing
1785860011,18022,missing
1785860011,18023,missing
1785860011,18019,missing
1785860011,18026,ok
1785860012,18040,ok
1785860012,18028,missing
1785860012,18027,missing
1785860012,18041,ok
1785860012,18039,ok
1785860012,18042,ok
1785860013,18047,ok
1785860013,18050,ok
1785860013,18037,ok
1785860013,18033,missing
1785860014,18034,missing
1785860014,18031,missing
1785860014,18036,missing
1785860014,18038,missing
1785860014,18030,missing
1785860014,18043,missing
1785860014,18035,missing
1785860015,18053,ok
1785860015,18057,ok
1785860015,18046,missing
1785860015,18058,ok
1785860015,18052,ok
1785860015,18044,missing
1785860016,18054,ok
1785860016,18045,missing
1785860016,18064,ok
1785860016,18048,missing
1785860016,18049,missing
1785860017,18061,ok
1785860017,18051,missing
1785860018,18056,missing
1785860018,18062,missing
1785860018,18060,missing
1785860018,18059,missing
1785860018,18063,missing
1785860019,18075,ok
1785860019,18067,missing
1785860019,18066,missing
1785860019,18065,missing
1785860019,18073,ok
1785860019,18072,missing
1785860020,18069,missing
1785860020,18071,missing
1785860020,18068,missing
1785860020,18055,missing
1785860021,18077,ok
1785860021,18074,missing
1785860021,18070,missing
1785860022,18078,missing
1785860022,18079,missing
1785860022,18076,missing
1785860022,18081,missing
1785860022,18084,missing
1785860022,18082,missing
1785860023,18083,ok
1785860023,18097,ok
1785860023,18085,missing
1785860023,18080,missing
1785860024,18098,ok
1785860024,18086,missing
1785860024,18088,missing
1785860024,18099,ok
1785860024,18092,missing
1785860024,18087,ok
1785860024,18089,missing
1785860024,18100,ok
1785860025,18095,missing
1785860025,18094,missing
1785860025,18093,missing
1785860025,18090,missing
1785860026,18105,ok
1785860026,18096,missing
1785860027,18101,missing
1785860027,18102,missing
1785860027,18103,missing
1785860027,18104,missing
1785860027,18108,missing
1785860028,18117,ok
1785860028,18110,missing
1785860028,18106,missing
1785860029,18107,missing
1785860029,18114,missing
1785860029,18112,missing
1785860029,18120,ok
1785860029,18122,ok
1785860029,18119,ok
1785860029,18111,missing
1785860029,18109,missing
1785860030,18091,missing
1785860030,18113,missing
1785860030,18115,missing
1785860030,18126,ok
1785860031,18116,missing
1785860031,18123,missing
1785860032,18121,missing
1785860032,18118,missing
1785860032,18125,missing
1785860032,18124,missing
1785860032,18136,ok
1785860032,18128,missing
1785860033,18132,missing
1785860033,18133,missing
1785860033,18131,missing
1785860034,18145,ok
1785860034,18127,missing
1785860034,18135,missing
1785860034,18129,missing
1785860034,18134,missing
1785860034,18130,missing
1785860035,18139,missing
1785860035,18137,missing
1785860035,18138,missing
1785860036,18142,missing
1785860036,18140,missing
1785860037,18143,missing
1785860037,18149,missing
1785860037,18141,missing
1785860037,18144,missing
1785860037,18150,missing
1785860038,18153,missing
1785860038,18147,missing
1785860038,18151,missing
1785860038,18161,ok
1785860038,18152,missing
1785860038,18146,missing
1785860038,18148,missing
1785860039,18158,ok
1785860039,18156,missing
1785860039,18155,missing
1785860040,18157,missing
1785860040,18170,ok
1785860040,18154,missing
1785860041,18175,ok
1785860041,18160,missing
1785860041,18163,missing
1785860041,18159,missing
1785860041,18167,ok
1785860041,18164,missing
1785860041,18162,missing
1785860041,18176,ok
1785860041,18173,ok
1785860041,18165,missing
1785860042,18168,missing
1785860042,18166,missing
1785860042,18172,missing
1785860042,18183,ok
1785860043,18171,missing
1785860043,18169,missing
1785860044,18174,missing
1785860044,18179,missing
1785860045,18185,missing
1785860045,18182,missing
1785860045,18186,missing
1785860045,18184,missing
1785860045,18180,missing
1785860046,18190,missing
1785860046,18177,missing
1785860046,18178,missing
1785860046,18187,missing
1785860046,18192,missing
1785860046,18198,ok
1785860047,18181,missing
1785860047,18189,missing
1785860047,18188,missing
1785860047,18193,missing
1785860047,18204,ok
1785860047,18203,ok
1785860047,18191,missing
1785860048,18202,ok
1785860048,18196,missing
1785860048,18197,missing
1785860049,18199,missing
1785860049,18195,missing
1785860049,18194,missing
1785860049,18200,missing
1785860049,18218,ok
1785860050,18217,ok
1785860050,18201,missing
1785860050,18205,missing
1785860050,18221,ok
1785860050,18207,missing
1785860051,18220,ok
1785860051,18208,missing
1785860051,18210,missing
1785860051,18206,missing
1785860051,18209,missing
1785860051,18211,missing
1785860051,18226,ok
1785860052,18213,missing
1785860052,18214,missing
1785860052,18216,missing
1785860052,18212,missing
1785860052,18222,ok
1785860052,18219,missing
1785860053,18223,missing
1785860054,18225,missing
1785860054,18227,missing
1785860054,18215,missing
1785860055,18228,missing
1785860055,18224,missing
1785860055,18232,missing
1785860055,18229,missing
1785860055,18233,missing
1785860055,18235,missing
1785860056,18236,missing
1785860056,18231,missing
1785860056,18234,missing
1785860056,18247,ok
1785860057,18238,missing
1785860057,18248,ok
1785860057,18239,missing
1785860057,18249,ok
1785860057,18230,missing
1785860058,18251,ok
1785860058,18241,missing
1785860058,18240,missing
1785860058,18259,ok
1785860059,18243,missing
1785860059,18244,missing
1785860059,18245,missing
1785860059,18246,missing
1785860059,18242,missing
1785860059,18237,missing
1785860060,18261,ok
1785860060,18250,missing
1785860060,18262,ok
1785860060,18252,missing
1785860060,18255,missing
1785860061,18257,missing
1785860061,18253,missing
1785860061,18256,missing
1785860061,18260,missing
1785860062,18258,missing
1785860062,18264,missing
1785860062,18263,missing
1785860063,18266,ok
1785860063,18267,missing
1785860063,18265,missing
1785860063,18254,missing
1785860064,18271,missing
1785860064,18269,missing
1785860064,18270,missing
1785860064,18272,missing
1785860064,18273,missing
1785860065,18275,missing
1785860065,18280,ok
1785860065,18285,ok
1785860065,18268,missing
1785860065,18274,missing
1785860065,18284,ok
1785860065,18276,missing
1785860066,18277,missing
1785860066,18287,ok
1785860067,18282,missing
1785860067,18279,missing
1785860067,18296,ok
1785860067,18283,missing
1785860067,18289,ok
1785860068,18286,missing
1785860068,18288,missing
1785860068,18290,missing
1785860068,18300,ok
1785860068,18292,missing
1785860068,18293,missing
1785860068,18299,ok
1785860069,18294,missing
1785860069,18303,ok
1785860069,18281,missing
1785860069,18306,ok
1785860069,18295,missing
1785860069,18278,missing
1785860070,18291,missing
1785860070,18301,missing
1785860071,18297,missing
1785860071,18314,ok
1785860071,18298,missing
1785860071,18302,missing
1785860072,18307,missing
1785860072,18304,missing
1785860072,18312,missing
1785860072,18309,missing
1785860072,18318,ok
1785860072,18311,missing
1785860073,18322,ok
1785860073,18310,missing
1785860073,18327,ok
1785860073,18313,missing
1785860073,18315,missing
1785860073,18316,missing
1785860074,18317,missing
1785860074,18324,ok
1785860074,18319,missing
1785860075,18323,missing
1785860075,18321,missing
1785860075,18320,missing
1785860075,18330,ok
1785860076,18333,ok
1785860076,18326,missing
1785860076,18328,missing
1785860077,18332,missing
1785860077,18338,ok
1785860077,18308,missing
1785860077,18329,missing
1785860077,18334,missing
1785860077,18325,missing
1785860078,18348,ok
1785860079,18346,ok
1785860079,18336,missing
1785860079,18345,ok
1785860079,18347,ok
1785860079,18335,missing
1785860079,18340,missing
1785860079,18341,missing
1785860079,18337,missing
1785860079,18331,missing
1785860080,18339,missing
1785860080,18353,ok
1785860080,18343,missing
1785860080,18342,missing
1785860081,18349,missing
1785860081,18344,missing
1785860081,18361,ok
1785860082,18352,missing
1785860082,18350,missing
1785860082,18351,missing
1785860083,18355,missing
1785860083,18359,missing
1785860083,18357,missing
1785860084,18360,missing
1785860084,18358,missing
1785860084,18354,missing
1785860084,18362,missing
1785860084,18363,missing
1785860085,18364,missing
1785860085,18365,missing
1785860085,18366,missing
1785860086,18367,missing
1785860086,18368,missing
1785860086,18370,missing
1785860086,18379,ok
1785860086,18369,missing
1785860087,18356,missing
1785860087,18375,missing
1785860087,18371,missing
1785860088,18373,missing
1785860088,18377,missing
1785860088,18387,ok
1785860088,18374,missing
1785860088,18376,missing
1785860088,18378,missing
1785860088,18305,ok
1785860089,18382,missing
1785860089,18380,missing
1785860089,18392,ok
1785860090,18385,missing
1785860090,18384,missing
1785860090,18372,missing
1785860090,18383,missing
1785860091,18381,missing
1785860091,18399,ok
1785860091,18388,missing
1785860091,18402,ok
1785860092,18386,missing
1785860092,18391,missing
1785860092,18403,ok
1785860092,18393,missing
1785860092,18390,missing
1785860092,18396,missing
1785860093,18395,missing
1785860093,18389,missing
1785860093,18394,missing
1785860093,18398,missing
1785860093,18397,missing
1785860093,18401,missing
1785860093,18400,missing
1785860095,18406,missing
1785860095,18407,missing
1785860095,18409,missing
1785860096,18410,missing
1785860096,18408,missing
1785860096,18404,ok
1785860096,18413,missing
1785860096,18415,missing
1785860096,18405,missing
1785860096,18414,missing
1785860097,18411,missing
1785860097,18416,missing
1785860097,18422,ok
1785860097,18419,missing
1785860097,18418,missing
1785860098,18412,missing
1785860098,18417,missing
1785860099,18421,missing
1785860099,18424,missing
1785860099,18423,missing
1785860099,18420,missing
1785860099,18427,missing
1785860100,18425,missing
1785860100,18438,ok
1785860100,18431,missing
1785860101,18433,missing
1785860101,18430,missing
1785860101,18435,missing
1785860101,18432,missing
1785860101,18429,missing
1785860101,18426,missing
1785860102,18442,ok
1785860102,18428,missing
1785860102,18436,missing
1785860102,18450,ok
1785860102,18434,missing
1785860103,18451,ok
1785860103,18437,missing
1785860103,18447,ok
1785860103,18439,missing
1785860103,18441,missing
1785860104,18444,missing
1785860104,18460,ok
1785860104,18446,ok
1785860104,18445,missing
1785860104,18440,missing
1785860105,18453,ok
1785860105,18459,ok
1785860105,18449,missing
1785860106,18454,missing
1785860106,18448,missing
1785860106,18443,missing
1785860106,18456,missing
1785860107,18470,ok
1785860107,18458,missing
1785860108,18457,missing
1785860108,18455,missing
1785860108,18465,missing
1785860108,18452,ok
1785860108,18464,missing
1785860108,18462,missing
1785860108,18467,missing
1785860108,18476,ok
1785860109,18466,missing
1785860109,18463,missing
1785860109,18469,missing
1785860110,18480,ok
1785860110,18485,ok
1785860110,18471,missing
1785860110,18473,missing
1785860110,18461,missing
1785860110,18468,missing
1785860111,18472,missing
1785860111,18474,missing
1785860111,18475,missing
1785860111,18489,ok
1785860112,18479,missing
1785860112,18477,missing
1785860112,18483,missing
1785860112,18482,missing
1785860113,18495,ok
1785860113,18478,missing
1785860113,18481,missing
1785860113,18488,missing
1785860114,18490,missing
1785860114,18484,missing
1785860114,18491,missing
1785860114,18486,missing
1785860114,18506,ok
1785860114,18487,missing
1785860114,18493,missing
1785860115,18494,missing
1785860115,18496,missing
1785860115,18507,ok
1785860115,18492,missing
1785860116,18498,missing
1785860116,18497,missing
1785860116,18499,missing
1785860116,18502,missing
1785860117,18500,missing
1785860117,18504,missing
1785860118,18519,ok
1785860118,18505,missing
1785860118,18501,missing
1785860118,18508,missing
1785860118,18509,missing
1785860118,18511,missing
1785860119,18512,missing
1785860119,18510,missing
1785860120,18514,missing
1785860120,18513,missing
1785860120,18517,missing
1785860120,18516,missing
1785860120,18503,missing
1785860121,18515,missing
1785860121,18524,ok
1785860121,18518,missing
1785860121,18520,missing
1785860121,18521,missing
1785860122,18529,ok
1785860122,18523,missing
1785860122,18525,missing
1785860122,18527,missing
1785860122,18522,missing
1785860123,18528,missing
1785860124,18530,missing
1785860124,18544,ok
1785860124,18542,ok
1785860124,18536,missing
1785860125,18537,missing
1785860125,18526,missing
1785860125,18534,missing
1785860125,18533,missing
1785860125,18540,missing
1785860125,18539,missing
1785860125,18531,missing
1785860126,18551,ok
1785860126,18538,missing
1785860126,18541,missing
1785860126,18550,ok
1785860127,18549,ok
1785860127,18545,missing
1785860127,18543,missing
1785860128,18535,missing
1785860128,18547,missing
1785860128,18546,missing
1785860128,18553,missing
1785860129,18554,missing
1785860129,18548,missing
1785860129,18532,missing
1785860129,18559,missing
1785860129,18556,missing
1785860129,18558,missing
1785860130,18555,missing
1785860130,18557,missing
1785860130,18561,missing
1785860131,18560,missing
1785860132,18552,ok
1785860132,18563,missing
1785860132,18562,missing
1785860132,18567,missing
1785860132,18564,missing
1785860133,18565,missing
1785860133,18570,missing
1785860133,18573,missing
1785860133,18571,missing
1785860133,18576,ok
1785860133,18569,missing
1785860134,18568,missing
1785860134,18582,ok
1785860134,18575,missing
1785860135,18574,missing
1785860135,18577,missing
1785860135,18566,missing
1785860136,18572,missing
1785860136,18579,missing
1785860136,18580,missing
1785860136,18581,missing
1785860137,18578,missing
1785860137,18596,ok
1785860137,18589,missing
1785860137,18585,missing
1785860137,18584,missing
1785860138,18587,missing
1785860138,18594,ok
1785860138,18586,missing
1785860138,18583,missing
1785860138,18590,missing
1785860138,18588,missing
1785860138,18591,missing
1785860138,18600,ok
1785860139,18593,missing
1785860139,18604,ok
1785860139,18609,ok
1785860139,18592,missing
1785860140,18595,missing
1785860140,18597,missing
1785860141,18602,missing
1785860141,18598,missing
1785860141,18599,missing
1785860142,18603,missing
1785860142,18605,missing
1785860142,18607,missing
1785860142,18611,missing
1785860142,18608,missing
1785860142,18606,missing
1785860142,18610,missing
1785860142,18612,missing
1785860143,18601,missing
1785860143,18614,missing
1785860144,18613,missing
1785860144,18616,missing
1785860144,18618,missing
1785860145,18617,missing
1785860145,18615,missing
1785860145,18622,missing
1785860145,18621,missing
1785860146,18625,missing
1785860146,18619,missing
1785860146,18627,missing
1785860146,18624,missing
1785860146,18633,ok
1785860146,18632,ok
1785860146,18623,missing
1785860147,18629,missing
1785860147,18626,missing
1785860147,18640,ok
1785860147,18620,missing
1785860148,18634,missing
1785860148,18630,missing
1785860148,18644,ok
1785860149,18631,missing
1785860149,18636,missing
1785860149,18637,missing
1785860149,18638,missing
1785860150,18641,missing
1785860150,18639,missing
1785860150,18651,ok
1785860150,18628,missing
1785860150,18650,ok
1785860150,18643,missing
1785860150,18642,missing
1785860150,18646,missing
1785860150,18653,ok
1785860151,18655,ok
1785860151,18645,missing
1785860151,18656,ok
1785860151,18662,ok
1785860151,18654,ok
1785860152,18647,missing
1785860152,18635,missing
1785860152,18648,missing
1785860153,18652,missing
1785860153,18649,missing
1785860153,18659,ok
1785860153,18657,missing
1785860154,18658,missing
1785860154,18663,missing
1785860154,18660,missing
1785860154,18677,ok
1785860155,18664,missing
1785860155,18665,missing
1785860155,18661,missing
1785860155,18668,missing
1785860155,18667,missing
1785860155,18681,ok
1785860156,18666,missing
1785860156,18669,missing
1785860156,18671,missing
1785860156,18674,missing
1785860157,18670,missing
1785860157,18675,missing
1785860157,18672,missing
1785860157,18676,missing
1785860158,18673,missing
1785860158,18678,missing
1785860158,18683,missing
1785860158,18680,missing
1785860159,18685,missing
1785860159,18693,ok
1785860159,18687,missing
1785860159,18682,missing
1785860159,18696,ok
1785860159,18684,missing
1785860160,18688,missing
1785860160,18690,missing
1785860160,18689,missing
1785860161,18686,missing
1785860161,18679,missing
1785860161,18694,missing
1785860161,18692,missing
1785860161,18691,missing
1785860162,18705,ok
1785860162,18708,ok
1785860162,18698,missing
1785860163,18695,missing
1785860163,18697,missing
1785860163,18713,ok
1785860163,18700,ok
1785860163,18699,missing
1785860164,18703,missing
1785860164,18706,missing
1785860164,18701,missing
1785860164,18702,missing
1785860165,18707,missing
1785860165,18710,missing
1785860165,18709,missing
1785860166,18704,missing
1785860166,18712,missing
1785860166,18715,missing
1785860166,18711,missing
1785860166,18726,ok
1785860167,18716,missing
1785860167,18718,missing
1785860167,18719,missing
1785860167,18722,missing
1785860167,18717,missing
1785860167,18720,missing
1785860168,18723,missing
1785860168,18721,missing
1785860169,18725,missing
1785860169,18724,missing
1785860170,18729,missing
1785860170,18728,missing
1785860170,18730,missing
1785860170,18731,missing
1785860170,18740,ok
1785860170,18732,missing
1785860171,18737,missing
1785860171,18735,missing
1785860171,18747,ok
1785860171,18738,missing
1785860172,18734,missing
1785860172,18739,missing
1785860172,18733,missing
1785860173,18727,missing
1785860173,18751,ok
1785860174,18746,missing
1785860174,18744,missing
1785860174,18736,missing
1785860174,18741,missing
1785860174,18742,missing
1785860174,18749,missing
1785860174,18743,missing
1785860175,18757,ok
1785860175,18745,missing
1785860175,18748,missing
1785860175,18754,missing
1785860175,18752,missing
1785860176,18750,missing
1785860176,18762,ok
1785860176,18753,missing
1785860176,18756,missing
1785860177,18755,missing
1785860177,18758,missing
1785860178,18760,missing
1785860178,18764,missing
1785860178,18763,missing
1785860178,18761,missing
1785860179,18767,missing
1785860179,18765,missing
1785860179,18759,missing
1785860179,18766,missing
1785860179,18776,ok
1785860180,18769,missing
1785860180,18770,missing
1785860180,18771,missing
1785860180,18773,missing
1785860180,18784,ok
1785860181,18775,missing
1785860181,18774,missing
1785860181,18772,missing
1785860182,18777,missing
1785860182,18768,missing
1785860183,18779,missing
1785860183,18790,ok
1785860183,18782,missing
1785860183,18785,missing
1785860184,18786,missing
1785860184,18783,missing
1785860184,18781,missing
1785860184,18780,missing
1785860184,18778,missing
1785860185,18714,ok
1785860185,18796,ok
1785860186,18792,missing
1785860186,18794,missing
1785860186,18789,missing
1785860186,18793,missing
1785860186,18795,missing
1785860186,18787,missing
1785860187,18797,missing
1785860187,18791,missing
1785860187,18808,ok
1785860187,18799,missing
1785860188,18798,missing
1785860188,18800,missing
1785860188,18803,missing
1785860189,18802,missing
1785860189,18814,ok
1785860189,18816,ok
1785860189,18807,missing
1785860189,18806,missing
1785860189,18817,ok
1785860190,18788,missing
1785860190,18809,missing
1785860190,18805,missing
1785860190,18804,missing
1785860190,18801,missing
1785860191,18811,missing
1785860191,18810,missing
1785860191,18821,ok
1785860191,18813,missing
1785860191,18815,missing
1785860192,18828,ok
1785860192,18832,ok
1785860192,18833,ok
1785860193,18818,missing
1785860193,18824,missing
1785860193,18820,missing
1785860193,18826,missing
1785860194,18812,missing
1785860194,18823,missing
1785860194,18819,missing
1785860194,18822,missing
1785860194,18827,missing
1785860194,18825,missing
1785860194,18829,missing
1785860195,18830,missing
1785860195,18831,missing
1785860195,18834,missing
1785860196,18850,ok
1785860196,18840,missing
1785860196,18847,ok
1785860197,18838,missing
1785860197,18836,missing
1785860197,18835,missing
1785860197,18837,missing
1785860198,18839,missing
1785860198,18845,missing
1785860198,18851,ok
1785860198,18856,ok
1785860198,18842,missing
1785860198,18844,missing
1785860198,18849,missing
1785860198,18841,missing
1785860198,18858,ok
1785860199,18846,missing
1785860199,18843,missing
1785860200,18862,ok
1785860200,18853,missing
1785860200,18857,ok
1785860200,18848,missing
1785860200,18852,missing
1785860201,18854,missing
1785860201,18855,missing
1785860201,18859,missing
1785860202,18864,missing
1785860202,18865,missing
1785860202,18863,missing
1785860202,18866,missing
1785860202,18861,missing
1785860202,18875,ok
1785860202,18860,missing
1785860202,18868,missing
1785860203,18867,missing
1785860203,18881,ok
1785860203,18872,missing
1785860203,18871,missing
1785860203,18884,ok
1785860204,18870,missing
1785860204,18873,missing
1785860204,18889,ok
1785860205,18869,missing
1785860205,18874,missing
1785860205,18876,missing
1785860205,18887,ok
1785860205,18878,missing
1785860205,18882,missing
1785860206,18877,missing
1785860206,18885,missing
1785860206,18879,missing
1785860206,18891,ok
1785860206,18880,missing
1785860207,18886,missing
1785860207,18883,missing
1785860207,18890,missing
1785860208,18888,missing
1785860208,18892,missing
1785860208,18894,missing
1785860208,18893,missing
1785860209,18907,ok
1785860209,18895,missing
1785860209,18899,missing
1785860209,18902,missing
1785860209,18911,ok
1785860209,18910,ok
1785860210,18903,missing
1785860210,18900,missing
1785860210,18913,ok
1785860210,18914,ok
1785860210,18906,missing
1785860211,18912,ok
1785860211,18904,missing
1785860211,18901,missing
1785860211,18917,ok
1785860211,18905,missing
1785860212,18908,missing
1785860212,18896,missing
1785860212,18909,missing
1785860212,18924,ok
1785860213,18916,missing
1785860213,18915,missing
1785860213,18918,missing
1785860213,18931,ok
1785860214,18898,ok
1785860214,18930,ok
1785860214,18923,missing
1785860214,18922,missing
1785860215,18919,missing
1785860215,18925,missing
1785860215,18926,missing
1785860215,18897,missing
1785860215,18927,missing
1785860215,18920,missing
1785860215,18932,ok
1785860216,18929,missing
1785860216,18944,ok
1785860216,18921,ok
1785860217,18933,missing
1785860217,18936,missing
1785860217,18934,missing
1785860217,18935,missing
1785860218,18939,missing
1785860218,18940,missing
1785860218,18948,ok
1785860218,18942,missing
1785860218,18938,missing
1785860218,18928,missing
1785860219,18945,missing
1785860219,18943,missing
1785860219,18937,missing
1785860219,18941,missing
1785860220,18946,missing
1785860220,18949,missing
1785860221,18951,missing
1785860221,18963,ok
1785860221,18950,missing
1785860221,18952,missing
1785860222,18958,missing
1785860222,18956,missing
1785860222,18957,missing
1785860222,18962,missing
1785860222,18960,missing
1785860222,18954,missing
1785860223,18955,missing
1785860223,18961,missing
1785860223,18959,missing
1785860223,18971,ok
1785860223,18969,ok
1785860224,18953,missing
1785860225,18964,missing
1785860225,18965,missing
1785860225,18967,missing
1785860226,18968,missing
1785860226,18974,missing
1785860226,18970,missing
1785860227,18972,missing
1785860227,18975,missing
1785860227,18979,missing
1785860227,18966,missing
1785860228,18973,missing
1785860228,18977,missing
1785860228,18980,missing
1785860228,18978,missing
1785860229,18976,missing
1785860229,18983,missing
1785860229,18981,missing
1785860229,18982,missing
1785860229,18984,missing
1785860230,18986,missing
1785860230,18996,ok
1785860230,18987,missing
1785860230,18997,ok
1785860230,18985,missing
1785860231,18989,missing
1785860231,19002,ok
1785860231,18992,missing
1785860231,18994,missing
1785860231,18990,missing
1785860231,18947,missing
1785860231,18988,missing
1785860231,18993,missing
1785860232,19003,ok
1785860232,18995,missing
1785860233,18998,missing
1785860233,18999,missing
1785860234,19001,missing
1785860234,19017,ok
1785860234,19006,missing
1785860234,19000,missing
1785860235,19009,missing
1785860235,19008,missing
1785860235,19005,missing
1785860235,19004,missing
1785860236,19007,missing
1785860236,19011,missing
1785860236,19012,missing
1785860236,19024,ok
1785860236,19014,missing
1785860236,19016,missing
1785860237,19010,missing
1785860237,19013,missing
1785860237,19015,missing
1785860238,19018,missing
1785860238,19020,missing
1785860239,19019,missing
1785860239,19034,ok
1785860239,19023,missing
1785860240,19029,missing
1785860240,19028,missing
1785860240,19021,missing
1785860240,19026,missing
1785860240,19030,missing
1785860240,19032,missing
1785860240,19027,missing
1785860240,19038,ok
1785860241,19025,missing
1785860241,19031,missing
1785860241,18991,missing
1785860241,19048,ok
1785860242,19022,missing
1785860243,19033,missing
1785860243,19039,missing
1785860243,19051,ok
1785860243,19037,missing
1785860244,19041,missing
1785860244,19035,missing
1785860244,19047,missing
1785860244,19036,missing
1785860244,19040,missing
1785860244,19045,missing
1785860244,19043,missing
1785860245,19046,missing
1785860245,19049,missing
1785860245,19050,missing
1785860245,19062,ok
1785860246,19054,missing
1785860247,19044,missing
1785860247,19065,ok
1785860247,19042,missing
1785860247,19055,missing
1785860247,19058,missing
1785860247,19069,ok
1785860247,19068,ok
1785860248,19057,missing
1785860248,19053,missing
1785860248,19056,missing
1785860248,19074,ok
1785860248,19063,missing
1785860248,19060,missing
1785860249,19052,missing
1785860249,19064,missing
1785860249,19073,ok
1785860249,19059,missing
1785860249,19078,ok
1785860249,19075,ok
1785860250,19067,missing
1785860250,19061,missing
1785860250,19066,missing
1785860251,19072,missing
1785860251,19070,missing
1785860251,19083,ok
1785860251,19089,ok
1785860252,19071,missing
1785860252,19077,missing
1785860252,19079,missing
1785860252,19081,missing
1785860252,19085,missing
1785860253,19084,missing
1785860253,19076,missing
1785860253,19082,missing
1785860253,19087,missing
1785860254,19088,missing
1785860254,19097,ok
1785860254,19086,missing
1785860255,19092,missing
1785860255,19093,missing
1785860255,19090,missing
1785860255,19094,missing
1785860255,19080,missing
1785860255,19096,missing
1785860256,19103,ok
1785860256,19099,missing
1785860256,19106,ok
1785860256,19091,missing
1785860256,19108,ok
1785860256,19101,missing
1785860256,19111,ok
1785860256,19112,ok
1785860257,19098,missing
1785860257,19100,missing
1785860257,19095,missing
1785860257,19102,ok
1785860258,19104,ok
1785860259,19107,missing
1785860259,19110,missing
1785860260,19114,missing
1785860260,19105,missing
1785860260,19117,missing
1785860260,19121,missing
1785860260,19115,missing
1785860260,19116,missing
1785860261,19122,missing
1785860261,19109,missing
1785860261,19113,missing
1785860261,19124,missing
1785860261,19123,missing
1785860262,19118,missing
1785860262,19119,missing
1785860262,19125,missing
1785860263,19128,missing
1785860264,19129,missing
1785860264,19135,missing
1785860264,19126,missing
1785860264,19132,missing
1785860264,19127,missing
1785860265,19131,missing
1785860265,19130,missing
1785860265,19134,missing
1785860265,19133,missing
1785860265,19136,missing
1785860265,19137,missing
1785860265,19120,missing
1785860266,19149,ok
1785860266,19140,missing
1785860266,19147,ok
1785860267,19154,ok
1785860267,19142,missing
1785860267,19141,missing
1785860267,19138,missing
1785860267,19139,missing
1785860268,19144,missing
1785860268,19146,missing
1785860268,19145,missing
1785860268,19150,missing
1785860269,19143,missing
1785860269,19148,missing
1785860269,19151,missing
1785860269,19153,missing
1785860270,19152,missing
1785860270,19156,missing
1785860270,19160,missing
1785860271,19171,ok
1785860271,19162,missing
1785860271,19161,missing
1785860271,19157,missing
1785860271,19158,missing
1785860272,19170,ok
1785860272,19165,missing
1785860272,19155,missing
1785860272,19164,missing
1785860273,19172,ok
1785860273,19178,ok
1785860273,19168,missing
1785860273,19169,missing
1785860273,19163,missing
1785860273,19179,ok
1785860274,19159,missing
1785860274,19181,ok
1785860274,19167,missing
1785860274,19166,missing
1785860274,19187,ok
1785860274,19183,ok
1785860274,19175,missing
1785860275,19186,ok
1785860275,19189,ok
1785860275,19192,ok
1785860275,19191,ok
1785860275,19176,missing
1785860275,19173,ok
1785860276,19195,ok
1785860276,19177,missing
1785860276,19185,ok
1785860276,19174,missing
1785860277,19180,missing
1785860277,19202,ok
1785860277,19182,missing
1785860277,19199,ok
1785860277,19201,ok
1785860277,19184,missing
1785860277,19188,missing
1785860278,19196,missing
1785860279,19193,missing
1785860279,19194,missing
1785860279,19197,missing
1785860279,19200,missing
1785860279,19203,missing
1785860280,19190,missing
1785860280,19204,missing
1785860280,19198,missing
1785860280,19207,missing
1785860280,19209,missing
1785860281,19208,missing
1785860281,19216,ok
1785860281,19215,ok
1785860281,19211,missing
1785860281,19205,missing
1785860282,19206,missing
1785860283,19212,missing
1785860283,19210,missing
1785860283,19228,ok
1785860283,19218,missing
1785860283,19214,missing
1785860283,19219,missing
1785860284,19221,missing
1785860284,19220,missing
1785860284,19217,missing
1785860284,19222,missing
1785860285,19213,missing
1785860285,19225,missing
1785860285,19224,missing
1785860285,19233,ok
1785860285,19231,ok
1785860285,19227,missing
1785860285,19223,missing
1785860286,19226,missing
1785860286,19229,missing
1785860287,19232,missing
1785860287,19241,ok
1785860287,19236,missing
1785860288,19230,missing
1785860288,19237,missing
1785860288,19239,missing
1785860288,19234,missing
1785860289,19238,missing
1785860289,19243,missing
1785860289,19247,missing
1785860290,19245,missing
1785860290,19256,ok
1785860290,19240,missing
1785860290,19246,missing
1785860290,19235,missing
1785860291,19254,ok
1785860291,19244,missing
1785860291,19248,missing
1785860291,19257,ok
1785860292,19242,missing
1785860292,19250,missing
1785860292,19253,missing
1785860292,19264,ok
1785860293,19249,missing
1785860293,19252,missing
1785860293,19251,missing
1785860293,19255,missing
1785860293,19259,missing
1785860294,19261,missing
1785860294,19260,missing
1785860294,19272,ok
1785860294,19258,missing
1785860295,19277,ok
1785860295,19263,missing
1785860295,19267,missing
1785860295,19265,missing
1785860295,19266,missing
1785860297,19262,missing
1785860297,19270,missing
1785860297,19273,missing
1785860297,19278,missing
1785860297,19274,missing
1785860297,19283,ok
1785860297,19279,missing
1785860298,19271,missing
1785860298,19276,missing
1785860298,19269,missing
1785860299,19287,ok
1785860299,19288,ok
1785860300,19281,missing
1785860300,19284,missing
1785860300,19280,missing
1785860300,19282,missing
1785860301,19285,missing
1785860301,19289,missing
1785860301,19291,missing
1785860301,19286,missing
1785860301,19268,missing
1785860301,19293,missing
1785860302,19301,ok
1785860302,19295,missing
1785860302,19292,missing
1785860303,19296,missing
1785860303,19290,missing
1785860303,19294,missing
1785860303,19303,ok
1785860303,19297,missing
1785860304,19299,missing
1785860304,19298,missing
1785860305,19302,missing
1785860305,19300,missing
1785860305,19317,ok
1785860306,19305,missing
1785860306,19306,missing
1785860306,19304,missing
1785860306,19309,missing
1785860306,19308,missing
1785860307,19307,missing
1785860307,19312,missing
1785860308,19313,missing
1785860308,19311,missing
1785860308,19316,missing
1785860308,19314,missing
1785860309,19319,missing
1785860309,19315,missing
1785860309,19310,missing
1785860310,19321,missing
1785860310,19322,ok
1785860310,19320,missing
1785860310,19323,missing
1785860310,19324,missing
1785860311,19335,ok
1785860311,19325,missing
1785860311,19327,missing
1785860311,19326,missing
1785860311,19331,ok
1785860311,19339,ok
1785860312,19328,missing
1785860312,19329,missing
1785860313,19344,ok
1785860313,19332,missing
1785860313,19318,missing
1785860313,19337,missing
1785860313,19334,missing
1785860314,19330,missing
1785860314,19338,missing
1785860314,19333,missing
1785860314,19343,missing
1785860314,19341,missing
1785860314,19336,missing
1785860315,19345,missing
1785860315,19351,ok
1785860315,19340,missing
1785860316,19346,missing
1785860316,19347,missing
1785860317,19349,missing
1785860317,19353,missing
1785860317,19352,missing
1785860317,19350,missing
1785860318,19348,missing
1785860318,19342,missing
1785860318,19356,missing
1785860318,19354,missing
1785860318,19357,missing
1785860318,19355,missing
1785860319,19360,ok
1785860319,19367,ok
1785860319,19361,missing
1785860319,19358,missing
1785860320,19362,missing
1785860320,19359,missing
1785860320,19363,missing
1785860320,19365,ok
1785860321,19364,missing
1785860321,19379,ok
1785860321,19366,missing
1785860322,19370,missing
1785860322,19369,missing
1785860322,19371,missing
1785860322,19373,missing
1785860323,19384,ok
1785860323,19368,missing
1785860323,19372,missing
1785860323,19377,missing
1785860323,19378,ok
1785860323,19375,missing
1785860323,19374,missing
1785860324,19376,missing
1785860324,19389,ok
1785860324,19391,ok
1785860325,19395,ok
1785860325,19380,missing
1785860325,19383,missing
1785860326,19386,missing
1785860326,19382,missing
1785860326,19381,missing
1785860326,19390,ok
1785860326,19387,missing
1785860327,19385,missing
1785860327,19392,missing
1785860327,19393,missing
1785860327,19388,missing
1785860328,19398,missing
1785860328,19394,missing
1785860328,19397,missing
1785860328,19396,missing
1785860329,19400,missing
1785860329,19399,missing
1785860329,19414,ok
1785860329,19408,ok
1785860330,19401,missing
1785860330,19406,missing
1785860330,19403,missing
1785860330,19415,ok
1785860330,19417,ok
1785860331,19409,missing
1785860331,19405,missing
1785860331,19402,missing
1785860331,19404,missing
1785860332,19407,missing
1785860332,19411,missing
1785860332,19412,missing
1785860332,19419,ok
1785860332,19416,missing
1785860332,19422,ok
1785860333,19413,missing
1785860333,19410,missing
1785860333,19421,missing
1785860334,19418,missing
1785860334,19420,missing
1785860334,19423,missing
1785860334,19424,missing
1785860334,19425,missing
1785860335,19436,ok
1785860335,19429,missing
1785860335,19428,missing
1785860335,19426,missing
1785860335,19440,ok
1785860335,19430,missing
1785860335,19441,ok
1785860335,19431,missing
1785860336,19427,missing
1785860336,19432,missing
1785860337,19433,missing
1785860337,19435,missing
1785860337,19438,missing
1785860338,19437,missing
1785860338,19434,missing
1785860338,19454,ok
1785860338,19442,missing
1785860339,19439,missing
1785860339,19446,missing
1785860339,19443,missing
1785860339,19448,missing
1785860339,19457,ok
1785860339,19445,missing
1785860339,19456,ok
1785860340,19449,missing
1785860340,19452,missing
1785860341,19450,missing
1785860341,19444,missing
1785860341,19447,missing
1785860341,19451,missing
1785860341,19453,missing
1785860342,19455,missing
1785860342,19471,ok
1785860342,19459,missing
1785860342,19461,missing
1785860343,19460,missing
1785860343,19474,ok
1785860343,19458,missing
1785860343,19462,missing
1785860343,19463,missing
1785860343,19465,missing
1785860343,19464,missing
1785860344,19468,missing
1785860344,19470,missing
1785860344,19469,missing
1785860345,19472,missing
1785860345,19486,ok
1785860345,19473,missing
1785860346,19477,missing
1785860346,19487,ok
1785860346,19481,missing
1785860346,19482,missing
1785860347,19485,ok
1785860347,19467,missing
1785860347,19483,missing
1785860347,19479,missing
1785860347,19476,missing
1785860347,19480,missing
1785860348,19498,ok
1785860348,19484,missing
1785860348,19475,missing
1785860349,19502,ok
1785860349,19493,ok
1785860349,19488,missing
1785860349,19489,missing
1785860349,19491,missing
1785860350,19501,ok
1785860350,19505,ok
1785860350,19495,missing
1785860350,19490,missing
1785860351,19499,missing
1785860351,19496,missing
1785860351,19508,ok
1785860351,19500,missing
1785860352,19466,missing
1785860352,19497,missing
1785860352,19494,missing
1785860352,19516,ok
1785860352,19517,ok
1785860353,19492,missing
1785860353,19518,ok
1785860353,19504,missing
1785860353,19507,missing
1785860353,19503,missing
1785860353,19510,missing
1785860353,19478,missing
1785860354,19506,missing
1785860354,19513,missing
1785860355,19509,missing
1785860355,19512,missing
1785860356,19514,missing
1785860357,19511,missing
1785860357,19522,missing
1785860357,19527,missing
1785860357,19525,missing
1785860357,19521,missing
1785860357,19526,missing
1785860358,19524,missing
1785860358,19529,missing
1785860358,19528,missing
1785860358,19530,missing
1785860358,19536,ok
1785860358,19534,ok
1785860359,19519,missing
1785860359,19531,missing
1785860359,19540,ok
1785860359,19520,missing
1785860359,19523,missing
1785860359,19532,missing
1785860361,19535,missing
1785860361,19533,missing
1785860361,19538,missing
1785860361,19537,missing
1785860361,19539,missing
1785860362,19542,missing
1785860362,19515,missing
1785860362,19545,missing
1785860362,19552,ok
1785860363,19544,missing
1785860363,19547,missing
1785860363,19550,missing
1785860363,19543,missing
1785860363,19541,missing
1785860363,19549,missing
1785860363,19556,ok
1785860364,19548,missing
1785860364,19546,missing
1785860364,19551,missing
1785860365,19554,missing
1785860365,19557,missing
1785860365,19568,ok
1785860365,19558,missing
1785860366,19559,missing
1785860366,19553,missing
1785860366,19561,missing
1785860366,19573,ok
1785860366,19560,missing
1785860366,19562,missing
1785860367,19564,missing
1785860367,19566,missing
1785860367,19569,missing
1785860367,19563,missing
1785860368,19567,missing
1785860368,19570,missing
1785860368,19555,missing
1785860368,19580,ok
1785860369,19577,ok
1785860369,19572,missing
1785860370,19578,missing
1785860370,19574,missing
1785860370,19571,missing
1785860370,19581,missing
1785860370,19586,ok
1785860371,19579,missing
1785860371,19583,missing
1785860371,19576,missing
1785860372,19582,missing
1785860372,19584,missing
1785860372,19565,missing
1785860372,19591,ok
1785860372,19587,missing
1785860372,19585,missing
1785860373,19598,ok
1785860373,19589,missing
1785860373,19588,missing
1785860374,19590,missing
1785860374,19594,missing
1785860374,19595,missing
1785860375,19596,missing
1785860375,19593,missing
1785860375,19597,missing
1785860375,19601,missing
1785860376,19599,missing
1785860376,19600,missing
1785860376,19605,missing
1785860377,19604,missing
1785860377,19607,missing
1785860377,19603,missing
1785860377,19606,missing
1785860378,19609,missing
1785860378,19608,missing
1785860378,19611,missing
1785860379,19612,missing
1785860379,19613,missing
1785860380,19614,missing
1785860380,19616,missing
1785860380,19592,missing
1785860380,19618,missing
1785860380,19575,missing
1785860380,19615,missing
1785860380,19610,missing
1785860381,19617,missing
1785860381,19630,ok
1785860382,19632,ok
1785860382,19620,missing
1785860382,19626,ok
1785860382,19623,missing
1785860382,19619,missing
1785860383,19625,missing
1785860383,19636,ok
1785860383,19624,missing
1785860383,19640,ok
1785860384,19627,missing
1785860384,19622,missing
1785860384,19631,missing
1785860384,19635,ok
1785860384,19629,missing
1785860384,19634,missing
1785860384,19621,missing
1785860385,19633,missing
1785860385,19642,ok
1785860385,19628,missing
1785860386,19637,missing
1785860386,19639,missing
1785860386,19641,missing
1785860387,19638,missing
1785860387,19645,missing
1785860387,19646,missing
1785860387,19643,missing
1785860387,19655,ok
1785860387,19644,missing
1785860387,19654,ok
1785860388,19649,missing
1785860388,19651,missing
1785860388,19650,missing
1785860389,19647,missing
1785860389,19653,missing
1785860389,19648,missing
1785860389,19652,missing
1785860390,19670,ok
1785860391,19659,missing
1785860391,19661,missing
1785860391,19663,missing
1785860391,19658,missing
1785860391,19656,missing
1785860391,19662,missing
1785860392,19660,missing
1785860392,19657,missing
1785860392,19664,missing
1785860392,19667,missing
1785860393,19669,missing
1785860393,19675,ok
1785860393,19665,missing
1785860393,19668,missing
1785860393,19602,missing
1785860393,19682,ok
1785860394,19666,ok
1785860394,19673,missing
1785860394,19671,missing
1785860394,19672,missing
1785860395,19683,ok
1785860395,19676,missing
1785860395,19679,missing
1785860395,19674,missing
1785860395,19684,ok
1785860395,19680,ok
1785860396,19677,missing
1785860396,19678,missing
1785860397,19685,missing
1785860397,19688,ok
1785860398,19686,missing
1785860398,19687,missing
1785860398,19692,missing
1785860398,19701,ok
1785860398,19691,missing
1785860398,19690,missing
1785860399,19693,missing
1785860399,19694,missing
1785860399,19697,missing
1785860399,19695,missing
1785860399,19698,missing
1785860400,19700,missing
1785860400,19696,missing
1785860400,19689,missing
1785860401,19699,missing
1785860401,19711,ok
1785860402,19704,missing
1785860402,19705,missing
1785860402,19681,missing
1785860402,19703,missing
1785860402,19707,missing
1785860402,19706,missing
1785860402,19709,missing
1785860403,19702,missing
1785860403,19708,missing
1785860403,19710,missing
1785860403,19714,missing
1785860403,19713,missing
1785860403,19723,ok
1785860404,19712,missing
1785860404,19715,missing
1785860404,19724,ok
1785860404,19725,ok
1785860404,19716,missing
1785860405,19720,missing
1785860405,19717,missing
1785860406,19732,ok
1785860406,19719,missing
1785860406,19726,missing
1785860406,19718,missing
1785860406,19727,missing
1785860406,19722,missing
1785860407,19721,missing
1785860407,19729,missing
1785860407,19730,missing
1785860408,19734,missing
1785860408,19728,missing
1785860409,19737,missing
1785860409,19735,missing
1785860409,19731,missing
1785860409,19747,ok
1785860409,19738,missing
1785860409,19740,missing
1785860410,19739,missing
1785860410,19743,missing
1785860410,19733,missing
1785860410,19736,missing
1785860410,19744,missing
1785860410,19754,ok
1785860411,19742,missing
1785860411,19746,missing
1785860411,19745,missing
1785860411,19748,missing
1785860411,19758,ok
1785860412,19741,missing
1785860412,19764,ok
1785860412,19759,ok
1785860412,19749,missing
1785860412,19751,missing
1785860413,19752,missing
1785860413,19755,missing
1785860413,19756,missing
1785860413,19757,missing
1785860413,19753,missing
1785860414,19773,ok
1785860414,19763,missing
1785860415,19761,missing
1785860415,19768,missing
1785860415,19750,missing
1785860415,19767,missing
1785860415,19760,missing
1785860416,19769,missing
1785860416,19766,missing
1785860416,19765,missing
1785860416,19779,ok
1785860416,19762,missing
1785860416,19770,missing
1785860417,19775,missing
1785860417,19771,missing
1785860417,19772,missing
1785860417,19788,ok
1785860418,19774,ok
1785860418,19776,missing
1785860418,19777,missing
1785860418,19792,ok
1785860419,19778,missing
1785860419,19780,missing
1785860420,19787,missing
1785860420,19782,missing
1785860420,19783,missing
1785860420,19784,missing
1785860420,19785,missing
1785860420,19781,missing
1785860421,19791,missing
1785860421,19789,missing
1785860421,19799,ok
1785860421,19802,ok
1785860421,19793,missing
1785860421,19786,missing
1785860421,19794,missing
1785860422,19797,missing
1785860422,19795,missing
1785860422,19796,missing
1785860423,19804,ok
1785860423,19803,ok
1785860423,19814,ok
1785860423,19801,missing
1785860423,19798,missing
1785860423,19809,ok
1785860424,19800,missing
1785860424,19816,ok
1785860424,19790,missing
1785860424,19815,ok
1785860424,19817,ok
1785860424,19818,ok
1785860424,19808,missing
1785860425,19805,missing
1785860425,19807,missing
1785860425,19810,missing
1785860425,19806,missing
1785860426,19811,missing
1785860426,19812,missing
1785860426,19823,ok
1785860427,19820,missing
1785860427,19819,missing
1785860427,19813,missing
1785860427,19832,ok
1785860427,19822,missing
1785860427,19821,missing
1785860427,19834,ok
1785860428,19828,missing
1785860428,19827,missing
1785860428,19824,missing
1785860428,19833,ok
1785860428,19829,missing
1785860429,19826,missing
1785860429,19840,ok
1785860429,19831,missing
1785860429,19830,missing
1785860430,19843,ok
1785860430,19836,missing
1785860430,19837,missing
1785860430,19850,ok
1785860430,19835,missing
1785860431,19839,missing
1785860431,19841,missing
1785860432,19838,missing
1785860432,19853,ok
1785860432,19849,missing
1785860433,19846,missing
1785860433,19825,missing
1785860433,19842,ok
1785860433,19848,missing
1785860433,19844,missing
1785860433,19851,missing
1785860433,19845,missing
1785860434,19852,missing
1785860434,19847,missing
1785860435,19856,missing
1785860435,19855,missing
1785860435,19857,missing
1785860435,19865,ok
1785860435,19858,missing
1785860435,19854,missing
1785860436,19862,missing
1785860436,19864,missing
1785860436,19863,missing
1785860437,19866,missing
1785860437,19860,missing
1785860437,19868,missing
1785860437,19867,missing
1785860438,19861,missing
1785860438,19871,missing
1785860438,19873,missing
1785860439,19859,missing
1785860439,19869,missing
1785860439,19875,missing
1785860439,19874,missing
1785860440,19870,missing
1785860440,19878,missing
1785860440,19876,missing
1785860440,19877,missing
1785860440,19880,missing
1785860440,19872,missing
1785860441,19882,missing
1785860441,19890,ok
1785860441,19881,missing
1785860441,19892,ok
1785860441,19879,missing
1785860441,19885,ok
1785860441,19894,ok
1785860442,19883,missing
1785860442,19897,ok
1785860442,19884,missing
1785860443,19887,missing
1785860443,19886,missing
1785860443,19893,missing
1785860444,19904,ok
1785860444,19888,missing
1785860444,19891,missing
1785860445,19889,missing
1785860445,19898,missing
1785860445,19908,ok
1785860445,19902,missing
1785860445,19896,missing
1785860445,19895,missing
1785860445,19911,ok
1785860446,19901,missing
1785860446,19903,missing
1785860446,19899,missing
1785860446,19915,ok
1785860446,19905,missing
1785860447,19912,ok
1785860447,19921,ok
1785860447,19909,missing
1785860447,19907,missing
1785860448,19910,missing
1785860448,19914,missing
1785860448,19906,missing
1785860449,19913,missing
1785860449,19916,missing
1785860449,19918,missing
1785860449,19917,missing
1785860449,19920,missing
1785860449,19919,missing
1785860450,19923,missing
1785860450,19922,missing
1785860450,19934,ok
1785860450,19933,ok
1785860450,19924,missing
1785860451,19929,ok
1785860451,19927,missing
1785860451,19940,ok
1785860451,19928,missing
1785860451,19926,missing
1785860452,19941,ok
1785860452,19925,missing
1785860452,19931,missing
1785860452,19930,missing
1785860452,19932,missing
1785860453,19936,missing
1785860453,19948,ok
1785860453,19938,missing
1785860453,19937,missing
1785860453,19939,missing
1785860454,19935,missing
1785860454,19950,ok
1785860454,19946,ok
1785860454,19942,missing
1785860455,19943,missing
1785860455,19956,ok
1785860455,19955,ok
1785860455,19949,missing
1785860455,19944,missing
1785860455,19945,missing
1785860455,19959,ok
1785860456,19947,missing
1785860456,19951,missing
1785860457,19952,missing
1785860457,19957,missing
1785860458,19954,missing
1785860458,19953,missing
1785860458,19966,missing
1785860459,19960,missing
1785860459,19961,missing
1785860459,19964,missing
1785860459,19963,missing
1785860459,19967,missing
1785860459,19962,missing
1785860460,19968,missing
1785860460,19969,missing
1785860460,19974,ok
1785860460,19965,missing
1785860460,19900,ok
1785860461,19983,ok
1785860461,19976,ok
1785860462,19975,missing
1785860462,19973,missing
1785860462,19978,missing
1785860463,19970,missing
1785860463,19982,missing
1785860463,19984,missing
1785860463,19979,missing
1785860464,19958,missing
1785860464,19993,ok
1785860464,19981,missing
1785860464,19977,missing
1785860464,19971,missing
1785860464,19980,missing
1785860464,19986,missing
1785860464,19972,missing
1785860464,19994,ok
1785860465,19995,ok
1785860465,19987,missing
1785860466,19988,missing
1785860466,19985,missing
1785860466,20005,ok
1785860466,19989,missing
1785860466,19991,missing
1785860467,19990,missing
1785860467,19992,missing
1785860467,20008,ok
1785860467,20007,ok
1785860468,19998,missing
1785860468,20001,missing
1785860468,20004,missing
1785860468,20003,missing
1785860468,19999,missing
1785860468,20000,missing
1785860468,20009,ok
1785860469,19996,missing
1785860469,20002,missing
1785860469,20015,ok
1785860469,20006,missing
1785860469,20017,ok
1785860469,20013,ok
1785860470,20023,ok
1785860470,20010,missing
1785860470,20011,missing
1785860471,20014,missing
1785860471,20021,ok
1785860472,20012,missing
1785860472,20020,missing
1785860472,20016,missing
1785860472,20026,missing
1785860472,20025,missing
1785860472,20018,missing
1785860473,20022,missing
1785860473,20027,missing
1785860473,20035,ok
1785860473,20029,missing
1785860474,20030,missing
1785860474,20024,missing
1785860474,20038,ok
1785860474,20031,missing
1785860474,20040,ok
1785860474,20028,missing
1785860475,20032,missing
1785860475,20019,missing
1785860475,20034,missing
1785860476,20037,missing
1785860476,20033,missing
1785860476,20041,missing
1785860477,20045,missing
1785860477,20047,missing
1785860478,20039,missing
1785860478,20046,missing
1785860478,20048,missing
1785860478,20036,missing
1785860478,20044,missing
1785860478,20043,missing
1785860478,20057,ok
1785860479,20050,missing
1785860479,20042,missing
1785860479,20049,missing
1785860479,20063,ok
1785860479,20052,missing
1785860480,20061,ok
1785860480,20054,missing
1785860480,20053,missing
1785860480,20051,missing
1785860480,20068,ok
1785860480,20067,ok
1785860481,20055,missing
1785860481,20059,missing
1785860481,20060,missing
1785860482,20072,ok
1785860482,20058,missing
1785860482,19997,ok
1785860482,20062,missing
1785860482,20065,missing
1785860483,20079,ok
1785860483,20066,missing
1785860483,20075,ok
1785860483,20069,missing
1785860483,20056,missing
1785860483,20073,missing
1785860483,20070,missing
1785860484,20074,missing
1785860484,20064,missing
1785860484,20076,missing
1785860485,20077,missing
1785860486,20082,missing
1785860486,20084,missing
1785860486,20071,missing
1785860486,20083,missing
1785860487,20086,missing
1785860487,20081,missing
1785860487,20078,missing
1785860487,20085,missing
1785860487,20087,missing
1785860487,20089,missing
1785860488,20096,ok
1785860488,20091,missing
1785860488,20088,missing
1785860488,20092,missing
1785860488,20093,missing
1785860489,20095,missing
1785860489,20094,missing
1785860490,20097,missing
1785860490,20090,missing
1785860490,20099,missing
1785860490,20098,missing
1785860490,20101,missing
1785860490,20111,ok
1785860491,20103,missing
1785860491,20105,missing
1785860491,20104,missing
1785860491,20102,missing
1785860492,20108,missing
1785860492,20100,missing
1785860492,20107,missing
1785860493,20106,missing
1785860493,20110,missing
1785860493,20109,missing
1785860494,20113,missing
1785860494,20117,missing
1785860494,20080,ok
1785860494,20115,missing
1785860494,20114,missing
1785860494,20116,missing
1785860494,20125,ok
1785860494,20112,missing
1785860495,20118,missing
1785860495,20127,ok
1785860495,20129,ok
1785860495,20121,missing
1785860495,20119,missing
1785860496,20122,missing
1785860496,20120,missing
1785860497,20124,missing
1785860497,20126,missing
1785860497,20123,missing
1785860497,20130,missing
1785860497,20141,ok
1785860497,20132,missing
1785860497,20133,missing
1785860498,20128,missing
1785860498,20136,missing
1785860498,20134,missing
1785860498,20131,missing
1785860499,20137,missing
1785860499,20138,missing
1785860499,20135,missing
1785860499,20148,ok
1785860499,20139,missing
1785860499,20140,missing
1785860500,20144,missing
1785860500,20142,missing
1785860501,20158,ok
1785860501,20145,missing
1785860501,20146,missing
1785860501,20147,missing
1785860501,20149,missing
1785860501,20161,ok
1785860501,20151,missing
1785860501,20150,missing
1785860501,20143,missing
1785860501,20152,missing
1785860502,20167,ok
1785860502,20154,missing
1785860503,20156,missing
1785860503,20153,missing
1785860503,20157,missing
1785860504,20163,missing
1785860504,20165,missing
1785860504,20175,ok
1785860505,20160,missing
1785860505,20162,missing
1785860505,20164,missing
1785860505,20172,ok
1785860505,20180,ok
1785860505,20170,missing
1785860505,20168,missing
1785860505,20177,ok
1785860505,20169,missing
1785860506,20159,missing
1785860506,20166,missing
1785860506,20174,missing
1785860506,20176,ok
1785860506,20155,missing
1785860506,20179,ok
1785860506,20178,ok
1785860506,20173,missing
1785860507,20171,missing
1785860508,20194,ok
1785860508,20183,missing
1785860509,20181,missing
1785860509,20185,missing
1785860509,20187,missing
1785860509,20186,missing
1785860509,20184,missing
1785860509,20188,missing
1785860509,20182,missing
1785860509,20191,missing
1785860510,20190,missing
1785860510,20189,missing
1785860510,20198,ok
1785860510,20195,missing
1785860510,20193,missing
1785860510,20192,missing
1785860511,20206,ok
1785860511,20196,missing
1785860512,20199,missing
1785860512,20200,missing
1785860512,20201,missing
1785860512,20203,missing
1785860512,20202,missing
1785860513,20205,missing
1785860513,20204,missing
1785860513,20197,missing
1785860513,20210,missing
1785860513,20209,missing
1785860514,20207,missing
1785860514,20208,missing
1785860514,20212,missing
1785860514,20211,missing
1785860514,20223,ok
1785860514,20217,ok
1785860514,20213,missing
1785860514,20227,ok
1785860515,20218,ok
1785860515,20214,missing
1785860515,20215,missing
1785860515,20231,ok
1785860515,20230,ok
1785860516,20225,ok
1785860516,20216,missing
1785860516,20220,missing
1785860516,20219,missing
1785860516,20222,missing
1785860517,20224,missing
1785860517,20221,missing
1785860517,20226,missing
1785860518,20233,missing
1785860518,20228,missing
1785860518,20232,missing
1785860518,20235,missing
1785860518,20229,missing
1785860519,20238,missing
1785860519,20236,missing
1785860519,20237,missing
1785860519,20234,missing
1785860520,20239,missing
1785860520,20240,missing
1785860520,20253,ok
1785860520,20241,missing
1785860521,20242,missing
1785860521,20243,missing
1785860521,20256,ok
1785860521,20244,missing
1785860521,20245,missing
1785860522,20247,missing
1785860522,20246,missing
1785860522,20257,ok
1785860523,20249,missing
1785860523,20251,missing
1785860523,20254,missing
1785860523,20248,missing
1785860523,20250,missing
1785860524,20258,missing
1785860524,20255,missing
1785860524,20261,missing
1785860524,20259,missing
1785860524,20260,missing
1785860524,20252,missing
1785860525,20262,missing
1785860525,20263,missing
1785860525,20276,ok
1785860525,20264,missing
1785860526,20266,missing
1785860526,20265,missing
1785860526,20275,ok
1785860526,20269,missing
1785860526,20268,missing
1785860526,20278,ok
1785860527,20270,missing
1785860527,20271,missing
1785860527,20272,missing
1785860527,20283,ok
1785860527,20267,missing
1785860527,20273,missing
1785860528,20274,missing
1785860528,20277,missing
1785860528,20279,missing
1785860529,20282,missing
1785860529,20281,missing
1785860529,20284,missing
1785860530,20286,missing
1785860530,20287,missing
1785860530,20288,missing
1785860531,20293,missing
1785860531,20291,missing
1785860531,20292,missing
1785860531,20290,missing
1785860531,20289,missing
1785860531,20280,missing
1785860531,20285,missing
1785860532,20294,missing
1785860532,20295,missing
1785860532,20298,missing
1785860532,20297,missing
1785860533,20311,ok
1785860533,20308,ok
1785860533,20299,missing
1785860533,20296,missing
1785860533,20300,missing
1785860534,20301,missing
1785860534,20303,missing
1785860534,20306,missing
1785860534,20305,missing
1785860534,20307,missing
1785860535,20304,missing
1785860535,20309,missing
1785860535,20302,missing
1785860535,20310,missing
1785860535,20312,missing
1785860536,20323,ok
1785860536,20326,ok
1785860536,20317,missing
1785860536,20315,missing
1785860536,20314,missing
1785860537,20313,missing
1785860537,20316,missing
1785860537,20318,missing
1785860537,20319,missing
1785860537,20320,missing
1785860537,20322,missing
1785860538,20325,missing
1785860539,20327,missing
1785860539,20328,missing
1785860539,20321,missing
1785860539,20331,missing
1785860539,20329,missing
1785860539,20324,missing
1785860540,20334,missing
1785860540,20333,missing
1785860540,20330,missing
1785860540,20335,missing
1785860541,20338,missing
1785860541,20339,missing
1785860541,20337,missing
1785860541,20332,missing
1785860542,20336,missing
1785860542,20341,missing
1785860542,20340,missing
1785860543,20346,missing
1785860543,20342,missing
1785860543,20349,missing
1785860543,20345,missing
1785860543,20350,missing
1785860544,20351,missing
1785860544,20344,missing
1785860544,20356,ok
1785860545,20348,missing
1785860545,20343,missing
1785860545,20354,missing
1785860545,20355,missing
1785860546,20353,missing
1785860546,20359,missing
1785860546,20352,missing
1785860546,20357,missing
1785860547,20362,missing
1785860547,20360,missing
1785860547,20358,missing
1785860548,20363,missing
1785860548,20372,ok
1785860548,20365,missing
1785860548,20364,missing
1785860548,20368,missing
1785860549,20361,missing
1785860549,20369,missing
1785860549,20367,missing
1785860549,20377,ok
1785860549,20366,missing
1785860549,20378,ok
1785860550,20370,missing
1785860550,20382,ok
1785860550,20373,missing
1785860550,20385,ok
1785860550,20386,ok
1785860550,20374,missing
1785860550,20375,missing
1785860550,20371,missing
1785860551,20389,ok
1785860551,20376,missing
1785860551,20395,ok
1785860551,20380,missing
1785860551,20388,ok
1785860552,20381,missing
1785860552,20400,ok
1785860553,20387,missing
1785860553,20384,missing
1785860553,20399,ok
1785860553,20393,missing
1785860554,20379,missing
1785860554,20391,missing
1785860554,20396,missing
1785860554,20390,missing
1785860554,20392,missing
1785860554,20405,ok
1785860554,20404,ok
1785860554,20398,missing
1785860554,20408,ok
1785860555,20397,missing
1785860555,20394,missing
1785860555,20401,missing
1785860555,20412,ok
1785860556,20402,missing
1785860557,20406,missing
1785860558,20413,missing
1785860558,20416,missing
1785860558,20410,missing
1785860558,20417,missing
1785860558,20415,missing
1785860558,20407,missing
1785860559,20409,missing
1785860559,20427,ok
1785860559,20414,missing
1785860559,20418,missing
1785860559,20403,missing
1785860560,20420,missing
1785860560,20411,missing
1785860560,20419,missing
1785860561,20430,ok
1785860561,20421,missing
1785860561,20434,ok
1785860562,20437,ok
1785860562,20424,missing
1785860562,20422,missing
1785860562,20423,missing
1785860562,20428,missing
1785860562,20438,ok
1785860562,20429,missing
1785860562,20426,missing
1785860563,20425,missing
1785860563,20431,missing
1785860563,20445,ok
1785860563,20441,ok
1785860563,20442,ok
1785860563,20433,missing
1785860564,20432,missing
1785860564,20450,ok
1785860564,20383,ok
1785860564,20436,missing
1785860565,20435,missing
1785860565,20439,missing
1785860565,20444,missing
1785860566,20448,missing
1785860566,20457,ok
1785860566,20443,missing
1785860566,20440,missing
1785860567,20449,missing
1785860567,20446,missing
1785860567,20447,missing
1785860567,20459,ok
1785860567,20451,missing
1785860567,20453,missing
1785860568,20454,missing
1785860568,20465,ok
1785860568,20452,missing
1785860568,20456,missing
1785860568,20455,missing
1785860569,20458,missing
1785860569,20460,missing
1785860569,20347,ok
1785860569,20462,missing
1785860570,20463,missing
1785860570,20461,missing
1785860570,20464,missing
1785860570,20475,ok
1785860570,20480,ok
1785860571,20467,missing
1785860571,20474,ok
1785860571,20470,missing
1785860571,20469,missing
1785860571,20473,missing
1785860571,20468,missing
1785860572,20471,missing
1785860573,20476,missing
1785860573,20466,missing
1785860573,20477,missing
1785860573,20479,missing
1785860574,20485,missing
1785860574,20482,missing
1785860574,20481,missing
1785860574,20484,missing
1785860574,20486,missing
1785860574,20483,missing
1785860575,20472,missing
1785860575,20490,ok
1785860575,20488,missing
1785860575,20478,missing
1785860575,20489,missing
1785860576,20503,ok
1785860576,20492,missing
1785860576,20487,missing
1785860577,20493,missing
1785860577,20494,missing
1785860578,20496,missing
1785860578,20499,missing
1785860578,20497,missing
1785860578,20495,missing
1785860578,20509,ok
1785860578,20502,missing
1785860578,20501,missing
1785860578,20498,missing
1785860579,20510,ok
1785860579,20504,missing
1785860579,20506,missing
1785860579,20500,missing
1785860580,20508,missing
1785860580,20505,missing
1785860580,20507,missing
1785860580,20491,missing
1785860580,20522,ok
1785860581,20512,missing
1785860581,20515,missing
1785860582,20513,missing
1785860582,20514,missing
1785860582,20523,ok
1785860582,20516,missing
1785860583,20518,ok
1785860583,20520,missing
1785860583,20532,ok
1785860583,20519,missing
1785860583,20534,ok
1785860583,20524,missing
1785860583,20517,missing
1785860583,20527,missing
1785860583,20521,missing
1785860583,20526,missing
1785860583,20525,missing
1785860585,20528,missing
1785860585,20535,ok
1785860585,20530,missing
1785860585,20529,missing
1785860585,20531,missing
1785860586,20539,missing
1785860586,20548,ok
1785860587,20538,missing
1785860587,20536,missing
1785860587,20542,missing
1785860587,20546,ok
1785860587,20544,missing
1785860587,20533,missing
1785860587,20540,missing
1785860587,20550,ok
1785860588,20541,missing
1785860588,20537,missing
1785860588,20551,ok
1785860588,20543,missing
1785860589,20560,ok
1785860589,20547,missing
1785860589,20545,missing
1785860590,20552,missing
1785860590,20556,missing
1785860591,20553,missing
1785860591,20568,ok
1785860591,20561,missing
1785860591,20555,missing
1785860591,20554,missing
1785860591,20567,ok
1785860591,20559,missing
1785860592,20562,missing
1785860592,20569,ok
1785860592,20563,missing
1785860592,20557,missing
1785860592,20564,missing
1785860592,20549,missing
1785860593,20566,missing
1785860593,20558,missing
1785860593,20578,ok
1785860593,20577,ok
1785860593,20565,missing
1785860594,20581,ok
1785860594,20570,ok
1785860594,20580,ok
1785860594,20572,missing
1785860594,20571,missing
1785860595,20574,missing
1785860595,20575,missing
1785860595,20579,missing
1785860595,20573,missing
1785860596,20584,missing
1785860596,20576,missing
1785860596,20585,missing
1785860597,20582,missing
1785860597,20588,missing
1785860597,20587,missing
1785860597,20583,missing
1785860598,20589,missing
1785860598,20598,ok
1785860598,20590,missing
1785860599,20593,missing
1785860599,20601,ok
1785860599,20605,ok
1785860599,20592,missing
1785860599,20595,missing
1785860600,20586,missing
1785860600,20594,missing
1785860600,20597,missing
1785860600,20608,ok
1785860600,20591,missing
1785860601,20611,ok
1785860601,20600,missing
1785860601,20612,ok
1785860601,20596,missing
1785860601,20599,missing
1785860601,20603,missing
1785860601,20602,missing
1785860602,20618,ok
1785860602,20604,missing
1785860603,20606,missing
1785860603,20610,missing
1785860603,20613,missing
1785860603,20609,missing
1785860604,20607,ok
1785860604,20628,ok
1785860604,20615,missing
1785860605,20622,missing
1785860605,20614,missing
1785860605,20617,missing
1785860605,20621,missing
1785860605,20620,missing
1785860605,20616,missing
1785860605,20626,ok
1785860605,20623,missing
1785860606,20619,missing
1785860606,20624,missing
1785860606,20625,missing
1785860607,20630,missing
1785860608,20627,missing
1785860608,20629,missing
1785860608,20511,ok
1785860608,20635,missing
1785860608,20631,missing
1785860608,20632,missing
1785860608,20645,ok
1785860608,20637,missing
1785860609,20639,missing
1785860609,20633,missing
1785860609,20636,missing
1785860609,20634,missing
1785860609,20649,ok
1785860609,20640,missing
1785860609,20638,missing
1785860610,20653,ok
1785860610,20650,ok
1785860610,20651,ok
1785860610,20642,missing
1785860611,20659,ok
1785860611,20641,missing
1785860611,20643,missing
1785860611,20644,missing
1785860611,20646,missing
1785860612,20647,missing
1785860612,20648,missing
1785860612,20652,missing
1785860612,20663,ok
1785860612,20655,missing
1785860612,20654,missing
1785860612,20656,missing
1785860612,20657,missing
1785860613,20665,ok
1785860613,20660,missing
1785860613,20668,ok
1785860613,20661,missing
1785860613,20658,missing
1785860614,20674,ok
1785860615,20676,ok
1785860615,20670,missing
1785860616,20667,missing
1785860616,20673,missing
1785860616,20672,missing
1785860616,20669,missing
1785860616,20675,missing
1785860616,20671,missing
1785860616,20662,missing
1785860617,20677,missing
1785860617,20679,missing
1785860617,20686,ok
1785860617,20678,missing
1785860618,20693,ok
1785860618,20680,missing
1785860618,20692,ok
1785860618,20682,missing
1785860619,20664,missing
1785860619,20684,missing
1785860620,20681,missing
1785860620,20687,missing
1785860620,20689,missing
1785860620,20688,missing
1785860620,20690,missing
1785860620,20694,missing
1785860621,20685,missing
1785860621,20691,missing
1785860621,20683,missing
1785860621,20697,missing
1785860622,20695,missing
1785860623,20699,missing
1785860623,20709,ok
1785860623,20698,missing
1785860623,20701,missing
1785860623,20700,missing
1785860623,20704,ok
1785860623,20703,missing
1785860624,20705,missing
1785860624,20706,missing
1785860624,20702,missing
1785860624,20712,ok
1785860624,20707,missing
1785860624,20696,missing
1785860625,20711,error
1785860625,20710,missing
1785860626,20713,missing
1785860626,20708,missing
1785860627,20714,missing
1785860627,20718,missing
1785860627,20716,missing
1785860627,20721,missing
1785860627,20717,missing
1785860627,20724,missing
1785860628,20722,missing
1785860628,20723,missing
1785860628,20715,missing
1785860628,20729,ok
1785860628,20719,missing
1785860628,20666,ok
1785860628,20726,missing
1785860629,20720,missing
1785860629,20728,missing
1785860630,20725,missing
1785860630,20727,missing
1785860630,20739,ok
1785860630,20731,missing
1785860630,20730,missing
1785860631,20733,missing
1785860631,20734,missing
1785860631,20732,missing
1785860631,20738,missing
1785860631,20737,missing
1785860631,20736,missing
1785860632,20735,missing
1785860632,20740,missing
1785860632,20753,ok
1785860632,20742,missing
1785860633,20741,missing
1785860633,20752,ok
1785860633,20743,missing
1785860633,20745,missing
1785860633,20757,ok
1785860634,20746,missing
1785860634,20747,missing
1785860634,20744,missing
1785860635,20748,missing
1785860635,20756,ok
1785860635,20749,missing
1785860635,20751,missing
1785860635,20755,missing
1785860635,20754,missing
1785860635,20750,missing
1785860635,20765,ok
1785860637,20759,missing
1785860637,20758,missing
1785860637,20760,missing
1785860637,20761,missing
1785860637,20764,missing
1785860637,20762,missing
1785860638,20766,missing
1785860638,20777,ok
1785860638,20767,missing
1785860638,20771,missing
1785860638,20770,missing
1785860639,20763,missing
1785860639,20773,missing
1785860639,20769,missing
1785860639,20783,ok
1785860639,20772,missing
1785860639,20774,missing
1785860639,20782,ok
1785860640,20768,missing
1785860640,20789,ok
1785860640,20776,missing
1785860640,20778,missing
1785860640,20779,missing
1785860640,20775,missing
1785860640,20790,ok
1785860641,20780,missing
1785860641,20796,ok
1785860642,20781,missing
1785860642,20784,missing
1785860643,20787,missing
1785860643,20786,missing
1785860643,20788,missing
1785860643,20785,missing
1785860643,20794,missing
1785860643,20791,missing
1785860644,20793,missing
1785860644,20797,missing
1785860644,20792,missing
1785860644,20795,missing
1785860645,20809,ok
1785860645,20799,missing
1785860645,20798,missing
1785860646,20802,missing
1785860646,20803,missing
1785860646,20800,missing
1785860646,20813,ok
1785860646,20812,ok
1785860646,20801,missing
1785860646,20811,ok
1785860646,20806,missing
1785860646,20805,missing
1785860646,20808,missing
1785860647,20814,ok
1785860647,20804,missing
1785860647,20807,missing
1785860648,20810,missing
1785860648,20815,missing
1785860649,20829,ok
1785860649,20816,missing
1785860649,20823,missing
1785860649,20819,missing
1785860649,20820,missing
1785860649,20821,missing
1785860649,20822,missing
1785860650,20824,missing
1785860650,20818,missing
1785860650,20817,missing
1785860650,20833,ok
1785860650,20825,missing
1785860650,20828,missing
1785860650,20827,missing
1785860651,20838,ok
1785860651,20826,missing
1785860651,20841,ok
1785860651,20846,ok
1785860651,20830,ok
1785860652,20839,ok
1785860652,20832,missing
1785860653,20831,missing
1785860653,20834,missing
1785860653,20837,missing
1785860653,20844,missing
1785860653,20842,missing
1785860654,20843,missing
1785860654,20845,missing
1785860654,20836,missing
1785860654,20835,missing
1785860655,20855,ok
1785860655,20847,missing
1785860655,20849,missing
1785860655,20848,missing
1785860656,20851,missing
1785860656,20850,missing
1785860656,20857,ok
1785860656,20840,missing
1785860656,20852,missing
1785860656,20853,missing
1785860657,20854,missing
1785860657,20856,missing
1785860658,20858,missing
1785860658,20859,missing
1785860658,20862,missing
1785860658,20861,missing
1785860659,20863,missing
1785860659,20867,ok
1785860659,20866,missing
1785860659,20864,missing
1785860659,20869,missing
1785860660,20871,missing
1785860660,20860,missing
1785860660,20865,missing
1785860661,20870,missing
1785860661,20873,missing
1785860661,20885,ok
1785860662,20872,missing
1785860662,20874,missing
1785860662,20868,missing
1785860662,20887,ok
1785860662,20876,ok
1785860662,20875,missing
1785860663,20878,missing
1785860663,20889,ok
1785860663,20877,missing
1785860663,20880,missing
1785860663,20881,missing
1785860663,20884,missing
1785860663,20882,missing
1785860663,20883,missing
1785860663,20886,ok
1785860665,20879,missing
1785860665,20891,missing
1785860666,20890,missing
1785860666,20898,missing
1785860666,20888,missing
1785860666,20894,missing
1785860667,20897,missing
1785860667,20899,missing
1785860667,20893,missing
1785860667,20901,missing
1785860667,20895,missing
1785860667,20892,missing
1785860667,20896,ok
1785860667,20900,missing
1785860668,20903,missing
1785860668,20902,missing
1785860668,20911,ok
1785860668,20904,missing
1785860670,20906,missing
1785860670,20919,ok
1785860670,20907,missing
1785860670,20909,missing
1785860670,20905,missing
1785860670,20913,missing
1785860670,20914,missing
1785860671,20908,missing
1785860671,20910,missing
1785860671,20929,ok
1785860671,20916,missing
1785860671,20928,ok
1785860672,20912,missing
1785860672,20918,missing
1785860672,20917,missing
1785860673,20920,missing
1785860673,20921,missing
1785860673,20924,missing
1785860673,20926,missing
1785860673,20932,ok
1785860673,20923,missing
1785860674,20927,missing
1785860674,20938,ok
1785860674,20925,missing
1785860675,20934,missing
1785860675,20930,missing
1785860675,20935,missing
1785860675,20933,missing
1785860676,20931,missing
1785860676,20922,missing
1785860677,20937,missing
1785860677,20943,missing
1785860677,20946,ok
1785860677,20941,missing
1785860677,20944,missing
1785860678,20940,missing
1785860678,20936,missing
1785860678,20945,missing
1785860678,20942,missing
1785860678,20939,missing
1785860678,20951,ok
1785860679,20949,missing
1785860679,20948,missing
1785860679,20947,missing
1785860680,20965,ok
1785860680,20954,missing
1785860681,20953,missing
1785860681,20956,missing
1785860681,20950,missing
1785860682,20915,missing
1785860682,20955,missing
1785860682,20957,missing
1785860682,20960,missing
1785860683,20961,missing
1785860683,20964,missing
1785860683,20958,missing
1785860683,20962,missing
1785860684,20952,missing
1785860684,20963,missing
1785860684,20966,missing
1785860685,20969,missing
1785860685,20970,missing
1785860685,20968,missing
1785860685,20976,ok
1785860685,20971,missing
1785860685,20975,ok
1785860685,20973,missing
1785860686,20972,missing
1785860686,20974,missing
1785860686,20987,ok
1785860686,20986,ok
1785860686,20959,missing
1785860687,20988,ok
1785860687,20978,missing
1785860687,20977,missing
1785860687,20984,ok
1785860687,20980,missing
1785860687,20985,ok
1785860688,20979,missing
1785860688,20996,ok
1785860689,20983,missing
1785860689,20981,missing
1785860689,20982,missing
1785860689,20990,missing
1785860689,21000,ok
1785860689,21002,ok
1785860690,20991,missing
1785860690,20993,missing
1785860690,20989,missing
1785860690,20995,missing
1785860690,20997,ok
1785860691,20992,missing
1785860691,20999,missing
1785860691,21007,ok
1785860691,21009,ok
1785860691,20998,missing
1785860692,21010,ok
1785860692,21001,missing
1785860692,21003,missing
1785860693,20994,missing
1785860693,21005,missing
1785860694,21008,missing
1785860694,21012,missing
1785860694,21011,missing
1785860694,21004,ok
1785860694,21006,missing
1785860695,21013,missing
1785860695,21015,missing
1785860695,21017,missing
1785860695,21016,missing
1785860695,21019,missing
1785860696,21031,ok
1785860696,21021,missing
1785860696,21028,ok
1785860696,21029,ok
1785860696,21020,missing
1785860697,21018,missing
1785860697,21022,missing
1785860697,21023,missing
1785860697,21026,missing
1785860698,21024,missing
1785860698,21041,ok
1785860698,21030,missing
1785860699,21042,ok
1785860699,21033,ok
1785860699,21032,missing
1785860699,21025,missing
1785860699,21035,missing
1785860700,21037,missing
1785860700,21027,missing
1785860700,21014,missing
1785860700,21038,missing
1785860701,21050,ok
1785860701,21040,missing
1785860701,21036,missing
1785860701,21052,ok
1785860701,21039,missing
1785860701,21034,missing
1785860701,21043,missing
1785860702,21045,ok
1785860703,21044,missing
1785860703,21049,missing
1785860703,21048,missing
1785860703,21046,missing
1785860704,21047,missing
1785860704,21056,missing
1785860705,21057,missing
1785860705,21055,missing
1785860705,21051,missing
1785860705,21059,missing
1785860705,21058,missing
1785860705,21060,missing
1785860705,21053,missing
1785860706,21072,ok
1785860706,21062,missing
1785860706,21054,missing
1785860706,21061,missing
1785860706,21063,missing
1785860706,21064,missing
1785860706,21073,ok
1785860707,21065,missing
1785860708,21076,ok
1785860708,21066,missing
1785860708,21071,missing
1785860708,21069,missing
1785860709,21067,missing
1785860709,21068,missing
1785860709,21070,missing
1785860709,21074,missing
1785860710,21077,missing
1785860710,21075,missing
1785860710,21079,missing
1785860710,21078,missing
1785860710,21085,ok
1785860711,21093,ok
1785860711,21081,missing
1785860712,21080,missing
1785860712,21084,missing
1785860712,21083,missing
1785860712,21088,missing
1785860712,21097,ok
1785860712,21089,missing
1785860712,21082,missing
1785860712,21087,missing
1785860712,21095,ok
1785860713,21086,missing
1785860713,21090,missing
1785860713,21091,missing
1785860714,21101,ok
1785860714,21092,missing
1785860714,21107,ok
1785860714,21100,ok
1785860714,21105,ok
1785860714,21096,ok
1785860715,21099,missing
1785860715,21098,missing
1785860715,21094,missing
1785860716,20967,missing
1785860716,21110,ok
1785860716,21108,missing
1785860716,21103,missing
1785860716,21104,missing
1785860716,21102,missing
1785860717,21109,missing
1785860717,21106,missing
1785860717,21111,missing
1785860717,21112,missing
1785860718,21123,ok
1785860718,21113,missing
1785860718,21114,missing
1785860718,21127,ok
1785860718,21128,ok
1785860718,21116,missing
1785860719,21117,missing
1785860719,21118,missing
1785860719,21120,missing
1785860719,21122,missing
1785860719,21135,ok
1785860720,21115,missing
1785860720,21121,missing
1785860720,21126,missing
1785860721,21125,missing
1785860721,21119,missing
1785860721,21124,ok
1785860721,21131,missing
1785860721,21130,missing
1785860721,21129,missing
1785860722,21133,missing
1785860722,21134,missing
1785860722,21132,missing
1785860722,21148,ok
1785860723,21136,missing
1785860723,21137,missing
1785860723,21139,missing
1785860723,21138,missing
1785860723,21140,missing
1785860723,21147,ok
1785860723,21152,ok
1785860724,21142,missing
1785860724,21145,missing
1785860724,21143,missing
1785860724,21146,missing
1785860724,21141,missing
1785860725,21159,ok
1785860725,21144,missing
1785860725,21157,ok
1785860726,21149,missing
1785860726,21153,missing
1785860726,21155,missing
1785860726,21161,ok
1785860726,21156,missing
1785860727,21151,missing
1785860727,21169,ok
1785860727,21158,missing
1785860728,21174,ok
1785860728,21160,missing
1785860728,21154,missing
1785860728,21150,missing
1785860728,21165,missing
1785860728,21163,missing
1785860728,21164,missing
1785860728,21162,missing
1785860729,21167,missing
1785860729,21166,missing
1785860729,21168,missing
1785860729,21181,ok
1785860730,21172,missing
1785860730,21185,ok
1785860730,21173,missing
1785860731,21170,missing
1785860731,21171,missing
1785860731,21184,ok
1785860731,21176,missing
1785860731,21177,missing
1785860731,21179,missing
1785860732,21175,missing
1785860732,21180,missing
1785860732,21178,missing
1785860732,21183,missing
1785860733,21186,missing
1785860733,21182,missing
1785860733,21201,ok
1785860734,21188,missing
1785860734,21192,missing
1785860734,21194,missing
1785860734,21191,missing
1785860735,21195,missing
1785860735,21189,missing
1785860735,21193,missing
1785860735,21198,missing
1785860735,21204,ok
1785860735,21197,missing
1785860736,21200,missing
1785860736,21190,missing
1785860736,21196,missing
1785860736,21187,missing
1785860736,21202,missing
1785860737,21199,missing
1785860737,21215,ok
1785860737,21203,missing
1785860738,21213,ok
1785860738,21205,missing
1785860738,21220,ok
1785860738,21210,missing
1785860738,21209,missing
1785860738,21208,missing
1785860739,21206,missing
1785860739,21211,missing
1785860739,21207,missing
1785860739,21217,ok
1785860739,21212,missing
1785860740,21218,missing
1785860740,21214,missing
1785860740,21229,ok
1785860741,21219,missing
1785860741,21221,missing
1785860741,21216,missing
1785860741,21225,missing
1785860741,21223,missing
1785860742,21227,missing
1785860742,21226,missing
1785860742,21231,missing
1785860742,21228,missing
1785860743,21232,missing
1785860743,21234,missing
1785860743,21235,missing
1785860744,21233,missing
1785860744,21224,missing
1785860744,21241,ok
1785860744,21237,missing
1785860744,21230,missing
1785860745,21240,missing
1785860745,21236,missing
1785860745,21238,missing
1785860746,21222,missing
1785860746,21244,missing
1785860746,21242,missing
1785860746,21245,missing
1785860746,21239,missing
1785860746,21254,ok
1785860746,21243,missing
1785860747,21246,missing
1785860747,21250,missing
1785860747,21247,missing
1785860748,21248,missing
1785860748,21251,missing
1785860748,21252,missing
1785860748,21261,ok
1785860748,21249,missing
1785860748,21253,missing
1785860748,21255,missing
1785860749,21257,missing
1785860749,21259,missing
1785860749,21256,missing
1785860750,21258,missing
1785860750,21262,ok
1785860750,21260,missing
1785860751,21266,missing
1785860751,21265,missing
1785860751,21263,missing
1785860751,21269,missing
1785860751,21264,missing
1785860752,21278,ok
1785860752,21272,missing
1785860752,21271,missing
1785860752,21268,missing
1785860753,21270,missing
1785860753,21273,missing
1785860753,21275,missing
1785860753,21277,missing
1785860754,21283,ok
1785860754,21274,missing
1785860754,21286,ok
1785860755,21276,missing
1785860755,21279,missing
1785860755,21267,missing
1785860755,21285,missing
1785860756,21282,missing
1785860756,21281,missing
1785860756,21284,missing
1785860756,21287,missing
1785860756,21280,missing
1785860756,21288,missing
1785860757,21290,missing
1785860757,21291,missing
1785860757,21292,missing
1785860758,21302,ok
1785860758,21293,missing
1785860758,21296,missing
1785860759,21297,missing
1785860759,21295,missing
1785860759,21289,missing
1785860759,21298,missing
1785860759,21307,ok
1785860759,21311,ok
1785860759,21299,missing
1785860759,21301,missing
1785860759,21294,missing
1785860760,21300,missing
1785860760,21304,missing
1785860760,21306,missing
1785860761,21303,missing
1785860761,21305,missing
1785860762,21310,missing
1785860762,21308,missing
1785860762,21313,missing
1785860762,21312,missing
1785860763,21315,missing
1785860763,21317,missing
1785860763,21327,ok
1785860763,21319,missing
1785860763,21318,missing
1785860764,21321,missing
1785860764,21320,missing
1785860764,21322,missing
1785860764,21323,missing
1785860764,21316,missing
1785860765,21324,missing
1785860765,21326,missing
1785860765,21309,missing
1785860765,21331,ok
1785860765,21325,missing
1785860766,21328,missing
1785860766,21336,ok
1785860766,21329,ok
1785860766,21335,ok
1785860766,21330,missing
1785860767,21333,missing
1785860767,21337,missing
1785860768,21338,missing
1785860768,21332,missing
1785860768,21334,missing
1785860768,21339,missing
1785860769,21351,ok
1785860769,21341,missing
1785860769,21342,missing
1785860769,21343,missing
1785860769,21353,ok
1785860769,21345,missing
1785860770,21356,ok
1785860770,21348,missing
1785860770,21346,missing
1785860770,21344,missing
1785860771,21350,missing
1785860771,21361,ok
1785860771,21349,missing
1785860771,21362,ok
1785860771,21340,missing
1785860772,21347,missing
1785860772,21352,missing
1785860772,21354,missing
1785860772,21357,ok
1785860772,21355,missing
1785860773,21358,missing
1785860774,21360,missing
1785860774,21363,missing
1785860774,21365,missing
1785860774,21364,missing
1785860774,21366,missing
1785860775,21359,missing
1785860775,21369,missing
1785860775,21367,missing
1785860775,21370,missing
1785860775,21368,missing
1785860776,21373,missing
1785860776,21372,missing
1785860777,21371,missing
1785860777,21375,missing
1785860778,21374,missing
1785860778,21379,missing
1785860778,21378,missing
1785860778,21381,missing
1785860778,21389,ok
1785860778,21377,missing
1785860778,21376,missing
1785860778,21382,missing
1785860779,21383,missing
1785860779,21384,missing
1785860779,21385,missing
1785860780,21387,missing
1785860780,21380,missing
1785860781,21388,missing
1785860781,21390,missing
1785860781,21386,missing
1785860781,21392,missing
1785860782,21393,missing
1785860782,21397,missing
1785860782,21399,missing
1785860782,21391,missing
1785860782,21396,missing
1785860783,21411,ok
1785860783,21395,missing
1785860784,21402,missing
1785860784,21398,missing
1785860785,21404,missing
1785860785,21403,missing
1785860785,21407,missing
1785860785,21406,missing
1785860785,21416,ok
1785860786,21401,missing
1785860786,21394,missing
1785860786,21405,missing
1785860786,21410,missing
1785860787,21409,missing
1785860787,21408,missing
1785860787,21413,missing
1785860788,21414,missing
1785860788,21412,missing
1785860789,21423,missing
1785860789,21420,missing
1785860789,21415,missing
1785860789,21418,missing
1785860789,21424,missing
1785860789,21419,missing
1785860790,21429,ok
1785860790,21434,ok
1785860790,21426,missing
1785860790,21425,missing
1785860791,21435,ok
1785860791,21421,missing
1785860791,21427,missing
1785860792,21400,missing
1785860792,21428,missing
1785860792,21431,missing
1785860793,21430,missing
1785860793,21436,ok
1785860793,21433,missing
1785860793,21432,missing
1785860793,21417,missing
1785860794,21448,ok
1785860794,21446,ok
1785860794,21438,missing
1785860794,21440,missing
1785860794,21422,missing
1785860794,21441,missing
1785860795,21437,missing
1785860795,21439,missing
1785860795,21443,missing
1785860796,21459,ok
1785860796,21442,missing
1785860796,21445,missing
1785860796,21444,missing
1785860796,21449,missing
1785860797,21447,missing
1785860797,21465,ok
1785860797,21450,missing
1785860797,21451,missing
1785860798,21456,missing
1785860798,21453,missing
1785860798,21454,missing
1785860798,21457,missing
1785860798,21455,missing
1785860799,21468,ok
1785860799,21452,missing
1785860799,21461,missing
1785860799,21463,missing
1785860800,21464,missing
1785860800,21458,missing
1785860801,21462,missing
1785860801,21460,missing
1785860801,21467,missing
1785860801,21466,missing
1785860802,21469,missing
1785860802,21472,missing
1785860802,21481,ok
1785860802,21473,missing
1785860803,21471,missing
1785860803,21476,missing
1785860803,21485,ok
1785860803,21478,missing
1785860803,21470,missing
1785860803,21483,ok
1785860803,21474,missing
1785860803,21480,missing
1785860804,21475,missing
1785860804,21492,ok
1785860805,21479,missing
1785860805,21484,missing
1785860805,21482,missing
1785860805,21477,missing
1785860805,21486,missing
1785860805,21494,ok
1785860806,21487,missing
1785860806,21488,missing
1785860806,21500,ok
1785860806,21493,missing
1785860806,21491,missing
1785860807,21495,missing
1785860807,21490,missing
1785860807,21489,missing
1785860807,21496,missing
1785860808,21497,missing
1785860808,21509,ok
1785860808,21508,ok
1785860808,21499,missing
1785860808,21501,missing
1785860809,21498,missing
1785860809,21502,missing
1785860809,21506,missing
1785860809,21517,ok
1785860809,21518,ok
1785860810,21505,missing
1785860811,21520,ok
1785860811,21514,missing
1785860811,21512,missing
1785860811,21503,missing
1785860811,21513,missing
1785860811,21504,missing
1785860811,21510,missing
1785860811,21515,missing
1785860812,21507,missing
1785860812,21525,ok
1785860812,21511,missing
1785860812,21519,missing
1785860813,21516,missing
1785860813,21521,missing
1785860814,21523,missing
1785860814,21537,ok
1785860814,21524,missing
1785860814,21522,missing
1785860815,21542,ok
1785860815,21534,missing
1785860815,21528,missing
1785860815,21531,missing
1785860816,21526,missing
1785860816,21530,missing
1785860816,21529,missing
1785860816,21535,missing
1785860816,21532,missing
1785860816,21533,missing
1785860816,21527,missing
1785860817,21536,missing
1785860817,21550,ok
1785860817,21538,missing
1785860817,21540,missing
1785860817,21541,missing
1785860818,21543,missing
1785860818,21539,missing
1785860819,21545,missing
1785860819,21546,missing
1785860819,21556,ok
1785860819,21551,missing
1785860819,21549,missing
1785860819,21552,missing
1785860820,21547,missing
1785860820,21548,missing
1785860820,21562,ok
1785860820,21555,missing
1785860821,21544,missing
1785860821,21553,missing
1785860821,21554,missing
1785860821,21559,missing
1785860822,21560,missing
1785860822,21558,missing
1785860822,21564,missing
1785860823,21561,missing
1785860823,21557,missing
1785860823,21575,ok
1785860823,21567,missing
1785860823,21566,missing
1785860824,21569,missing
1785860824,21570,missing
1785860824,21568,missing
1785860824,21571,missing
1785860824,21563,missing
1785860825,21565,missing
1785860825,21572,missing
1785860825,21573,missing
1785860825,21574,missing
1785860825,21588,ok
1785860826,21576,missing
1785860826,21581,missing
1785860827,21578,missing
1785860827,21583,missing
1785860827,21580,missing
1785860827,21577,missing
1785860827,21586,missing
1785860828,21585,missing
1785860828,21582,missing
1785860828,21590,missing
1785860828,21596,ok
1785860829,21592,missing
1785860829,21600,ok
1785860829,21587,missing
1785860829,21584,missing
1785860830,21589,missing
1785860830,21579,missing
1785860830,21598,missing
1785860830,21593,missing
1785860830,21606,ok
1785860831,21594,missing
1785860831,21595,missing
1785860831,21599,missing
1785860831,21591,missing
1785860831,21597,missing
1785860832,21613,ok
1785860832,21601,missing
1785860832,21605,missing
1785860833,21604,missing
1785860833,21602,missing
1785860833,21603,missing
1785860833,21609,missing
1785860834,21611,missing
1785860834,21620,ok
1785860834,21608,missing
1785860834,21607,missing
1785860834,21614,missing
1785860834,21618,ok
1785860835,21615,missing
1785860835,21617,missing
1785860835,21610,missing
1785860836,21619,missing
1785860836,21612,missing
1785860836,21623,missing
1785860836,21622,missing
1785860836,21624,missing
1785860837,21621,missing
1785860837,21616,missing
1785860837,21628,missing
1785860837,21635,ok
1785860837,21627,missing
1785860837,21626,missing
1785860837,21625,missing
1785860838,21630,missing
1785860838,21629,missing
1785860838,21631,missing
1785860839,21638,ok
1785860839,21632,missing
1785860840,21633,missing
1785860840,21634,missing
1785860840,21641,missing
1785860840,21639,missing
1785860840,21642,missing
1785860840,21645,missing
1785860841,21637,missing
1785860841,21651,ok
1785860841,21643,missing
1785860841,21644,missing
1785860841,21655,ok
1785860841,21648,missing
1785860841,21646,missing
1785860842,21636,missing
1785860842,21647,missing
1785860842,21640,missing
1785860843,21649,missing
1785860843,21650,missing
1785860843,21652,missing
1785860844,21653,missing
1785860844,21657,missing
1785860845,21656,missing
1785860845,21658,missing
1785860845,21659,missing
1785860845,21664,missing
1785860845,21661,missing
1785860845,21660,missing
1785860845,21662,missing
1785860845,21665,missing
1785860845,21666,missing
1785860846,21680,ok
1785860847,21663,missing
1785860847,21654,missing
1785860847,21667,missing
1785860847,21669,missing
1785860847,21681,ok
1785860847,21682,ok
1785860847,21668,missing
1785860848,21671,missing
1785860848,21670,missing
1785860848,21673,missing
1785860848,21679,missing
1785860848,21676,missing
1785860848,21675,missing
1785860849,21685,ok
1785860849,21677,missing
1785860849,21674,missing
1785860849,21678,missing
1785860850,21684,missing
1785860850,21686,missing
1785860851,21695,ok
1785860851,21683,missing
1785860851,21688,missing
1785860851,21690,missing
1785860851,21698,ok
1785860851,21700,ok
1785860852,21692,missing
1785860852,21693,missing
1785860852,21689,missing
1785860852,21696,missing
1785860852,21705,ok
1785860852,21694,missing
1785860852,21687,missing
1785860853,21710,ok
1785860853,21691,missing
1785860854,21697,missing
1785860854,21699,missing
1785860854,21714,ok
1785860854,21701,missing
1785860854,21708,ok
1785860855,21703,missing
1785860855,21702,missing
1785860855,21706,missing
1785860855,21718,ok
1785860856,21723,ok
1785860856,21721,ok
1785860856,21712,missing
1785860856,21704,missing
1785860856,21713,missing
1785860856,21707,missing
1785860856,21709,missing
1785860856,21711,missing
1785860857,21715,missing
1785860858,21719,missing
1785860858,21720,missing
1785860858,21724,missing
1785860858,21725,ok
1785860859,21717,missing
1785860859,21716,missing
1785860859,21722,missing
1785860859,21728,missing
1785860859,21729,missing
1785860860,21727,missing
1785860860,21672,missing
1785860860,21732,missing
1785860860,21730,missing
1785860860,21743,ok
1785860860,21726,missing
1785860861,21731,missing
1785860861,21733,missing
1785860861,21735,missing
1785860862,21744,ok
1785860862,21737,missing
1785860862,21739,missing
1785860862,21734,missing
1785860863,21736,missing
1785860863,21751,ok
1785860863,21740,missing
1785860863,21755,ok
1785860863,21738,missing
1785860863,21745,missing
1785860864,21742,missing
1785860864,21748,missing
1785860864,21741,missing
1785860864,21746,missing
1785860865,21760,ok
1785860865,21750,missing
1785860865,21747,missing
1785860866,21753,missing
1785860866,21749,missing
1785860866,21757,missing
1785860866,21759,missing
1785860866,21754,missing
1785860867,21756,missing
1785860867,21752,missing
1785860867,21763,missing
1785860867,21762,missing
1785860867,21764,missing
1785860868,21766,missing
1785860868,21758,missing
1785860868,21771,ok
1785860868,21778,ok
1785860868,21765,missing
1785860869,21768,missing
1785860869,21767,missing
1785860869,21769,missing
1785860870,21772,missing
1785860870,21782,ok
1785860870,21785,ok
1785860870,21770,missing
1785860870,21774,missing
1785860871,21773,missing
1785860871,21776,missing
1785860871,21791,ok
1785860871,21777,missing
1785860872,21783,missing
1785860872,21775,missing
1785860872,21784,missing
1785860872,21779,missing
1785860872,21781,missing
1785860873,21761,missing
1785860874,21787,missing
1785860874,21790,missing
1785860874,21789,missing
1785860874,21788,missing
1785860874,21793,missing
1785860874,21803,ok
1785860874,21792,missing
1785860874,21794,missing
1785860875,21786,missing
1785860875,21802,ok
1785860875,21797,missing
1785860876,21798,missing
1785860876,21799,missing
1785860876,21800,missing
1785860876,21795,missing
1785860876,21796,missing
1785860876,21809,ok
1785860876,21801,missing
1785860876,21813,ok
1785860877,21814,ok
1785860877,21805,missing
1785860878,21808,missing
1785860878,21806,missing
1785860878,21807,missing
1785860878,21804,missing
1785860878,21811,missing
1785860879,21810,missing
1785860879,21822,ok
1785860879,21812,missing
1785860879,21827,ok
1785860880,21818,missing
1785860880,21815,missing
1785860880,21819,missing
1785860880,21830,ok
1785860880,21820,missing
1785860881,21832,ok
1785860881,21816,missing
1785860881,21824,missing
1785860881,21826,missing
1785860881,21833,ok
1785860882,21821,missing
1785860882,21829,missing
1785860882,21817,missing
1785860883,21825,missing
1785860883,21828,missing
1785860883,21840,ok
1785860883,21823,missing
1785860883,21831,missing
1785860884,21834,missing
1785860884,21836,missing
1785860884,21838,missing
1785860885,21845,ok
1785860885,21842,missing
1785860885,21851,ok
1785860885,21844,missing
1785860885,21837,missing
1785860885,21839,missing
1785860886,21841,missing
1785860886,21854,ok
1785860886,21843,missing
1785860886,21858,ok
1785860886,21849,missing
1785860887,21848,missing
1785860887,21846,missing
1785860887,21847,missing
1785860887,21860,ok
1785860888,21850,missing
1785860888,21852,missing
1785860889,21853,missing
1785860889,21865,ok
1785860889,21857,missing
1785860889,21856,missing
1785860889,21867,ok
1785860889,21855,missing
1785860890,21859,missing
1785860890,21869,ok
1785860890,21861,missing
1785860890,21862,missing
1785860891,21863,missing
1785860891,21876,ok
1785860891,21864,missing
1785860892,21868,missing
1785860892,21866,missing
1785860892,21874,ok
1785860892,21871,missing
1785860892,21873,missing
1785860892,21872,missing
1785860892,21780,missing
1785860893,21870,missing
1785860894,21875,missing
1785860894,21885,ok
1785860894,21878,missing
1785860894,21877,missing
1785860894,21880,missing
1785860895,21884,missing
1785860895,21879,missing
1785860895,21888,missing
1785860896,21883,missing
1785860896,21889,missing
1785860896,21882,missing
1785860896,21887,missing
1785860897,21895,ok
1785860897,21901,ok
1785860897,21881,missing
1785860897,21890,missing
1785860897,21893,missing
1785860897,21891,missing
1785860897,21886,missing
1785860897,21894,missing
1785860898,21892,missing
1785860899,21899,missing
1785860899,21900,missing
1785860899,21897,missing
1785860900,21898,missing
1785860900,21902,missing
1785860901,21903,missing
1785860901,21904,missing
1785860901,21908,missing
1785860901,21896,missing
1785860901,21905,missing
1785860901,21906,missing
1785860901,21911,missing
1785860902,21913,ok
1785860902,21909,missing
1785860902,21921,ok
1785860902,21907,missing
1785860903,21922,ok
1785860903,21912,missing
1785860904,21926,ok
1785860904,21914,missing
1785860904,21916,missing
1785860904,21910,missing
1785860904,21919,missing
1785860904,21917,missing
1785860904,21915,missing
1785860905,21923,missing
1785860905,21918,missing
1785860905,21925,missing
1785860905,21920,missing
1785860905,21931,ok
1785860905,21924,missing
1785860906,21927,ok
1785860906,21928,missing
1785860907,21930,missing
1785860907,21943,ok
1785860908,21936,missing
1785860908,21929,missing
1785860908,21937,missing
1785860908,21939,missing
1785860909,21932,missing
1785860909,21942,missing
1785860909,21933,missing
1785860909,21934,missing
1785860909,21941,missing
1785860909,21948,ok
1785860909,21940,missing
1785860910,21935,ok
1785860910,21952,ok
1785860910,21944,missing
1785860911,21945,missing
1785860911,21946,missing
1785860912,21949,missing
1785860912,21947,missing
1785860912,21950,missing
1785860912,21938,missing
1785860912,21956,missing
1785860913,21953,missing
1785860913,21955,missing
1785860913,21951,missing
1785860913,21959,missing
1785860913,21954,missing
1785860913,21958,missing
1785860913,21835,ok
1785860913,21957,missing
1785860913,21960,missing
1785860913,21967,ok
1785860914,21964,ok
1785860914,21976,ok
1785860915,21974,ok
1785860915,21977,ok
1785860915,21962,missing
1785860915,21979,ok
1785860916,21965,missing
1785860916,21966,missing
1785860916,21982,ok
1785860916,21961,missing
1785860916,21968,missing
1785860917,21970,missing
1785860917,21986,ok
1785860917,21972,missing
1785860917,21975,missing
1785860917,21973,missing
1785860917,21981,ok
1785860917,21963,missing
1785860917,21971,missing
1785860918,21987,ok
1785860919,21983,missing
1785860919,21978,missing
1785860919,21969,ok
1785860919,21985,missing
1785860920,21989,missing
1785860920,21984,missing
1785860920,21990,missing
1785860920,21988,missing
1785860921,21994,missing
1785860921,21991,missing
1785860921,21996,missing
1785860921,21992,missing
1785860921,21980,missing
1785860921,21993,missing
1785860922,21995,missing
1785860922,21998,missing
1785860923,21997,missing
1785860923,22001,missing
1785860923,21999,missing
1785860924,22003,missing
1785860924,22002,missing
1785860924,22004,missing
1785860924,22012,ok
1785860924,22007,missing
1785860924,22005,missing
1785860924,22006,missing
1785860924,22017,ok
1785860925,22008,missing
1785860925,22010,missing
1785860925,22000,missing
1785860925,22009,missing
1785860925,22018,ok
1785860925,22011,missing
1785860926,22029,ok
1785860926,22013,missing
1785860926,22014,missing
1785860926,22020,ok
1785860927,22027,ok
1785860927,22016,missing
1785860927,22015,missing
1785860928,22022,missing
1785860928,22023,missing
1785860928,22026,missing
1785860928,22019,missing
1785860929,22028,missing
1785860929,22025,missing
1785860929,22041,ok
1785860929,22021,missing
1785860929,22024,missing
1785860929,22032,missing
1785860929,22030,missing
1785860930,22031,missing
1785860930,22034,missing
1785860930,22047,ok
1785860931,22036,missing
1785860931,22033,missing
1785860931,22035,missing
1785860931,22037,missing
1785860931,22038,missing
1785860932,22039,missing
1785860932,22043,missing
1785860932,22040,missing
1785860932,22044,missing
1785860933,22042,missing
1785860933,22045,missing
1785860933,22059,ok
1785860933,22048,missing
1785860933,22046,missing
1785860934,22051,missing
1785860934,22049,missing
1785860934,22050,missing
1785860934,22062,ok
1785860934,22052,missing
1785860934,22065,ok
1785860934,22064,ok
1785860935,22066,ok
1785860935,22055,missing
1785860935,22058,missing
1785860935,22054,missing
1785860936,22056,missing
1785860936,22072,ok
1785860936,22053,missing
1785860936,22057,missing
1785860936,22060,missing
1785860937,22061,missing
1785860938,22068,missing
1785860938,22071,missing
1785860938,22073,missing
1785860938,22081,ok
1785860938,22070,missing
1785860938,22063,missing
1785860939,22083,ok
1785860939,22074,missing
1785860939,22077,missing
1785860939,22075,missing
1785860939,22067,missing
1785860939,22086,ok
1785860939,22087,ok
1785860939,22079,missing
1785860939,22078,missing
1785860939,22069,missing
1785860939,22085,ok
1785860940,22076,missing
1785860940,22093,ok
1785860940,22080,missing
1785860941,22084,missing
1785860941,22082,missing
1785860942,22103,ok
1785860942,22092,missing
1785860943,22095,missing
1785860943,22089,missing
1785860943,22098,missing
1785860943,22099,missing
1785860943,22096,missing
1785860943,22106,ok
1785860943,22088,missing
1785860943,22091,missing
1785860943,22090,missing
1785860943,22094,missing
1785860944,22097,missing
1785860944,22102,missing
1785860945,22101,missing
1785860945,22100,missing
1785860946,22104,missing
1785860946,22119,ok
1785860946,22105,missing
1785860946,22107,missing
1785860947,22108,missing
1785860947,22116,missing
1785860947,22114,missing
1785860947,22110,missing
1785860947,22109,missing
1785860947,22117,missing
1785860947,22123,ok
1785860947,22115,missing
1785860948,22111,missing
1785860948,22113,missing
1785860948,22129,ok
1785860949,22120,missing
1785860949,22118,missing
1785860949,22121,missing
1785860949,22132,ok
1785860950,22124,missing
1785860950,22112,missing
1785860950,22137,ok
1785860951,22126,missing
1785860951,22122,missing
1785860951,22127,missing
1785860951,22125,missing
1785860951,22133,missing
1785860952,22130,missing
1785860952,22147,ok
1785860952,22134,missing
1785860952,22135,missing
1785860952,22131,missing
1785860952,22128,missing
1785860952,22136,missing
1785860953,22139,missing
1785860953,22138,missing
1785860953,22151,ok
1785860954,22140,missing
1785860954,22144,missing
1785860954,22143,missing
1785860954,22141,missing
1785860954,22142,missing
1785860954,22146,missing
1785860955,22145,missing
1785860956,22150,missing
1785860956,22152,missing
1785860956,22148,missing
1785860956,22155,missing
1785860956,22149,missing
1785860957,22154,missing
1785860957,22158,missing
1785860957,22157,missing
1785860957,22156,missing
1785860957,22161,missing
1785860958,22160,missing
1785860958,22162,missing
1785860958,22159,missing
1785860958,22163,missing
1785860958,22171,ok
1785860959,22164,missing
1785860959,22165,missing
1785860960,22166,missing
1785860960,22179,ok
1785860960,22153,missing
1785860960,22181,ok
1785860960,22167,missing
1785860960,22170,missing
1785860960,22168,missing
1785860960,22169,missing
1785860960,22173,missing
1785860960,22172,missing
1785860961,22176,missing
1785860961,22175,missing
1785860961,22174,missing
1785860962,22186,ok
1785860962,22193,ok
1785860962,22177,missing
1785860963,22195,ok
1785860963,22196,ok
1785860963,22182,missing
1785860963,22189,missing
1785860963,22183,missing
1785860964,22180,missing
1785860964,22188,missing
1785860964,22190,missing
1785860964,22185,missing
1785860964,22201,ok
1785860964,22187,missing
1785860964,22184,missing
1785860965,22191,missing
1785860965,22192,missing
1785860965,22194,missing
1785860966,22197,missing
1785860966,22200,missing
1785860966,22198,missing
1785860967,22206,ok
1785860967,22202,missing
1785860967,22204,missing
1785860968,22217,ok
1785860968,22203,missing
1785860968,22178,missing
1785860968,22199,missing
1785860968,22205,missing
1785860968,22207,missing
1785860968,22210,missing
1785860969,22212,missing
1785860969,22209,missing
1785860969,22213,missing
1785860969,22208,missing
1785860969,22211,missing
1785860970,22229,ok
1785860970,22215,missing
1785860970,22214,missing
1785860971,22216,missing
1785860971,22219,missing
1785860971,22222,missing
1785860972,22220,missing
1785860972,22221,missing
1785860972,22218,missing
1785860972,22224,missing
1785860972,22235,ok
1785860973,22234,ok
1785860973,22228,missing
1785860973,22226,missing
1785860973,22230,missing
1785860973,22239,ok
1785860973,22223,missing
1785860973,22232,missing
1785860974,22225,missing
1785860974,22231,missing
1785860974,22233,missing
1785860974,22227,missing
1785860974,22247,ok
1785860975,22236,missing
1785860975,22237,missing
1785860976,22238,missing
1785860976,22240,missing
1785860976,22254,ok
1785860976,22242,missing
1785860976,22244,missing
1785860977,22257,ok
1785860977,22241,missing
1785860977,22243,missing
1785860977,22246,missing
1785860977,22245,missing
1785860977,22252,missing
1785860978,22250,missing
1785860978,22253,missing
1785860978,22248,missing
1785860978,22249,missing
1785860979,22255,missing
1785860979,22251,missing
1785860979,22256,missing
1785860979,22259,missing
1785860980,22264,missing
1785860980,22261,missing
1785860980,22262,missing
1785860981,22258,missing
1785860981,22263,missing
1785860981,22266,missing
1785860981,22268,missing
1785860981,22265,missing
1785860981,22267,missing
1785860982,22269,missing
1785860982,22278,ok
1785860982,22272,missing
1785860982,22260,missing
1785860983,22273,missing
1785860983,22270,missing
1785860984,22276,missing
1785860984,22271,missing
1785860984,22274,missing
1785860985,22279,missing
1785860985,22283,missing
1785860985,22280,missing
1785860985,22284,missing
1785860986,22282,missing
1785860986,22287,missing
1785860986,22281,missing
1785860986,22285,missing
1785860986,22286,missing
1785860986,22275,missing
1785860987,22289,missing
1785860988,22288,missing
1785860988,22292,missing
1785860988,22290,missing
1785860988,22277,missing
1785860988,22291,missing
1785860988,22295,missing
1785860988,22293,missing
1785860989,22297,missing
1785860989,22296,missing
1785860989,22298,missing
1785860990,22306,ok
1785860990,22300,missing
1785860990,22294,missing
1785860990,22301,missing
1785860991,22303,missing
1785860991,22302,missing
1785860991,22307,missing
1785860991,22317,ok
1785860991,22299,missing
1785860992,22305,missing
1785860992,22310,missing
1785860992,22309,missing
1785860993,22311,missing
1785860993,22304,missing
1785860993,22312,missing
1785860993,22308,missing
1785860993,22314,missing
1785860993,22313,missing
1785860994,22324,ok
1785860994,22329,ok
1785860994,22316,missing
1785860994,22319,missing
1785860994,22315,missing
1785860994,22320,missing
1785860995,22318,missing
1785860995,22322,missing
1785860995,22321,missing
1785860996,22323,missing
1785860996,22325,missing
1785860996,22339,ok
1785860997,22326,missing
1785860997,22330,missing
1785860997,22332,ok
1785860997,22328,missing
1785860997,22342,ok
1785860997,22331,missing
1785860998,22347,ok
1785860998,22336,missing
1785860998,22335,missing
1785860998,22338,missing
1785860998,22334,missing
1785860998,22348,ok
1785860998,22327,missing
1785860999,22333,missing
1785860999,22352,ok
1785860999,22337,missing
1785860999,22354,ok
1785860999,22340,missing
1785861000,22345,missing
1785861000,22346,missing
1785861000,22359,ok
1785861000,22341,missing
1785861001,22343,missing
1785861001,22344,missing
1785861001,22350,missing
1785861001,22349,missing
1785861002,22355,missing
1785861002,22353,missing
1785861002,22369,ok
1785861002,22362,ok
1785861002,22357,missing
1785861002,22358,missing
1785861003,22351,missing
1785861003,22361,missing
1785861003,22360,missing
1785861003,22371,ok
1785861003,22363,missing
1785861004,22372,ok
1785861004,22365,missing
1785861004,22356,missing
1785861004,22364,missing
1785861004,22379,ok
1785861005,22383,ok
1785861005,22368,missing
1785861005,22381,ok
1785861005,22366,missing
1785861006,22386,ok
1785861006,22373,missing
1785861006,22367,missing
1785861006,22374,missing
1785861006,22377,missing
1785861007,22375,missing
1785861007,22380,missing
1785861007,22370,missing
1785861008,22378,missing
1785861008,22384,missing
1785861008,22385,missing
1785861008,22388,missing
1785861009,22387,missing
1785861009,22382,missing
1785861009,22389,missing
1785861010,22394,missing
1785861010,22393,missing
1785861010,22390,missing
1785861010,22391,missing
1785861010,22392,missing
1785861011,22396,missing
1785861011,22376,missing
1785861011,22405,ok
1785861011,22398,missing
1785861011,22410,ok
1785861012,22400,missing
1785861012,22402,missing
1785861012,22403,missing
1785861012,22401,missing
1785861012,22399,missing
1785861013,22404,missing
1785861013,22397,missing
1785861013,22395,missing
1785861013,22416,ok
1785861013,22406,missing
1785861014,22408,missing
1785861014,22411,missing
1785861014,22412,missing
1785861015,22422,ok
1785861015,22407,missing
1785861015,22409,missing
1785861015,22414,missing
1785861015,22428,ok
1785861015,22413,missing
1785861016,22418,missing
1785861016,22420,missing
1785861016,22415,missing
1785861017,22423,missing
1785861017,22421,missing
1785861017,22417,missing
1785861017,22436,ok
1785861018,22424,missing
1785861018,22426,missing
1785861018,22425,missing
1785861018,22429,missing
1785861018,22427,missing
1785861018,22431,missing
1785861019,22419,missing
1785861019,22443,ok
1785861019,22442,ok
1785861019,22433,missing
1785861019,22440,ok
1785861019,22434,missing
1785861020,22432,missing
1785861020,22437,missing
1785861020,22430,missing
1785861020,22448,ok
1785861020,22441,ok
1785861020,22435,missing
1785861020,22451,ok
1785861021,22439,missing
1785861021,22438,missing
1785861021,22459,ok
1785861021,22458,ok
1785861021,22445,missing
1785861022,22454,ok
1785861022,22464,ok
1785861022,22461,ok
1785861022,22446,missing
1785861022,22444,missing
1785861022,22447,missing
1785861023,22452,missing
1785861023,22455,missing
1785861023,22449,missing
1785861023,22450,missing
1785861024,22457,missing
1785861024,22453,missing
1785861024,22460,missing
1785861025,22463,missing
1785861025,22462,missing
1785861025,22456,missing
1785861026,22467,missing
1785861026,22470,missing
1785861026,22465,missing
1785861026,22466,missing
1785861026,22469,missing
1785861027,22480,ok
1785861027,22473,missing
1785861027,22474,missing
1785861027,22472,missing
1785861027,22471,missing
1785861028,22475,missing
1785861028,22477,missing
1785861028,22476,missing
1785861029,22478,missing
1785861029,22468,missing
1785861029,22479,missing
1785861029,22481,missing
1785861030,22482,missing
1785861030,22485,missing
1785861030,22483,missing
1785861030,22488,missing
1785861030,22484,missing
1785861030,22487,missing
1785861030,22500,ok
1785861031,22498,ok
1785861032,22486,missing
1785861032,22491,missing
1785861032,22495,missing
1785861032,22492,missing
1785861032,22499,ok
1785861032,22493,missing
1785861033,22494,missing
1785861033,22506,ok
1785861033,22497,missing
1785861033,22507,ok
1785861033,22509,ok
1785861033,22496,missing
1785861033,22501,missing
1785861033,22489,missing
1785861034,22502,missing
1785861034,22503,missing
1785861034,22504,missing
1785861035,22515,ok
1785861035,22510,missing
1785861036,22511,missing
1785861036,22505,missing
1785861036,22513,missing
1785861036,22512,missing
1785861037,22508,missing
1785861037,22520,missing
1785861037,22519,missing
1785861037,22514,missing
1785861038,22527,ok
1785861038,22518,missing
1785861038,22522,missing
1785861038,22521,missing
1785861038,22523,missing
1785861038,22516,missing
1785861038,22531,ok
1785861039,22530,ok
1785861039,22525,missing
1785861039,22524,missing
1785861040,22539,ok
1785861040,22526,missing
1785861040,22528,missing
1785861041,22532,missing
1785861041,22529,missing
1785861041,22535,missing
1785861041,22533,missing
1785861041,22538,missing
1785861042,22536,missing
1785861042,22537,missing
1785861042,22534,missing
1785861043,22543,missing
1785861043,22540,missing
1785861043,22542,missing
1785861043,22544,missing
1785861044,22556,ok
1785861044,22548,missing
1785861045,22558,ok
1785861046,22546,missing
1785861046,22550,missing
1785861046,22560,ok
1785861046,22551,missing
1785861046,22549,missing
1785861046,22554,missing
1785861046,22545,missing
1785861046,22547,missing
1785861047,22553,missing
1785861047,22559,ok
1785861047,22517,missing
1785861047,22555,missing
1785861047,22552,missing
1785861047,22557,missing
1785861047,22564,ok
1785861047,22566,ok
1785861048,22573,ok
1785861049,22541,missing
1785861049,22563,missing
1785861049,22562,missing
1785861049,22561,missing
1785861050,22567,missing
1785861050,22565,missing
1785861050,22570,missing
1785861050,22571,missing
1785861050,22580,ok
1785861050,22574,missing
1785861051,22572,missing
1785861051,22569,missing
1785861051,22568,missing
1785861051,22587,ok
1785861052,22577,missing
1785861052,22591,ok
1785861052,22590,ok
1785861053,22575,missing
1785861053,22581,missing
1785861053,22582,missing
1785861053,22578,missing
1785861053,22579,missing
1785861054,22583,missing
1785861054,22576,missing
1785861054,22588,missing
1785861054,22586,missing
1785861054,22584,missing
1785861054,22585,missing
1785861055,22601,ok
1785861055,22589,missing
1785861055,22592,missing
1785861056,22596,missing
1785861056,22608,ok
1785861056,22593,missing
1785861056,22595,missing
1785861056,22594,missing
1785861057,22612,ok
1785861057,22609,ok
1785861057,22599,missing
1785861057,22597,missing
1785861057,22598,missing
1785861057,22603,missing
1785861058,22604,missing
1785861058,22600,missing
1785861059,22617,ok
1785861059,22606,missing
1785861059,22602,missing
1785861060,22605,missing
1785861060,22607,missing
1785861060,22613,missing
1785861060,22610,missing
1785861060,22616,missing
1785861061,22614,missing
1785861061,22615,missing
1785861061,22620,missing
1785861061,22490,missing
1785861061,22611,missing
1785861061,22621,missing
1785861062,22619,missing
1785861062,22623,missing
1785861062,22622,missing
1785861063,22618,missing
1785861063,22626,missing
1785861063,22624,missing
1785861064,22625,missing
1785861064,22628,missing
1785861064,22631,missing
1785861064,22627,missing
1785861064,22630,missing
1785861065,22632,missing
1785861065,22633,missing
1785861066,22634,missing
1785861066,22629,missing
1785861066,22635,missing
1785861066,22636,missing
1785861066,22639,ok
1785861067,22640,missing
1785861067,22638,missing
1785861068,22641,missing
1785861068,22648,ok
1785861068,22644,missing
1785861068,22643,missing
1785861068,22645,missing
1785861068,22642,missing
1785861068,22646,missing
1785861068,22647,missing
1785861069,22655,ok
1785861069,22651,missing
1785861069,22662,ok
1785861069,22650,missing
1785861070,22653,missing
1785861070,22649,missing
1785861070,22667,ok
1785861071,22637,missing
1785861071,22652,missing
1785861071,22656,missing
1785861071,22658,missing
1785861071,22659,missing
1785861072,22671,ok
1785861072,22660,missing
1785861072,22674,ok
1785861072,22663,missing
1785861072,22661,missing
1785861072,22664,missing
1785861073,22666,missing
1785861073,22657,missing
1785861073,22665,missing
1785861073,22680,ok
1785861073,22668,missing
1785861073,22670,missing
1785861073,22681,ok
1785861073,22669,missing
1785861074,22673,missing
1785861074,22672,missing
1785861075,22675,missing
1785861075,22677,missing
1785861075,22654,missing
1785861076,22679,missing
1785861076,22678,missing
1785861076,22686,missing
1785861077,22688,missing
1785861077,22684,missing
1785861077,22682,missing
1785861077,22676,missing
1785861077,22687,missing
1785861078,22689,missing
1785861078,22685,missing
1785861078,22693,missing
1785861079,22690,missing
1785861079,22692,missing
1785861079,22691,missing
1785861079,22695,missing
1785861079,22696,missing
1785861079,22705,ok
1785861081,22699,missing
1785861081,22700,missing
1785861081,22697,missing
1785861081,22694,missing
1785861081,22702,missing
1785861082,22701,missing
1785861082,22703,missing
1785861082,22698,missing
1785861082,22704,missing
1785861082,22706,missing
1785861082,22708,missing
1785861083,22711,missing
1785861083,22707,missing
1785861083,22709,missing
1785861084,22710,missing
1785861084,22723,ok
1785861085,22726,ok
1785861085,22712,missing
1785861085,22715,missing
1785861085,22716,missing
1785861085,22714,missing
1785861085,22718,missing
1785861085,22713,missing
1785861085,22720,missing
1785861086,22717,missing
1785861086,22721,missing
1785861086,22719,missing
1785861086,22722,missing
1785861087,22734,ok
1785861087,22724,missing
1785861087,22725,missing
1785861088,22730,missing
1785861088,22732,missing
1785861088,22729,missing
1785861088,22731,missing
1785861088,22733,missing
1785861088,22728,missing
